#
# There is insufficient memory for the Java Runtime Environment to continue.
# Native memory allocation (mmap) failed to map 7913472 bytes. Error detail: G1 virtual space
# Possible reasons:
#   The system is out of physical RAM or swap space
#   This process is running with CompressedOops enabled, and the Java Heap may be blocking the growth of the native heap
# Possible solutions:
#   Reduce memory load on the system
#   Increase physical memory or swap space
#   Check if swap backing store is full
#   Decrease Java heap size (-Xmx/-Xms)
#   Decrease number of Java threads
#   Decrease Java thread stack sizes (-Xss)
#   Set larger code cache with -XX:ReservedCodeCacheSize=
#   JVM is running with Unscaled Compressed Oops mode in which the Java heap is
#     placed in the first 4GB address space. The Java Heap base address is the
#     maximum limit for the native heap growth. Please use -XX:HeapBaseMinAddress
#     to set the Java Heap base and to place the Java Heap above 4GB virtual address.
# This output file may be truncated or incomplete.
#
#  Out of Memory Error (os_windows.cpp:3828), pid=6540, tid=36220
#
# JRE version: OpenJDK Runtime Environment (21.0.4) (build 21.0.4+-12508038-b607.1)
# Java VM: OpenJDK 64-Bit Server VM (21.0.4+-12508038-b607.1, mixed mode, tiered, compressed oops, compressed class ptrs, g1 gc, windows-amd64)
# No core dump will be written. Minidumps are not enabled by default on client versions of Windows
#

---------------  S U M M A R Y ------------

Command Line: --add-opens=java.base/java.util=ALL-UNNAMED --add-opens=java.base/java.lang=ALL-UNNAMED --add-opens=java.base/java.lang.invoke=ALL-UNNAMED --add-opens=java.prefs/java.util.prefs=ALL-UNNAMED --add-exports=jdk.compiler/com.sun.tools.javac.api=ALL-UNNAMED --add-exports=jdk.compiler/com.sun.tools.javac.util=ALL-UNNAMED --add-opens=java.base/java.nio.charset=ALL-UNNAMED --add-opens=java.base/java.net=ALL-UNNAMED --add-opens=java.base/java.util.concurrent.atomic=ALL-UNNAMED -Xmx2048m -Dfile.encoding=UTF-8 -Duser.country=DZ -Duser.language=ar -Duser.variant -javaagent:C:\Users\HP I7\.gradle\wrapper\dists\gradle-8.10.2-bin\a04bxjujx95o3nb99gddekhwo\gradle-8.10.2\lib\agents\gradle-instrumentation-agent-8.10.2.jar org.gradle.launcher.daemon.bootstrap.GradleDaemon 8.10.2

Host: Intel(R) Core(TM) i7-4800MQ CPU @ 2.70GHz, 8 cores, 7G,  Windows 10 , 64 bit Build 19041 (10.0.19041.1889)
Time: Tue May  6 13:57:19 2025  Windows 10 , 64 bit Build 19041 (10.0.19041.1889) elapsed time: 27.556894 seconds (0d 0h 0m 27s)

---------------  T H R E A D  ---------------

Current thread (0x0000020339d57e50):  VMThread "VM Thread"          [id=36220, stack(0x000000a6e2200000,0x000000a6e2300000) (1024K)]

Stack: [0x000000a6e2200000,0x000000a6e2300000]
Native frames: (J=compiled Java code, j=interpreted, Vv=VM code, C=native code)
V  [jvm.dll+0x6ce539]
V  [jvm.dll+0x85bf03]
V  [jvm.dll+0x85e45e]
V  [jvm.dll+0x85eb43]
V  [jvm.dll+0x27dd06]
V  [jvm.dll+0x6cada5]
V  [jvm.dll+0x6bf27a]
V  [jvm.dll+0x3541fb]
V  [jvm.dll+0x35be36]
V  [jvm.dll+0x3adbdb]
V  [jvm.dll+0x3ade98]
V  [jvm.dll+0x32691c]
V  [jvm.dll+0x3269a7]
V  [jvm.dll+0x36c78c]
V  [jvm.dll+0x36af3e]
V  [jvm.dll+0x326071]
V  [jvm.dll+0x36a650]
V  [jvm.dll+0x8648c8]
V  [jvm.dll+0x865c44]
V  [jvm.dll+0x866180]
V  [jvm.dll+0x866413]
V  [jvm.dll+0x804418]
V  [jvm.dll+0x6cce0d]
C  [ucrtbase.dll+0x21bb2]
C  [KERNEL32.DLL+0x17034]
C  [ntdll.dll+0x526a1]

VM_Operation (0x000000a6e90fd5f0): G1CollectForAllocation, mode: safepoint, requested by thread 0x00000203445601c0


---------------  P R O C E S S  ---------------

Threads class SMR info:
_java_thread_list=0x000002033f20fb90, length=151, elements={
0x0000020322632600, 0x000002033e08c920, 0x000002033e08d380, 0x000002033e0779e0,
0x000002033e078050, 0x000002033e0a3550, 0x000002033e0a3bc0, 0x000002033e08e6e0,
0x000002033e074530, 0x000002033e1dc850, 0x000002033e3835c0, 0x000002033fb560b0,
0x000002033f4512d0, 0x000002033f530310, 0x000002033fb9ad10, 0x000002033fe49c50,
0x000002033f6520f0, 0x000002033f652e10, 0x000002033f652780, 0x000002033f650020,
0x000002033f6506b0, 0x000002033f650d40, 0x000002033f6513d0, 0x000002033f651a60,
0x0000020341ca6380, 0x0000020341cab8d0, 0x0000020341ca6a10, 0x0000020341cab240,
0x0000020341ca7dc0, 0x0000020341caa520, 0x0000020341ca7730, 0x0000020341ca8ae0,
0x000002034094e010, 0x000002034094d2f0, 0x000002034094cc60, 0x000002034094b220,
0x000002034094bf40, 0x000002034094ed30, 0x000002034094d980, 0x0000020340949150,
0x000002034094a500, 0x00000203409497e0, 0x000002034094f3c0, 0x000002034094ab90,
0x000002034094fa50, 0x000002034094b8b0, 0x0000020340948ac0, 0x00000203409500e0,
0x000002034137c7b0, 0x000002034137a050, 0x000002034137d4d0, 0x0000020341378610,
0x000002034137e1f0, 0x000002034137f5a0, 0x000002034137db60, 0x000002034137ad70,
0x000002034137e880, 0x000002034137b400, 0x000002034137ef10, 0x000002034137ce40,
0x000002034137ba90, 0x000002034137c120, 0x0000020341379330, 0x0000020341378ca0,
0x00000203413799c0, 0x000002034137a6e0, 0x00000203405f3360, 0x00000203405f0570,
0x00000203405f2640, 0x00000203405f4710, 0x00000203405f4da0, 0x00000203405f1920,
0x00000203405f2cd0, 0x00000203405f39f0, 0x00000203405ee4a0, 0x00000203407bb2e0,
0x00000203405f1290, 0x000002033e404f90, 0x00000203465db1b0, 0x00000203465da490,
0x00000203465de630, 0x00000203465decc0, 0x00000203465df350, 0x00000203465e0070,
0x00000203465db840, 0x00000203465d9770, 0x00000203465d9e00, 0x00000203465dd910,
0x000002033e401b10, 0x0000020342a4faa0, 0x0000020342a4ed80, 0x0000020342a4d9d0,
0x0000020342a50e50, 0x0000020342a51b70, 0x000002034455ee10, 0x000002034455fb30,
0x000002034455e0f0, 0x000002034455cd40, 0x000002034455f4a0, 0x0000020344560ee0,
0x0000020344561c00, 0x000002034455c6b0, 0x00000203445601c0, 0x000002034455e780,
0x000002034455c020, 0x000002034455b990, 0x000002034455d3d0, 0x000002034455da60,
0x00000203465fc830, 0x00000203465fd550, 0x00000203465f65c0, 0x00000203465f8d20,
0x00000203465fdbe0, 0x00000203465f93b0, 0x00000203465f9a40, 0x00000203465fa0d0,
0x00000203465f6c50, 0x0000020346602410, 0x00000203465f72e0, 0x00000203465fa760,
0x00000203465f58a0, 0x00000203465f7970, 0x00000203465f8690, 0x00000203465f5f30,
0x00000203465fadf0, 0x00000203465fbb10, 0x00000203465f4b80, 0x00000203465fc1a0,
0x00000203465f5210, 0x0000020346603e50, 0x00000203465ffcb0, 0x0000020346601d80,
0x0000020346602aa0, 0x00000203465fcec0, 0x00000203465fe900, 0x00000203465f8000,
0x000002034094e6a0, 0x000002033e4000d0, 0x0000020341377f80, 0x00000203465df9e0,
0x00000203405f4080, 0x0000020344f00d10, 0x0000020344efcb70, 0x0000020344efbe50,
0x0000020344eff2d0, 0x0000020344f02750, 0x0000020344f02de0, 0x0000020344f020c0,
0x0000020344f00680, 0x0000020344effff0, 0x0000020344f03470
}

Java Threads: ( => current thread )
  0x0000020322632600 JavaThread "main"                              [_thread_blocked, id=30696, stack(0x000000a6e1b00000,0x000000a6e1c00000) (1024K)]
  0x000002033e08c920 JavaThread "Reference Handler"          daemon [_thread_blocked, id=29732, stack(0x000000a6e2300000,0x000000a6e2400000) (1024K)]
  0x000002033e08d380 JavaThread "Finalizer"                  daemon [_thread_blocked, id=27716, stack(0x000000a6e2400000,0x000000a6e2500000) (1024K)]
  0x000002033e0779e0 JavaThread "Signal Dispatcher"          daemon [_thread_blocked, id=27000, stack(0x000000a6e2500000,0x000000a6e2600000) (1024K)]
  0x000002033e078050 JavaThread "Attach Listener"            daemon [_thread_blocked, id=15684, stack(0x000000a6e2600000,0x000000a6e2700000) (1024K)]
  0x000002033e0a3550 JavaThread "Service Thread"             daemon [_thread_blocked, id=25444, stack(0x000000a6e2700000,0x000000a6e2800000) (1024K)]
  0x000002033e0a3bc0 JavaThread "Monitor Deflation Thread"   daemon [_thread_blocked, id=23224, stack(0x000000a6e2800000,0x000000a6e2900000) (1024K)]
  0x000002033e08e6e0 JavaThread "C2 CompilerThread0"         daemon [_thread_in_native, id=29256, stack(0x000000a6e2900000,0x000000a6e2a00000) (1024K)]
  0x000002033e074530 JavaThread "C1 CompilerThread0"         daemon [_thread_blocked, id=26524, stack(0x000000a6e2a00000,0x000000a6e2b00000) (1024K)]
  0x000002033e1dc850 JavaThread "Common-Cleaner"             daemon [_thread_blocked, id=25140, stack(0x000000a6e2b00000,0x000000a6e2c00000) (1024K)]
  0x000002033e3835c0 JavaThread "Notification Thread"        daemon [_thread_blocked, id=25160, stack(0x000000a6e2c00000,0x000000a6e2d00000) (1024K)]
  0x000002033fb560b0 JavaThread "Daemon health stats"               [_thread_blocked, id=3576, stack(0x000000a6e3400000,0x000000a6e3500000) (1024K)]
  0x000002033f4512d0 JavaThread "Incoming local TCP Connector on port 57955"        [_thread_in_native, id=16016, stack(0x000000a6e3500000,0x000000a6e3600000) (1024K)]
  0x000002033f530310 JavaThread "Daemon periodic checks"            [_thread_blocked, id=10884, stack(0x000000a6e3600000,0x000000a6e3700000) (1024K)]
  0x000002033fb9ad10 JavaThread "Daemon"                            [_thread_blocked, id=21768, stack(0x000000a6e3700000,0x000000a6e3800000) (1024K)]
  0x000002033fe49c50 JavaThread "Handler for socket connection from /127.0.0.1:57955 to /127.0.0.1:57956"        [_thread_in_native, id=31880, stack(0x000000a6e3800000,0x000000a6e3900000) (1024K)]
  0x000002033f6520f0 JavaThread "Cancel handler"                    [_thread_blocked, id=12084, stack(0x000000a6e3900000,0x000000a6e3a00000) (1024K)]
  0x000002033f652e10 JavaThread "Daemon worker"                     [_thread_blocked, id=30960, stack(0x000000a6e3a00000,0x000000a6e3b00000) (1024K)]
  0x000002033f652780 JavaThread "Asynchronous log dispatcher for DefaultDaemonConnection: socket connection from /127.0.0.1:57955 to /127.0.0.1:57956"        [_thread_blocked, id=26220, stack(0x000000a6e3b00000,0x000000a6e3c00000) (1024K)]
  0x000002033f650020 JavaThread "Stdin handler"                     [_thread_blocked, id=20424, stack(0x000000a6e3c00000,0x000000a6e3d00000) (1024K)]
  0x000002033f6506b0 JavaThread "Daemon client event forwarder"        [_thread_blocked, id=14104, stack(0x000000a6e3d00000,0x000000a6e3e00000) (1024K)]
  0x000002033f650d40 JavaThread "Cache worker for journal cache (C:\Users\HP I7\.gradle\caches\journal-1)"        [_thread_blocked, id=24672, stack(0x000000a6e4100000,0x000000a6e4200000) (1024K)]
  0x000002033f6513d0 JavaThread "File lock request listener"        [_thread_in_native, id=22968, stack(0x000000a6e4200000,0x000000a6e4300000) (1024K)]
  0x000002033f651a60 JavaThread "Cache worker for file hash cache (C:\Users\HP I7\.gradle\caches\8.10.2\fileHashes)"        [_thread_blocked, id=3176, stack(0x000000a6e4300000,0x000000a6e4400000) (1024K)]
  0x0000020341ca6380 JavaThread "Cache worker for file hash cache (D:\Final Task\.gradle\8.10.2\fileHashes)"        [_thread_blocked, id=32216, stack(0x000000a6e4400000,0x000000a6e4500000) (1024K)]
  0x0000020341cab8d0 JavaThread "Cache worker for Build Output Cleanup Cache (D:\Final Task\.gradle\buildOutputCleanup)"        [_thread_blocked, id=10080, stack(0x000000a6e4500000,0x000000a6e4600000) (1024K)]
  0x0000020341ca6a10 JavaThread "File watcher server"        daemon [_thread_blocked, id=30972, stack(0x000000a6e4600000,0x000000a6e4700000) (1024K)]
  0x0000020341cab240 JavaThread "File watcher consumer"      daemon [_thread_blocked, id=27316, stack(0x000000a6e4700000,0x000000a6e4800000) (1024K)]
  0x0000020341ca7dc0 JavaThread "Cache worker for checksums cache (D:\Final Task\.gradle\8.10.2\checksums)"        [_thread_blocked, id=37324, stack(0x000000a6e4800000,0x000000a6e4900000) (1024K)]
  0x0000020341caa520 JavaThread "Cache worker for file content cache (C:\Users\HP I7\.gradle\caches\8.10.2\fileContent)"        [_thread_blocked, id=35012, stack(0x000000a6e4900000,0x000000a6e4a00000) (1024K)]
  0x0000020341ca7730 JavaThread "Cache worker for cache directory md-rule (C:\Users\HP I7\.gradle\caches\8.10.2\md-rule)"        [_thread_blocked, id=2924, stack(0x000000a6e4a00000,0x000000a6e4b00000) (1024K)]
  0x0000020341ca8ae0 JavaThread "Cache worker for cache directory md-supplier (C:\Users\HP I7\.gradle\caches\8.10.2\md-supplier)"        [_thread_blocked, id=27632, stack(0x000000a6e4b00000,0x000000a6e4c00000) (1024K)]
  0x000002034094e010 JavaThread "Unconstrained build operations"        [_thread_blocked, id=32140, stack(0x000000a6e4c00000,0x000000a6e4d00000) (1024K)]
  0x000002034094d2f0 JavaThread "Unconstrained build operations Thread 2"        [_thread_blocked, id=17688, stack(0x000000a6e4d00000,0x000000a6e4e00000) (1024K)]
  0x000002034094cc60 JavaThread "Unconstrained build operations Thread 3"        [_thread_blocked, id=6052, stack(0x000000a6e4e00000,0x000000a6e4f00000) (1024K)]
  0x000002034094b220 JavaThread "Unconstrained build operations Thread 4"        [_thread_blocked, id=31944, stack(0x000000a6e4f00000,0x000000a6e5000000) (1024K)]
  0x000002034094bf40 JavaThread "Unconstrained build operations Thread 5"        [_thread_blocked, id=37044, stack(0x000000a6e5000000,0x000000a6e5100000) (1024K)]
  0x000002034094ed30 JavaThread "Unconstrained build operations Thread 6"        [_thread_blocked, id=29988, stack(0x000000a6e5100000,0x000000a6e5200000) (1024K)]
  0x000002034094d980 JavaThread "Unconstrained build operations Thread 7"        [_thread_blocked, id=18320, stack(0x000000a6e5200000,0x000000a6e5300000) (1024K)]
  0x0000020340949150 JavaThread "Unconstrained build operations Thread 8"        [_thread_blocked, id=25984, stack(0x000000a6e5300000,0x000000a6e5400000) (1024K)]
  0x000002034094a500 JavaThread "Unconstrained build operations Thread 9"        [_thread_blocked, id=24764, stack(0x000000a6e5400000,0x000000a6e5500000) (1024K)]
  0x00000203409497e0 JavaThread "Unconstrained build operations Thread 10"        [_thread_blocked, id=30468, stack(0x000000a6e5500000,0x000000a6e5600000) (1024K)]
  0x000002034094f3c0 JavaThread "Unconstrained build operations Thread 11"        [_thread_blocked, id=1644, stack(0x000000a6e5600000,0x000000a6e5700000) (1024K)]
  0x000002034094ab90 JavaThread "Unconstrained build operations Thread 12"        [_thread_blocked, id=4656, stack(0x000000a6e5700000,0x000000a6e5800000) (1024K)]
  0x000002034094fa50 JavaThread "Unconstrained build operations Thread 13"        [_thread_blocked, id=18836, stack(0x000000a6e5800000,0x000000a6e5900000) (1024K)]
  0x000002034094b8b0 JavaThread "Unconstrained build operations Thread 14"        [_thread_blocked, id=38548, stack(0x000000a6e5900000,0x000000a6e5a00000) (1024K)]
  0x0000020340948ac0 JavaThread "Unconstrained build operations Thread 15"        [_thread_blocked, id=20568, stack(0x000000a6e5a00000,0x000000a6e5b00000) (1024K)]
  0x00000203409500e0 JavaThread "Unconstrained build operations Thread 16"        [_thread_blocked, id=29516, stack(0x000000a6e5b00000,0x000000a6e5c00000) (1024K)]
  0x000002034137c7b0 JavaThread "Unconstrained build operations Thread 17"        [_thread_blocked, id=28376, stack(0x000000a6e5c00000,0x000000a6e5d00000) (1024K)]
  0x000002034137a050 JavaThread "Unconstrained build operations Thread 18"        [_thread_blocked, id=25672, stack(0x000000a6e5d00000,0x000000a6e5e00000) (1024K)]
  0x000002034137d4d0 JavaThread "Unconstrained build operations Thread 19"        [_thread_blocked, id=38624, stack(0x000000a6e5e00000,0x000000a6e5f00000) (1024K)]
  0x0000020341378610 JavaThread "Unconstrained build operations Thread 20"        [_thread_blocked, id=20644, stack(0x000000a6e5f00000,0x000000a6e6000000) (1024K)]
  0x000002034137e1f0 JavaThread "Unconstrained build operations Thread 21"        [_thread_blocked, id=21592, stack(0x000000a6e6000000,0x000000a6e6100000) (1024K)]
  0x000002034137f5a0 JavaThread "Unconstrained build operations Thread 22"        [_thread_blocked, id=27844, stack(0x000000a6e2e00000,0x000000a6e2f00000) (1024K)]
  0x000002034137db60 JavaThread "Unconstrained build operations Thread 23"        [_thread_blocked, id=20580, stack(0x000000a6e6100000,0x000000a6e6200000) (1024K)]
  0x000002034137ad70 JavaThread "Unconstrained build operations Thread 24"        [_thread_blocked, id=13548, stack(0x000000a6e6200000,0x000000a6e6300000) (1024K)]
  0x000002034137e880 JavaThread "Unconstrained build operations Thread 25"        [_thread_blocked, id=34348, stack(0x000000a6e6300000,0x000000a6e6400000) (1024K)]
  0x000002034137b400 JavaThread "Unconstrained build operations Thread 26"        [_thread_blocked, id=17472, stack(0x000000a6e6400000,0x000000a6e6500000) (1024K)]
  0x000002034137ef10 JavaThread "Unconstrained build operations Thread 27"        [_thread_blocked, id=12268, stack(0x000000a6e6500000,0x000000a6e6600000) (1024K)]
  0x000002034137ce40 JavaThread "Unconstrained build operations Thread 28"        [_thread_blocked, id=11180, stack(0x000000a6e6600000,0x000000a6e6700000) (1024K)]
  0x000002034137ba90 JavaThread "Unconstrained build operations Thread 29"        [_thread_blocked, id=38680, stack(0x000000a6e6700000,0x000000a6e6800000) (1024K)]
  0x000002034137c120 JavaThread "Unconstrained build operations Thread 30"        [_thread_blocked, id=25808, stack(0x000000a6e6800000,0x000000a6e6900000) (1024K)]
  0x0000020341379330 JavaThread "Unconstrained build operations Thread 31"        [_thread_blocked, id=29104, stack(0x000000a6e6900000,0x000000a6e6a00000) (1024K)]
  0x0000020341378ca0 JavaThread "Unconstrained build operations Thread 32"        [_thread_blocked, id=14264, stack(0x000000a6e6a00000,0x000000a6e6b00000) (1024K)]
  0x00000203413799c0 JavaThread "Unconstrained build operations Thread 33"        [_thread_blocked, id=580, stack(0x000000a6e6b00000,0x000000a6e6c00000) (1024K)]
  0x000002034137a6e0 JavaThread "Unconstrained build operations Thread 34"        [_thread_blocked, id=20204, stack(0x000000a6e6c00000,0x000000a6e6d00000) (1024K)]
  0x00000203405f3360 JavaThread "Unconstrained build operations Thread 35"        [_thread_blocked, id=15232, stack(0x000000a6e6d00000,0x000000a6e6e00000) (1024K)]
  0x00000203405f0570 JavaThread "Unconstrained build operations Thread 36"        [_thread_blocked, id=38320, stack(0x000000a6e6e00000,0x000000a6e6f00000) (1024K)]
  0x00000203405f2640 JavaThread "Unconstrained build operations Thread 37"        [_thread_blocked, id=18296, stack(0x000000a6e6f00000,0x000000a6e7000000) (1024K)]
  0x00000203405f4710 JavaThread "Unconstrained build operations Thread 38"        [_thread_blocked, id=12148, stack(0x000000a6e7000000,0x000000a6e7100000) (1024K)]
  0x00000203405f4da0 JavaThread "Unconstrained build operations Thread 39"        [_thread_blocked, id=26640, stack(0x000000a6e7100000,0x000000a6e7200000) (1024K)]
  0x00000203405f1920 JavaThread "Unconstrained build operations Thread 40"        [_thread_blocked, id=30056, stack(0x000000a6e7200000,0x000000a6e7300000) (1024K)]
  0x00000203405f2cd0 JavaThread "Unconstrained build operations Thread 41"        [_thread_blocked, id=27164, stack(0x000000a6e7300000,0x000000a6e7400000) (1024K)]
  0x00000203405f39f0 JavaThread "Unconstrained build operations Thread 42"        [_thread_blocked, id=868, stack(0x000000a6e7400000,0x000000a6e7500000) (1024K)]
  0x00000203405ee4a0 JavaThread "build event listener"              [_thread_blocked, id=24200, stack(0x000000a6e7500000,0x000000a6e7600000) (1024K)]
  0x00000203407bb2e0 JavaThread "C2 CompilerThread1"         daemon [_thread_blocked, id=26040, stack(0x000000a6e2d00000,0x000000a6e2e00000) (1024K)]
  0x00000203405f1290 JavaThread "Memory manager"                    [_thread_blocked, id=38288, stack(0x000000a6e7600000,0x000000a6e7700000) (1024K)]
  0x000002033e404f90 JavaThread "build event listener"              [_thread_blocked, id=10608, stack(0x000000a6e7700000,0x000000a6e7800000) (1024K)]
  0x00000203465db1b0 JavaThread "included builds"                   [_thread_blocked, id=30496, stack(0x000000a6e7800000,0x000000a6e7900000) (1024K)]
  0x00000203465da490 JavaThread "Execution worker"                  [_thread_blocked, id=35048, stack(0x000000a6e7900000,0x000000a6e7a00000) (1024K)]
  0x00000203465de630 JavaThread "Execution worker Thread 2"         [_thread_blocked, id=36064, stack(0x000000a6e7a00000,0x000000a6e7b00000) (1024K)]
  0x00000203465decc0 JavaThread "Execution worker Thread 3"         [_thread_blocked, id=29944, stack(0x000000a6e7b00000,0x000000a6e7c00000) (1024K)]
  0x00000203465df350 JavaThread "Execution worker Thread 4"         [_thread_blocked, id=8116, stack(0x000000a6e7c00000,0x000000a6e7d00000) (1024K)]
  0x00000203465e0070 JavaThread "Execution worker Thread 5"         [_thread_blocked, id=23984, stack(0x000000a6e7d00000,0x000000a6e7e00000) (1024K)]
  0x00000203465db840 JavaThread "Execution worker Thread 6"         [_thread_blocked, id=24704, stack(0x000000a6e7e00000,0x000000a6e7f00000) (1024K)]
  0x00000203465d9770 JavaThread "Execution worker Thread 7"         [_thread_blocked, id=37236, stack(0x000000a6e7f00000,0x000000a6e8000000) (1024K)]
  0x00000203465d9e00 JavaThread "Cache worker for execution history cache (D:\Final Task\.gradle\8.10.2\executionHistory)"        [_thread_blocked, id=26424, stack(0x000000a6e8000000,0x000000a6e8100000) (1024K)]
  0x00000203465dd910 JavaThread "Unconstrained build operations Thread 43"        [_thread_blocked, id=35216, stack(0x000000a6e8100000,0x000000a6e8200000) (1024K)]
  0x000002033e401b10 JavaThread "Unconstrained build operations Thread 44"        [_thread_blocked, id=27832, stack(0x000000a6e8200000,0x000000a6e8300000) (1024K)]
  0x0000020342a4faa0 JavaThread "Unconstrained build operations Thread 45"        [_thread_blocked, id=17652, stack(0x000000a6e8300000,0x000000a6e8400000) (1024K)]
  0x0000020342a4ed80 JavaThread "Unconstrained build operations Thread 46"        [_thread_blocked, id=1556, stack(0x000000a6e8400000,0x000000a6e8500000) (1024K)]
  0x0000020342a4d9d0 JavaThread "Unconstrained build operations Thread 47"        [_thread_blocked, id=10476, stack(0x000000a6e8500000,0x000000a6e8600000) (1024K)]
  0x0000020342a50e50 JavaThread "Unconstrained build operations Thread 48"        [_thread_blocked, id=33316, stack(0x000000a6e8600000,0x000000a6e8700000) (1024K)]
  0x0000020342a51b70 JavaThread "Unconstrained build operations Thread 49"        [_thread_blocked, id=36484, stack(0x000000a6e8700000,0x000000a6e8800000) (1024K)]
  0x000002034455ee10 JavaThread "WorkerExecutor Queue"              [_thread_blocked, id=30604, stack(0x000000a6e8800000,0x000000a6e8900000) (1024K)]
  0x000002034455fb30 JavaThread "Unconstrained build operations Thread 50"        [_thread_blocked, id=4128, stack(0x000000a6e8900000,0x000000a6e8a00000) (1024K)]
  0x000002034455e0f0 JavaThread "Unconstrained build operations Thread 51"        [_thread_blocked, id=19868, stack(0x000000a6e8a00000,0x000000a6e8b00000) (1024K)]
  0x000002034455cd40 JavaThread "Unconstrained build operations Thread 52"        [_thread_blocked, id=24172, stack(0x000000a6e8b00000,0x000000a6e8c00000) (1024K)]
  0x000002034455f4a0 JavaThread "Unconstrained build operations Thread 53"        [_thread_blocked, id=21880, stack(0x000000a6e8c00000,0x000000a6e8d00000) (1024K)]
  0x0000020344560ee0 JavaThread "Unconstrained build operations Thread 54"        [_thread_blocked, id=2640, stack(0x000000a6e8d00000,0x000000a6e8e00000) (1024K)]
  0x0000020344561c00 JavaThread "Unconstrained build operations Thread 55"        [_thread_blocked, id=31368, stack(0x000000a6e8e00000,0x000000a6e8f00000) (1024K)]
  0x000002034455c6b0 JavaThread "Unconstrained build operations Thread 56"        [_thread_blocked, id=19248, stack(0x000000a6e8f00000,0x000000a6e9000000) (1024K)]
  0x00000203445601c0 JavaThread "WorkerExecutor Queue Thread 2"        [_thread_blocked, id=14948, stack(0x000000a6e9000000,0x000000a6e9100000) (1024K)]
  0x000002034455e780 JavaThread "WorkerExecutor Queue Thread 4"        [_thread_blocked, id=9624, stack(0x000000a6e9200000,0x000000a6e9300000) (1024K)]
  0x000002034455c020 JavaThread "WorkerExecutor Queue Thread 5"        [_thread_blocked, id=37148, stack(0x000000a6e9300000,0x000000a6e9400000) (1024K)]
  0x000002034455b990 JavaThread "WorkerExecutor Queue Thread 6"        [_thread_in_native, id=23656, stack(0x000000a6e9400000,0x000000a6e9500000) (1024K)]
  0x000002034455d3d0 JavaThread "WorkerExecutor Queue Thread 7"        [_thread_blocked, id=32152, stack(0x000000a6e9500000,0x000000a6e9600000) (1024K)]
  0x000002034455da60 JavaThread "WorkerExecutor Queue Thread 8"        [_thread_blocked, id=8816, stack(0x000000a6e9600000,0x000000a6e9700000) (1024K)]
  0x00000203465fc830 JavaThread "Unconstrained build operations Thread 57"        [_thread_blocked, id=31736, stack(0x000000a6e9700000,0x000000a6e9800000) (1024K)]
  0x00000203465fd550 JavaThread "Unconstrained build operations Thread 58"        [_thread_blocked, id=632, stack(0x000000a6e9800000,0x000000a6e9900000) (1024K)]
  0x00000203465f65c0 JavaThread "Unconstrained build operations Thread 59"        [_thread_blocked, id=29660, stack(0x000000a6e9900000,0x000000a6e9a00000) (1024K)]
  0x00000203465f8d20 JavaThread "Unconstrained build operations Thread 60"        [_thread_blocked, id=29852, stack(0x000000a6e9a00000,0x000000a6e9b00000) (1024K)]
  0x00000203465fdbe0 JavaThread "Unconstrained build operations Thread 61"        [_thread_blocked, id=25548, stack(0x000000a6e9b00000,0x000000a6e9c00000) (1024K)]
  0x00000203465f93b0 JavaThread "Unconstrained build operations Thread 62"        [_thread_blocked, id=33796, stack(0x000000a6e9c00000,0x000000a6e9d00000) (1024K)]
  0x00000203465f9a40 JavaThread "Unconstrained build operations Thread 63"        [_thread_blocked, id=31396, stack(0x000000a6e9d00000,0x000000a6e9e00000) (1024K)]
  0x00000203465fa0d0 JavaThread "Unconstrained build operations Thread 64"        [_thread_blocked, id=27008, stack(0x000000a6e9e00000,0x000000a6e9f00000) (1024K)]
  0x00000203465f6c50 JavaThread "Unconstrained build operations Thread 65"        [_thread_blocked, id=34340, stack(0x000000a6e9f00000,0x000000a6ea000000) (1024K)]
  0x0000020346602410 JavaThread "Unconstrained build operations Thread 66"        [_thread_blocked, id=22396, stack(0x000000a6ea000000,0x000000a6ea100000) (1024K)]
  0x00000203465f72e0 JavaThread "Unconstrained build operations Thread 67"        [_thread_blocked, id=17136, stack(0x000000a6ea100000,0x000000a6ea200000) (1024K)]
  0x00000203465fa760 JavaThread "Unconstrained build operations Thread 68"        [_thread_blocked, id=11028, stack(0x000000a6ea200000,0x000000a6ea300000) (1024K)]
  0x00000203465f58a0 JavaThread "Unconstrained build operations Thread 69"        [_thread_blocked, id=34016, stack(0x000000a6ea300000,0x000000a6ea400000) (1024K)]
  0x00000203465f7970 JavaThread "Unconstrained build operations Thread 70"        [_thread_blocked, id=30192, stack(0x000000a6ea400000,0x000000a6ea500000) (1024K)]
  0x00000203465f8690 JavaThread "Unconstrained build operations Thread 71"        [_thread_blocked, id=21284, stack(0x000000a6ea500000,0x000000a6ea600000) (1024K)]
  0x00000203465f5f30 JavaThread "Unconstrained build operations Thread 72"        [_thread_blocked, id=21244, stack(0x000000a6ea600000,0x000000a6ea700000) (1024K)]
  0x00000203465fadf0 JavaThread "Unconstrained build operations Thread 73"        [_thread_blocked, id=22068, stack(0x000000a6ea700000,0x000000a6ea800000) (1024K)]
  0x00000203465fbb10 JavaThread "Unconstrained build operations Thread 74"        [_thread_blocked, id=28708, stack(0x000000a6ea800000,0x000000a6ea900000) (1024K)]
  0x00000203465f4b80 JavaThread "Unconstrained build operations Thread 75"        [_thread_blocked, id=4824, stack(0x000000a6ea900000,0x000000a6eaa00000) (1024K)]
  0x00000203465fc1a0 JavaThread "Unconstrained build operations Thread 76"        [_thread_blocked, id=36820, stack(0x000000a6eaa00000,0x000000a6eab00000) (1024K)]
  0x00000203465f5210 JavaThread "Unconstrained build operations Thread 77"        [_thread_blocked, id=30300, stack(0x000000a6eab00000,0x000000a6eac00000) (1024K)]
  0x0000020346603e50 JavaThread "Unconstrained build operations Thread 78"        [_thread_blocked, id=36236, stack(0x000000a6eac00000,0x000000a6ead00000) (1024K)]
  0x00000203465ffcb0 JavaThread "Unconstrained build operations Thread 79"        [_thread_blocked, id=31348, stack(0x000000a6ead00000,0x000000a6eae00000) (1024K)]
  0x0000020346601d80 JavaThread "Unconstrained build operations Thread 80"        [_thread_blocked, id=24120, stack(0x000000a6eae00000,0x000000a6eaf00000) (1024K)]
  0x0000020346602aa0 JavaThread "WorkerExecutor Queue Thread 9"        [_thread_blocked, id=36176, stack(0x000000a6eaf00000,0x000000a6eb000000) (1024K)]
  0x00000203465fcec0 JavaThread "pool-3-thread-1"                   [_thread_blocked, id=29740, stack(0x000000a6eb000000,0x000000a6eb100000) (1024K)]
  0x00000203465fe900 JavaThread "stderr"                            [_thread_in_native, id=35912, stack(0x000000a6eb100000,0x000000a6eb200000) (1024K)]
  0x00000203465f8000 JavaThread "stdout"                            [_thread_in_native, id=27996, stack(0x000000a6eb200000,0x000000a6eb300000) (1024K)]
  0x000002034094e6a0 JavaThread "ForkJoinPool-1-worker-1"    daemon [_thread_blocked, id=25572, stack(0x000000a6e9100000,0x000000a6e9200000) (1024K)]
  0x000002033e4000d0 JavaThread "ForkJoinPool-1-worker-2"    daemon [_thread_blocked, id=18452, stack(0x000000a6eb300000,0x000000a6eb400000) (1024K)]
  0x0000020341377f80 JavaThread "ForkJoinPool-1-worker-3"    daemon [_thread_blocked, id=20040, stack(0x000000a6eb400000,0x000000a6eb500000) (1024K)]
  0x00000203465df9e0 JavaThread "ForkJoinPool-1-worker-4"    daemon [_thread_blocked, id=7528, stack(0x000000a6eb500000,0x000000a6eb600000) (1024K)]
  0x00000203405f4080 JavaThread "ForkJoinPool-1-worker-5"    daemon [_thread_blocked, id=23680, stack(0x000000a6eb600000,0x000000a6eb700000) (1024K)]
  0x0000020344f00d10 JavaThread "ForkJoinPool-1-worker-6"    daemon [_thread_blocked, id=30548, stack(0x000000a6eb700000,0x000000a6eb800000) (1024K)]
  0x0000020344efcb70 JavaThread "ForkJoinPool-1-worker-7"    daemon [_thread_blocked, id=26396, stack(0x000000a6eb800000,0x000000a6eb900000) (1024K)]
  0x0000020344efbe50 JavaThread "ForkJoinPool-1-worker-8"    daemon [_thread_blocked, id=28940, stack(0x000000a6eb900000,0x000000a6eba00000) (1024K)]
  0x0000020344eff2d0 JavaThread "RMI Scheduler(0)"           daemon [_thread_blocked, id=16964, stack(0x000000a6eba00000,0x000000a6ebb00000) (1024K)]
  0x0000020344f02750 JavaThread "RMI RenewClean-[127.0.0.1:17083,org.jetbrains.kotlin.daemon.common.LoopbackNetworkInterface$ClientLoopbackSocketFactory@7dc5e500]" daemon [_thread_blocked, id=36520, stack(0x000000a6ebb00000,0x000000a6ebc00000) (1024K)]
  0x0000020344f02de0 JavaThread "RMI GC Daemon"              daemon [_thread_blocked, id=8360, stack(0x000000a6ebc00000,0x000000a6ebd00000) (1024K)]
  0x0000020344f020c0 JavaThread "RMI TCP Accept-0"           daemon [_thread_in_native, id=27988, stack(0x000000a6ebd00000,0x000000a6ebe00000) (1024K)]
  0x0000020344f00680 JavaThread "RMI Reaper"                        [_thread_blocked, id=27544, stack(0x000000a6ebe00000,0x000000a6ebf00000) (1024K)]
  0x0000020344effff0 JavaThread "RMI TCP Connection(1)-127.0.0.1" daemon [_thread_in_native, id=14568, stack(0x000000a6ebf00000,0x000000a6ec000000) (1024K)]
  0x0000020344f03470 JavaThread "WorkerExecutor Queue Thread 10"        [_thread_blocked, id=37524, stack(0x000000a6ec000000,0x000000a6ec100000) (1024K)]
Total: 151

Other Threads:
=>0x0000020339d57e50 VMThread "VM Thread"                           [id=36220, stack(0x000000a6e2200000,0x000000a6e2300000) (1024K)]
  0x0000020339cf69b0 WatcherThread "VM Periodic Task Thread"        [id=21500, stack(0x000000a6e2100000,0x000000a6e2200000) (1024K)]
  0x000002032268c240 WorkerThread "GC Thread#0"                     [id=9288, stack(0x000000a6e1c00000,0x000000a6e1d00000) (1024K)]
  0x000002033e603be0 WorkerThread "GC Thread#1"                     [id=18480, stack(0x000000a6e2f00000,0x000000a6e3000000) (1024K)]
  0x000002033e65c4a0 WorkerThread "GC Thread#2"                     [id=33964, stack(0x000000a6e3000000,0x000000a6e3100000) (1024K)]
  0x000002033f1db600 WorkerThread "GC Thread#3"                     [id=900, stack(0x000000a6e3100000,0x000000a6e3200000) (1024K)]
  0x000002033f1db9a0 WorkerThread "GC Thread#4"                     [id=35632, stack(0x000000a6e3200000,0x000000a6e3300000) (1024K)]
  0x000002033f656da0 WorkerThread "GC Thread#5"                     [id=9404, stack(0x000000a6e3300000,0x000000a6e3400000) (1024K)]
  0x00000203401d5f70 WorkerThread "GC Thread#6"                     [id=31924, stack(0x000000a6e3e00000,0x000000a6e3f00000) (1024K)]
  0x000002034007ba60 WorkerThread "GC Thread#7"                     [id=3820, stack(0x000000a6e3f00000,0x000000a6e4000000) (1024K)]
  0x00000203226db010 ConcurrentGCThread "G1 Main Marker"            [id=2932, stack(0x000000a6e1d00000,0x000000a6e1e00000) (1024K)]
  0x00000203226dc1c0 WorkerThread "G1 Conc#0"                       [id=26440, stack(0x000000a6e1e00000,0x000000a6e1f00000) (1024K)]
  0x00000203400718d0 WorkerThread "G1 Conc#1"                       [id=36476, stack(0x000000a6e4000000,0x000000a6e4100000) (1024K)]
  0x000002032270e2f0 ConcurrentGCThread "G1 Refine#0"               [id=11712, stack(0x000000a6e1f00000,0x000000a6e2000000) (1024K)]
  0x0000020339bbd150 ConcurrentGCThread "G1 Service"                [id=38468, stack(0x000000a6e2000000,0x000000a6e2100000) (1024K)]
Total: 15

Threads with active compile tasks:
C2 CompilerThread0    27630 20588 %     4       com.android.tools.r8.dex.C::a @ 42 (997 bytes)
C2 CompilerThread1    27630 20618 % !   4       com.android.tools.r8.dex.C::k @ 99 (2698 bytes)
Total: 2

VM state: at safepoint (normal execution)

VM Mutex/Monitor currently owned by a thread:  ([mutex/lock_event])
[0x00007ffe2afa72f8] Threads_lock - owner thread: 0x0000020339d57e50
[0x00007ffe2afa73f8] Heap_lock - owner thread: 0x00000203445601c0

Heap address: 0x0000000080000000, size: 2048 MB, Compressed Oops mode: 32-bit

CDS archive(s) not mapped
Compressed class space mapped at: 0x0000000100000000-0x0000000140000000, reserved size: 1073741824
Narrow klass base: 0x0000000000000000, Narrow klass shift: 3, Narrow klass range: 0x140000000

GC Precious Log:
 CardTable entry size: 512
 Card Set container configuration: InlinePtr #cards 5 size 8 Array Of Cards #cards 12 size 40 Howl #buckets 4 coarsen threshold 1843 Howl Bitmap #cards 512 size 80 coarsen threshold 460 Card regions per heap region 1 cards per card region 2048
 CPUs: 8 total, 8 available
 Memory: 8089M
 Large Page Support: Disabled
 NUMA Support: Disabled
 Compressed Oops: Enabled (32-bit)
 Heap Region Size: 1M
 Heap Min Capacity: 8M
 Heap Initial Capacity: 128M
 Heap Max Capacity: 2G
 Pre-touch: Disabled
 Parallel Workers: 8
 Concurrent Workers: 2
 Concurrent Refinement Workers: 8
 Periodic GC: Disabled

Heap:
 garbage-first heap   total 617472K, used 463848K [0x0000000080000000, 0x0000000100000000)
  region size 1024K, 13 young (13312K), 13 survivors (13312K)
 Metaspace       used 138861K, committed 141248K, reserved 1179648K
  class space    used 18616K, committed 19840K, reserved 1048576K

Heap Regions: E=young(eden), S=young(survivor), O=old, HS=humongous(starts), HC=humongous(continues), CS=collection set, F=free, TAMS=top-at-mark-start, PB=parsable bottom
|   0|0x0000000080000000, 0x0000000080100000, 0x0000000080100000|100%| O|  |TAMS 0x0000000080100000| PB 0x0000000080000000| Untracked 
|   1|0x0000000080100000, 0x0000000080200000, 0x0000000080200000|100%|HS|  |TAMS 0x0000000080200000| PB 0x0000000080100000| Complete 
|   2|0x0000000080200000, 0x0000000080300000, 0x0000000080300000|100%|HC|  |TAMS 0x0000000080300000| PB 0x0000000080200000| Complete 
|   3|0x0000000080300000, 0x0000000080400000, 0x0000000080400000|100%|HC|  |TAMS 0x0000000080400000| PB 0x0000000080300000| Complete 
|   4|0x0000000080400000, 0x0000000080500000, 0x0000000080500000|100%|HC|  |TAMS 0x0000000080500000| PB 0x0000000080400000| Complete 
|   5|0x0000000080500000, 0x0000000080600000, 0x0000000080600000|100%| O|  |TAMS 0x0000000080600000| PB 0x0000000080500000| Untracked 
|   6|0x0000000080600000, 0x0000000080700000, 0x0000000080700000|100%| O|  |TAMS 0x0000000080700000| PB 0x0000000080600000| Untracked 
|   7|0x0000000080700000, 0x0000000080800000, 0x0000000080800000|100%| O|  |TAMS 0x0000000080800000| PB 0x0000000080700000| Untracked 
|   8|0x0000000080800000, 0x0000000080900000, 0x0000000080900000|100%|HS|  |TAMS 0x0000000080900000| PB 0x0000000080800000| Complete 
|   9|0x0000000080900000, 0x0000000080a00000, 0x0000000080a00000|100%| O|  |TAMS 0x0000000080a00000| PB 0x0000000080900000| Untracked 
|  10|0x0000000080a00000, 0x0000000080b00000, 0x0000000080b00000|100%| O|  |TAMS 0x0000000080b00000| PB 0x0000000080a00000| Untracked 
|  11|0x0000000080b00000, 0x0000000080c00000, 0x0000000080c00000|100%| O|  |TAMS 0x0000000080c00000| PB 0x0000000080b00000| Untracked 
|  12|0x0000000080c00000, 0x0000000080cfa1f0, 0x0000000080d00000| 97%| O|  |TAMS 0x0000000080cfa1f0| PB 0x0000000080c00000| Untracked 
|  13|0x0000000080d00000, 0x0000000080e00000, 0x0000000080e00000|100%| O|  |TAMS 0x0000000080e00000| PB 0x0000000080d00000| Untracked 
|  14|0x0000000080e00000, 0x0000000080f00000, 0x0000000080f00000|100%| O|  |TAMS 0x0000000080f00000| PB 0x0000000080e00000| Untracked 
|  15|0x0000000080f00000, 0x0000000081000000, 0x0000000081000000|100%| O|  |TAMS 0x0000000081000000| PB 0x0000000080f00000| Untracked 
|  16|0x0000000081000000, 0x0000000081100000, 0x0000000081100000|100%| O|  |TAMS 0x0000000081100000| PB 0x0000000081000000| Untracked 
|  17|0x0000000081100000, 0x0000000081200000, 0x0000000081200000|100%| O|  |TAMS 0x0000000081200000| PB 0x0000000081100000| Untracked 
|  18|0x0000000081200000, 0x0000000081300000, 0x0000000081300000|100%| O|  |TAMS 0x0000000081300000| PB 0x0000000081200000| Untracked 
|  19|0x0000000081300000, 0x0000000081400000, 0x0000000081400000|100%| O|  |TAMS 0x0000000081400000| PB 0x0000000081300000| Untracked 
|  20|0x0000000081400000, 0x0000000081500000, 0x0000000081500000|100%| O|  |TAMS 0x0000000081500000| PB 0x0000000081400000| Untracked 
|  21|0x0000000081500000, 0x0000000081600000, 0x0000000081600000|100%| O|  |TAMS 0x0000000081600000| PB 0x0000000081500000| Untracked 
|  22|0x0000000081600000, 0x0000000081700000, 0x0000000081700000|100%| O|  |TAMS 0x0000000081700000| PB 0x0000000081600000| Untracked 
|  23|0x0000000081700000, 0x0000000081800000, 0x0000000081800000|100%| O|  |TAMS 0x0000000081800000| PB 0x0000000081700000| Untracked 
|  24|0x0000000081800000, 0x0000000081900000, 0x0000000081900000|100%|HS|  |TAMS 0x0000000081900000| PB 0x0000000081800000| Complete 
|  25|0x0000000081900000, 0x0000000081a00000, 0x0000000081a00000|100%| O|  |TAMS 0x0000000081a00000| PB 0x0000000081900000| Untracked 
|  26|0x0000000081a00000, 0x0000000081b00000, 0x0000000081b00000|100%| O|  |TAMS 0x0000000081b00000| PB 0x0000000081a00000| Untracked 
|  27|0x0000000081b00000, 0x0000000081c00000, 0x0000000081c00000|100%| O|  |TAMS 0x0000000081c00000| PB 0x0000000081b00000| Untracked 
|  28|0x0000000081c00000, 0x0000000081d00000, 0x0000000081d00000|100%| O|  |TAMS 0x0000000081d00000| PB 0x0000000081c00000| Untracked 
|  29|0x0000000081d00000, 0x0000000081e00000, 0x0000000081e00000|100%| O|  |TAMS 0x0000000081e00000| PB 0x0000000081d00000| Untracked 
|  30|0x0000000081e00000, 0x0000000081f00000, 0x0000000081f00000|100%| O|  |TAMS 0x0000000081f00000| PB 0x0000000081e00000| Untracked 
|  31|0x0000000081f00000, 0x0000000082000000, 0x0000000082000000|100%| O|  |TAMS 0x0000000082000000| PB 0x0000000081f00000| Untracked 
|  32|0x0000000082000000, 0x0000000082100000, 0x0000000082100000|100%| O|  |TAMS 0x0000000082100000| PB 0x0000000082000000| Untracked 
|  33|0x0000000082100000, 0x0000000082200000, 0x0000000082200000|100%| O|  |TAMS 0x0000000082200000| PB 0x0000000082100000| Untracked 
|  34|0x0000000082200000, 0x0000000082300000, 0x0000000082300000|100%| O|  |TAMS 0x0000000082300000| PB 0x0000000082200000| Untracked 
|  35|0x0000000082300000, 0x0000000082400000, 0x0000000082400000|100%| O|  |TAMS 0x0000000082400000| PB 0x0000000082300000| Untracked 
|  36|0x0000000082400000, 0x0000000082500000, 0x0000000082500000|100%| O|  |TAMS 0x0000000082500000| PB 0x0000000082400000| Untracked 
|  37|0x0000000082500000, 0x0000000082600000, 0x0000000082600000|100%| O|  |TAMS 0x0000000082600000| PB 0x0000000082500000| Untracked 
|  38|0x0000000082600000, 0x0000000082700000, 0x0000000082700000|100%|HS|  |TAMS 0x0000000082700000| PB 0x0000000082600000| Complete 
|  39|0x0000000082700000, 0x0000000082800000, 0x0000000082800000|100%| O|  |TAMS 0x0000000082800000| PB 0x0000000082700000| Untracked 
|  40|0x0000000082800000, 0x0000000082900000, 0x0000000082900000|100%| O|  |TAMS 0x0000000082900000| PB 0x0000000082800000| Untracked 
|  41|0x0000000082900000, 0x0000000082a00000, 0x0000000082a00000|100%| O|  |TAMS 0x0000000082a00000| PB 0x0000000082900000| Untracked 
|  42|0x0000000082a00000, 0x0000000082b00000, 0x0000000082b00000|100%| O|  |TAMS 0x0000000082b00000| PB 0x0000000082a00000| Untracked 
|  43|0x0000000082b00000, 0x0000000082c00000, 0x0000000082c00000|100%| O|  |TAMS 0x0000000082c00000| PB 0x0000000082b00000| Untracked 
|  44|0x0000000082c00000, 0x0000000082d00000, 0x0000000082d00000|100%|HS|  |TAMS 0x0000000082d00000| PB 0x0000000082c00000| Complete 
|  45|0x0000000082d00000, 0x0000000082e00000, 0x0000000082e00000|100%|HS|  |TAMS 0x0000000082e00000| PB 0x0000000082d00000| Complete 
|  46|0x0000000082e00000, 0x0000000082f00000, 0x0000000082f00000|100%|HC|  |TAMS 0x0000000082f00000| PB 0x0000000082e00000| Complete 
|  47|0x0000000082f00000, 0x0000000083000000, 0x0000000083000000|100%|HS|  |TAMS 0x0000000083000000| PB 0x0000000082f00000| Complete 
|  48|0x0000000083000000, 0x0000000083100000, 0x0000000083100000|100%|HC|  |TAMS 0x0000000083100000| PB 0x0000000083000000| Complete 
|  49|0x0000000083100000, 0x0000000083200000, 0x0000000083200000|100%|HS|  |TAMS 0x0000000083200000| PB 0x0000000083100000| Complete 
|  50|0x0000000083200000, 0x0000000083300000, 0x0000000083300000|100%|HS|  |TAMS 0x0000000083300000| PB 0x0000000083200000| Complete 
|  51|0x0000000083300000, 0x0000000083400000, 0x0000000083400000|100%| O|  |TAMS 0x0000000083400000| PB 0x0000000083300000| Untracked 
|  52|0x0000000083400000, 0x0000000083500000, 0x0000000083500000|100%|HS|  |TAMS 0x0000000083500000| PB 0x0000000083400000| Complete 
|  53|0x0000000083500000, 0x0000000083600000, 0x0000000083600000|100%|HS|  |TAMS 0x0000000083600000| PB 0x0000000083500000| Complete 
|  54|0x0000000083600000, 0x0000000083700000, 0x0000000083700000|100%| O|  |TAMS 0x0000000083700000| PB 0x0000000083600000| Untracked 
|  55|0x0000000083700000, 0x0000000083800000, 0x0000000083800000|100%| O|  |TAMS 0x0000000083800000| PB 0x0000000083700000| Untracked 
|  56|0x0000000083800000, 0x0000000083900000, 0x0000000083900000|100%| O|  |TAMS 0x0000000083900000| PB 0x0000000083800000| Untracked 
|  57|0x0000000083900000, 0x0000000083a00000, 0x0000000083a00000|100%| O|  |TAMS 0x0000000083a00000| PB 0x0000000083900000| Untracked 
|  58|0x0000000083a00000, 0x0000000083b00000, 0x0000000083b00000|100%| O|  |TAMS 0x0000000083b00000| PB 0x0000000083a00000| Untracked 
|  59|0x0000000083b00000, 0x0000000083c00000, 0x0000000083c00000|100%| O|  |TAMS 0x0000000083c00000| PB 0x0000000083b00000| Untracked 
|  60|0x0000000083c00000, 0x0000000083d00000, 0x0000000083d00000|100%| O|  |TAMS 0x0000000083d00000| PB 0x0000000083c00000| Untracked 
|  61|0x0000000083d00000, 0x0000000083e00000, 0x0000000083e00000|100%| O|  |TAMS 0x0000000083e00000| PB 0x0000000083d00000| Untracked 
|  62|0x0000000083e00000, 0x0000000083f00000, 0x0000000083f00000|100%| O|  |TAMS 0x0000000083f00000| PB 0x0000000083e00000| Untracked 
|  63|0x0000000083f00000, 0x0000000084000000, 0x0000000084000000|100%| O|  |TAMS 0x0000000084000000| PB 0x0000000083f00000| Untracked 
|  64|0x0000000084000000, 0x0000000084100000, 0x0000000084100000|100%|HS|  |TAMS 0x0000000084100000| PB 0x0000000084000000| Complete 
|  65|0x0000000084100000, 0x0000000084200000, 0x0000000084200000|100%| O|  |TAMS 0x0000000084200000| PB 0x0000000084100000| Untracked 
|  66|0x0000000084200000, 0x0000000084300000, 0x0000000084300000|100%| O|  |TAMS 0x0000000084300000| PB 0x0000000084200000| Untracked 
|  67|0x0000000084300000, 0x0000000084400000, 0x0000000084400000|100%| O|  |TAMS 0x0000000084400000| PB 0x0000000084300000| Untracked 
|  68|0x0000000084400000, 0x0000000084500000, 0x0000000084500000|100%| O|  |TAMS 0x0000000084500000| PB 0x0000000084400000| Untracked 
|  69|0x0000000084500000, 0x0000000084600000, 0x0000000084600000|100%| O|  |TAMS 0x0000000084600000| PB 0x0000000084500000| Untracked 
|  70|0x0000000084600000, 0x0000000084700000, 0x0000000084700000|100%|HS|  |TAMS 0x0000000084700000| PB 0x0000000084600000| Complete 
|  71|0x0000000084700000, 0x0000000084800000, 0x0000000084800000|100%| O|  |TAMS 0x0000000084800000| PB 0x0000000084700000| Untracked 
|  72|0x0000000084800000, 0x0000000084900000, 0x0000000084900000|100%| O|  |TAMS 0x0000000084900000| PB 0x0000000084800000| Untracked 
|  73|0x0000000084900000, 0x0000000084a00000, 0x0000000084a00000|100%| O|  |TAMS 0x0000000084a00000| PB 0x0000000084900000| Untracked 
|  74|0x0000000084a00000, 0x0000000084b00000, 0x0000000084b00000|100%| O|  |TAMS 0x0000000084b00000| PB 0x0000000084a00000| Untracked 
|  75|0x0000000084b00000, 0x0000000084c00000, 0x0000000084c00000|100%| O|  |TAMS 0x0000000084c00000| PB 0x0000000084b00000| Untracked 
|  76|0x0000000084c00000, 0x0000000084d00000, 0x0000000084d00000|100%| O|  |TAMS 0x0000000084d00000| PB 0x0000000084c00000| Untracked 
|  77|0x0000000084d00000, 0x0000000084e00000, 0x0000000084e00000|100%| O|  |TAMS 0x0000000084e00000| PB 0x0000000084d00000| Untracked 
|  78|0x0000000084e00000, 0x0000000084f00000, 0x0000000084f00000|100%| O|  |TAMS 0x0000000084f00000| PB 0x0000000084e00000| Untracked 
|  79|0x0000000084f00000, 0x0000000085000000, 0x0000000085000000|100%| O|  |TAMS 0x0000000085000000| PB 0x0000000084f00000| Untracked 
|  80|0x0000000085000000, 0x0000000085100000, 0x0000000085100000|100%| O|  |TAMS 0x0000000085100000| PB 0x0000000085000000| Untracked 
|  81|0x0000000085100000, 0x0000000085200000, 0x0000000085200000|100%| O|  |TAMS 0x0000000085200000| PB 0x0000000085100000| Untracked 
|  82|0x0000000085200000, 0x0000000085300000, 0x0000000085300000|100%| O|  |TAMS 0x0000000085300000| PB 0x0000000085200000| Untracked 
|  83|0x0000000085300000, 0x0000000085400000, 0x0000000085400000|100%| O|  |TAMS 0x0000000085400000| PB 0x0000000085300000| Untracked 
|  84|0x0000000085400000, 0x0000000085500000, 0x0000000085500000|100%| O|  |TAMS 0x0000000085500000| PB 0x0000000085400000| Untracked 
|  85|0x0000000085500000, 0x0000000085600000, 0x0000000085600000|100%| O|  |TAMS 0x0000000085600000| PB 0x0000000085500000| Untracked 
|  86|0x0000000085600000, 0x0000000085700000, 0x0000000085700000|100%| O|  |TAMS 0x0000000085700000| PB 0x0000000085600000| Untracked 
|  87|0x0000000085700000, 0x0000000085800000, 0x0000000085800000|100%| O|  |TAMS 0x0000000085800000| PB 0x0000000085700000| Untracked 
|  88|0x0000000085800000, 0x0000000085900000, 0x0000000085900000|100%| O|  |TAMS 0x0000000085900000| PB 0x0000000085800000| Untracked 
|  89|0x0000000085900000, 0x0000000085a00000, 0x0000000085a00000|100%| O|  |TAMS 0x0000000085a00000| PB 0x0000000085900000| Untracked 
|  90|0x0000000085a00000, 0x0000000085b00000, 0x0000000085b00000|100%| O|  |TAMS 0x0000000085b00000| PB 0x0000000085a00000| Untracked 
|  91|0x0000000085b00000, 0x0000000085c00000, 0x0000000085c00000|100%| O|  |TAMS 0x0000000085c00000| PB 0x0000000085b00000| Untracked 
|  92|0x0000000085c00000, 0x0000000085d00000, 0x0000000085d00000|100%| O|  |TAMS 0x0000000085d00000| PB 0x0000000085c00000| Untracked 
|  93|0x0000000085d00000, 0x0000000085e00000, 0x0000000085e00000|100%| O|  |TAMS 0x0000000085e00000| PB 0x0000000085d00000| Untracked 
|  94|0x0000000085e00000, 0x0000000085f00000, 0x0000000085f00000|100%| O|  |TAMS 0x0000000085f00000| PB 0x0000000085e00000| Untracked 
|  95|0x0000000085f00000, 0x0000000086000000, 0x0000000086000000|100%| O|  |TAMS 0x0000000086000000| PB 0x0000000085f00000| Untracked 
|  96|0x0000000086000000, 0x0000000086100000, 0x0000000086100000|100%| O|  |TAMS 0x0000000086100000| PB 0x0000000086000000| Untracked 
|  97|0x0000000086100000, 0x0000000086200000, 0x0000000086200000|100%| O|  |TAMS 0x0000000086200000| PB 0x0000000086100000| Untracked 
|  98|0x0000000086200000, 0x0000000086300000, 0x0000000086300000|100%|HS|  |TAMS 0x0000000086300000| PB 0x0000000086200000| Complete 
|  99|0x0000000086300000, 0x0000000086400000, 0x0000000086400000|100%|HC|  |TAMS 0x0000000086400000| PB 0x0000000086300000| Complete 
| 100|0x0000000086400000, 0x0000000086500000, 0x0000000086500000|100%| O|  |TAMS 0x0000000086500000| PB 0x0000000086400000| Untracked 
| 101|0x0000000086500000, 0x0000000086600000, 0x0000000086600000|100%| O|  |TAMS 0x0000000086600000| PB 0x0000000086500000| Untracked 
| 102|0x0000000086600000, 0x0000000086700000, 0x0000000086700000|100%| O|  |TAMS 0x0000000086700000| PB 0x0000000086600000| Untracked 
| 103|0x0000000086700000, 0x0000000086800000, 0x0000000086800000|100%| O|  |TAMS 0x0000000086800000| PB 0x0000000086700000| Untracked 
| 104|0x0000000086800000, 0x0000000086900000, 0x0000000086900000|100%| O|  |TAMS 0x0000000086900000| PB 0x0000000086800000| Untracked 
| 105|0x0000000086900000, 0x0000000086a00000, 0x0000000086a00000|100%|HS|  |TAMS 0x0000000086a00000| PB 0x0000000086900000| Complete 
| 106|0x0000000086a00000, 0x0000000086b00000, 0x0000000086b00000|100%|HC|  |TAMS 0x0000000086b00000| PB 0x0000000086a00000| Complete 
| 107|0x0000000086b00000, 0x0000000086c00000, 0x0000000086c00000|100%|HS|  |TAMS 0x0000000086c00000| PB 0x0000000086b00000| Complete 
| 108|0x0000000086c00000, 0x0000000086d00000, 0x0000000086d00000|100%|HC|  |TAMS 0x0000000086d00000| PB 0x0000000086c00000| Complete 
| 109|0x0000000086d00000, 0x0000000086e00000, 0x0000000086e00000|100%|HC|  |TAMS 0x0000000086e00000| PB 0x0000000086d00000| Complete 
| 110|0x0000000086e00000, 0x0000000086f00000, 0x0000000086f00000|100%|HC|  |TAMS 0x0000000086f00000| PB 0x0000000086e00000| Complete 
| 111|0x0000000086f00000, 0x0000000087000000, 0x0000000087000000|100%|HS|  |TAMS 0x0000000087000000| PB 0x0000000086f00000| Complete 
| 112|0x0000000087000000, 0x0000000087100000, 0x0000000087100000|100%|HC|  |TAMS 0x0000000087100000| PB 0x0000000087000000| Complete 
| 113|0x0000000087100000, 0x0000000087200000, 0x0000000087200000|100%|HS|  |TAMS 0x0000000087200000| PB 0x0000000087100000| Complete 
| 114|0x0000000087200000, 0x0000000087300000, 0x0000000087300000|100%| O|  |TAMS 0x0000000087300000| PB 0x0000000087200000| Untracked 
| 115|0x0000000087300000, 0x0000000087400000, 0x0000000087400000|100%| O|  |TAMS 0x0000000087400000| PB 0x0000000087300000| Untracked 
| 116|0x0000000087400000, 0x0000000087500000, 0x0000000087500000|100%| O|  |TAMS 0x0000000087500000| PB 0x0000000087400000| Untracked 
| 117|0x0000000087500000, 0x0000000087600000, 0x0000000087600000|100%| O|  |TAMS 0x0000000087600000| PB 0x0000000087500000| Untracked 
| 118|0x0000000087600000, 0x0000000087700000, 0x0000000087700000|100%| O|  |TAMS 0x0000000087700000| PB 0x0000000087600000| Untracked 
| 119|0x0000000087700000, 0x0000000087800000, 0x0000000087800000|100%|HS|  |TAMS 0x0000000087800000| PB 0x0000000087700000| Complete 
| 120|0x0000000087800000, 0x0000000087900000, 0x0000000087900000|100%|HC|  |TAMS 0x0000000087900000| PB 0x0000000087800000| Complete 
| 121|0x0000000087900000, 0x0000000087a00000, 0x0000000087a00000|100%|HC|  |TAMS 0x0000000087a00000| PB 0x0000000087900000| Complete 
| 122|0x0000000087a00000, 0x0000000087b00000, 0x0000000087b00000|100%|HC|  |TAMS 0x0000000087b00000| PB 0x0000000087a00000| Complete 
| 123|0x0000000087b00000, 0x0000000087c00000, 0x0000000087c00000|100%|HS|  |TAMS 0x0000000087c00000| PB 0x0000000087b00000| Complete 
| 124|0x0000000087c00000, 0x0000000087d00000, 0x0000000087d00000|100%|HS|  |TAMS 0x0000000087d00000| PB 0x0000000087c00000| Complete 
| 125|0x0000000087d00000, 0x0000000087e00000, 0x0000000087e00000|100%|HC|  |TAMS 0x0000000087e00000| PB 0x0000000087d00000| Complete 
| 126|0x0000000087e00000, 0x0000000087f00000, 0x0000000087f00000|100%|HC|  |TAMS 0x0000000087f00000| PB 0x0000000087e00000| Complete 
| 127|0x0000000087f00000, 0x0000000088000000, 0x0000000088000000|100%|HS|  |TAMS 0x0000000088000000| PB 0x0000000087f00000| Complete 
| 128|0x0000000088000000, 0x0000000088100000, 0x0000000088100000|100%| O|  |TAMS 0x0000000088100000| PB 0x0000000088000000| Untracked 
| 129|0x0000000088100000, 0x0000000088200000, 0x0000000088200000|100%| O|  |TAMS 0x0000000088200000| PB 0x0000000088100000| Untracked 
| 130|0x0000000088200000, 0x0000000088300000, 0x0000000088300000|100%| O|  |TAMS 0x0000000088300000| PB 0x0000000088200000| Untracked 
| 131|0x0000000088300000, 0x0000000088400000, 0x0000000088400000|100%| O|  |TAMS 0x0000000088400000| PB 0x0000000088300000| Untracked 
| 132|0x0000000088400000, 0x0000000088500000, 0x0000000088500000|100%| O|  |TAMS 0x0000000088500000| PB 0x0000000088400000| Untracked 
| 133|0x0000000088500000, 0x0000000088600000, 0x0000000088600000|100%| O|  |TAMS 0x0000000088600000| PB 0x0000000088500000| Untracked 
| 134|0x0000000088600000, 0x0000000088700000, 0x0000000088700000|100%| O|  |TAMS 0x0000000088600000| PB 0x0000000088600000| Untracked 
| 135|0x0000000088700000, 0x0000000088800000, 0x0000000088800000|100%| O|  |TAMS 0x0000000088800000| PB 0x0000000088700000| Untracked 
| 136|0x0000000088800000, 0x0000000088900000, 0x0000000088900000|100%|HS|  |TAMS 0x0000000088900000| PB 0x0000000088800000| Complete 
| 137|0x0000000088900000, 0x0000000088a00000, 0x0000000088a00000|100%|HC|  |TAMS 0x0000000088a00000| PB 0x0000000088900000| Complete 
| 138|0x0000000088a00000, 0x0000000088b00000, 0x0000000088b00000|100%|HS|  |TAMS 0x0000000088b00000| PB 0x0000000088a00000| Complete 
| 139|0x0000000088b00000, 0x0000000088c00000, 0x0000000088c00000|100%| O|  |TAMS 0x0000000088c00000| PB 0x0000000088b00000| Untracked 
| 140|0x0000000088c00000, 0x0000000088d00000, 0x0000000088d00000|100%| O|  |TAMS 0x0000000088d00000| PB 0x0000000088c00000| Untracked 
| 141|0x0000000088d00000, 0x0000000088e00000, 0x0000000088e00000|100%|HS|  |TAMS 0x0000000088e00000| PB 0x0000000088d00000| Complete 
| 142|0x0000000088e00000, 0x0000000088f00000, 0x0000000088f00000|100%|HC|  |TAMS 0x0000000088f00000| PB 0x0000000088e00000| Complete 
| 143|0x0000000088f00000, 0x0000000089000000, 0x0000000089000000|100%|HS|  |TAMS 0x0000000089000000| PB 0x0000000088f00000| Complete 
| 144|0x0000000089000000, 0x0000000089100000, 0x0000000089100000|100%| O|  |TAMS 0x0000000089100000| PB 0x0000000089000000| Untracked 
| 145|0x0000000089100000, 0x0000000089200000, 0x0000000089200000|100%| O|  |TAMS 0x0000000089200000| PB 0x0000000089100000| Untracked 
| 146|0x0000000089200000, 0x0000000089300000, 0x0000000089300000|100%| O|  |TAMS 0x0000000089300000| PB 0x0000000089200000| Untracked 
| 147|0x0000000089300000, 0x0000000089400000, 0x0000000089400000|100%|HS|  |TAMS 0x0000000089400000| PB 0x0000000089300000| Complete 
| 148|0x0000000089400000, 0x0000000089500000, 0x0000000089500000|100%|HC|  |TAMS 0x0000000089500000| PB 0x0000000089400000| Complete 
| 149|0x0000000089500000, 0x0000000089600000, 0x0000000089600000|100%|HS|  |TAMS 0x0000000089600000| PB 0x0000000089500000| Complete 
| 150|0x0000000089600000, 0x0000000089700000, 0x0000000089700000|100%|HC|  |TAMS 0x0000000089700000| PB 0x0000000089600000| Complete 
| 151|0x0000000089700000, 0x0000000089800000, 0x0000000089800000|100%|HS|  |TAMS 0x0000000089800000| PB 0x0000000089700000| Complete 
| 152|0x0000000089800000, 0x0000000089900000, 0x0000000089900000|100%|HC|  |TAMS 0x0000000089900000| PB 0x0000000089800000| Complete 
| 153|0x0000000089900000, 0x0000000089a00000, 0x0000000089a00000|100%|HC|  |TAMS 0x0000000089a00000| PB 0x0000000089900000| Complete 
| 154|0x0000000089a00000, 0x0000000089b00000, 0x0000000089b00000|100%|HS|  |TAMS 0x0000000089b00000| PB 0x0000000089a00000| Complete 
| 155|0x0000000089b00000, 0x0000000089c00000, 0x0000000089c00000|100%|HC|  |TAMS 0x0000000089c00000| PB 0x0000000089b00000| Complete 
| 156|0x0000000089c00000, 0x0000000089d00000, 0x0000000089d00000|100%|HC|  |TAMS 0x0000000089d00000| PB 0x0000000089c00000| Complete 
| 157|0x0000000089d00000, 0x0000000089e00000, 0x0000000089e00000|100%|HS|  |TAMS 0x0000000089e00000| PB 0x0000000089d00000| Complete 
| 158|0x0000000089e00000, 0x0000000089f00000, 0x0000000089f00000|100%| O|  |TAMS 0x0000000089f00000| PB 0x0000000089e00000| Untracked 
| 159|0x0000000089f00000, 0x000000008a000000, 0x000000008a000000|100%| O|  |TAMS 0x000000008a000000| PB 0x0000000089f00000| Untracked 
| 160|0x000000008a000000, 0x000000008a100000, 0x000000008a100000|100%| O|  |TAMS 0x000000008a100000| PB 0x000000008a000000| Untracked 
| 161|0x000000008a100000, 0x000000008a200000, 0x000000008a200000|100%| O|  |TAMS 0x000000008a200000| PB 0x000000008a100000| Untracked 
| 162|0x000000008a200000, 0x000000008a300000, 0x000000008a300000|100%| O|  |TAMS 0x000000008a300000| PB 0x000000008a200000| Untracked 
| 163|0x000000008a300000, 0x000000008a400000, 0x000000008a400000|100%| O|  |TAMS 0x000000008a400000| PB 0x000000008a300000| Untracked 
| 164|0x000000008a400000, 0x000000008a500000, 0x000000008a500000|100%| O|  |TAMS 0x000000008a500000| PB 0x000000008a400000| Untracked 
| 165|0x000000008a500000, 0x000000008a600000, 0x000000008a600000|100%| O|  |TAMS 0x000000008a600000| PB 0x000000008a500000| Untracked 
| 166|0x000000008a600000, 0x000000008a700000, 0x000000008a700000|100%| O|  |TAMS 0x000000008a600000| PB 0x000000008a600000| Untracked 
| 167|0x000000008a700000, 0x000000008a800000, 0x000000008a800000|100%| O|  |TAMS 0x000000008a700000| PB 0x000000008a700000| Untracked 
| 168|0x000000008a800000, 0x000000008a900000, 0x000000008a900000|100%| O|  |TAMS 0x000000008a900000| PB 0x000000008a800000| Untracked 
| 169|0x000000008a900000, 0x000000008aa00000, 0x000000008aa00000|100%|HS|  |TAMS 0x000000008aa00000| PB 0x000000008a900000| Complete 
| 170|0x000000008aa00000, 0x000000008ab00000, 0x000000008ab00000|100%|HS|  |TAMS 0x000000008ab00000| PB 0x000000008aa00000| Complete 
| 171|0x000000008ab00000, 0x000000008ac00000, 0x000000008ac00000|100%|HS|  |TAMS 0x000000008ac00000| PB 0x000000008ab00000| Complete 
| 172|0x000000008ac00000, 0x000000008ad00000, 0x000000008ad00000|100%|HC|  |TAMS 0x000000008ad00000| PB 0x000000008ac00000| Complete 
| 173|0x000000008ad00000, 0x000000008ae00000, 0x000000008ae00000|100%|HS|  |TAMS 0x000000008ae00000| PB 0x000000008ad00000| Complete 
| 174|0x000000008ae00000, 0x000000008af00000, 0x000000008af00000|100%| O|  |TAMS 0x000000008af00000| PB 0x000000008ae00000| Untracked 
| 175|0x000000008af00000, 0x000000008b000000, 0x000000008b000000|100%| O|  |TAMS 0x000000008b000000| PB 0x000000008af00000| Untracked 
| 176|0x000000008b000000, 0x000000008b100000, 0x000000008b100000|100%|HS|  |TAMS 0x000000008b100000| PB 0x000000008b000000| Complete 
| 177|0x000000008b100000, 0x000000008b200000, 0x000000008b200000|100%|HC|  |TAMS 0x000000008b200000| PB 0x000000008b100000| Complete 
| 178|0x000000008b200000, 0x000000008b300000, 0x000000008b300000|100%| O|  |TAMS 0x000000008b300000| PB 0x000000008b200000| Untracked 
| 179|0x000000008b300000, 0x000000008b400000, 0x000000008b400000|100%| O|  |TAMS 0x000000008b300000| PB 0x000000008b300000| Untracked 
| 180|0x000000008b400000, 0x000000008b500000, 0x000000008b500000|100%| O|  |TAMS 0x000000008b400000| PB 0x000000008b400000| Untracked 
| 181|0x000000008b500000, 0x000000008b600000, 0x000000008b600000|100%| O|  |TAMS 0x000000008b600000| PB 0x000000008b500000| Untracked 
| 182|0x000000008b600000, 0x000000008b700000, 0x000000008b700000|100%| O|  |TAMS 0x000000008b700000| PB 0x000000008b600000| Untracked 
| 183|0x000000008b700000, 0x000000008b800000, 0x000000008b800000|100%| O|  |TAMS 0x000000008b800000| PB 0x000000008b700000| Untracked 
| 184|0x000000008b800000, 0x000000008b900000, 0x000000008b900000|100%|HS|  |TAMS 0x000000008b900000| PB 0x000000008b800000| Complete 
| 185|0x000000008b900000, 0x000000008ba00000, 0x000000008ba00000|100%|HC|  |TAMS 0x000000008ba00000| PB 0x000000008b900000| Complete 
| 186|0x000000008ba00000, 0x000000008bb00000, 0x000000008bb00000|100%|HC|  |TAMS 0x000000008bb00000| PB 0x000000008ba00000| Complete 
| 187|0x000000008bb00000, 0x000000008bc00000, 0x000000008bc00000|100%|HC|  |TAMS 0x000000008bc00000| PB 0x000000008bb00000| Complete 
| 188|0x000000008bc00000, 0x000000008bd00000, 0x000000008bd00000|100%| O|  |TAMS 0x000000008bd00000| PB 0x000000008bc00000| Untracked 
| 189|0x000000008bd00000, 0x000000008be00000, 0x000000008be00000|100%|HS|  |TAMS 0x000000008be00000| PB 0x000000008bd00000| Complete 
| 190|0x000000008be00000, 0x000000008bf00000, 0x000000008bf00000|100%| O|  |TAMS 0x000000008bf00000| PB 0x000000008be00000| Untracked 
| 191|0x000000008bf00000, 0x000000008c000000, 0x000000008c000000|100%| O|  |TAMS 0x000000008c000000| PB 0x000000008bf00000| Untracked 
| 192|0x000000008c000000, 0x000000008c100000, 0x000000008c100000|100%| O|  |TAMS 0x000000008c100000| PB 0x000000008c000000| Untracked 
| 193|0x000000008c100000, 0x000000008c200000, 0x000000008c200000|100%|HS|  |TAMS 0x000000008c200000| PB 0x000000008c100000| Complete 
| 194|0x000000008c200000, 0x000000008c300000, 0x000000008c300000|100%|HC|  |TAMS 0x000000008c300000| PB 0x000000008c200000| Complete 
| 195|0x000000008c300000, 0x000000008c400000, 0x000000008c400000|100%| O|  |TAMS 0x000000008c400000| PB 0x000000008c300000| Untracked 
| 196|0x000000008c400000, 0x000000008c500000, 0x000000008c500000|100%|HS|  |TAMS 0x000000008c500000| PB 0x000000008c400000| Complete 
| 197|0x000000008c500000, 0x000000008c600000, 0x000000008c600000|100%| O|  |TAMS 0x000000008c600000| PB 0x000000008c500000| Untracked 
| 198|0x000000008c600000, 0x000000008c700000, 0x000000008c700000|100%| O|  |TAMS 0x000000008c700000| PB 0x000000008c600000| Untracked 
| 199|0x000000008c700000, 0x000000008c800000, 0x000000008c800000|100%| O|  |TAMS 0x000000008c800000| PB 0x000000008c700000| Untracked 
| 200|0x000000008c800000, 0x000000008c900000, 0x000000008c900000|100%| O|  |TAMS 0x000000008c900000| PB 0x000000008c800000| Untracked 
| 201|0x000000008c900000, 0x000000008ca00000, 0x000000008ca00000|100%| O|  |TAMS 0x000000008ca00000| PB 0x000000008c900000| Untracked 
| 202|0x000000008ca00000, 0x000000008cb00000, 0x000000008cb00000|100%| O|  |TAMS 0x000000008cb00000| PB 0x000000008ca00000| Untracked 
| 203|0x000000008cb00000, 0x000000008cc00000, 0x000000008cc00000|100%|HS|  |TAMS 0x000000008cc00000| PB 0x000000008cb00000| Complete 
| 204|0x000000008cc00000, 0x000000008cd00000, 0x000000008cd00000|100%|HC|  |TAMS 0x000000008cd00000| PB 0x000000008cc00000| Complete 
| 205|0x000000008cd00000, 0x000000008ce00000, 0x000000008ce00000|100%|HC|  |TAMS 0x000000008ce00000| PB 0x000000008cd00000| Complete 
| 206|0x000000008ce00000, 0x000000008cf00000, 0x000000008cf00000|100%|HC|  |TAMS 0x000000008cf00000| PB 0x000000008ce00000| Complete 
| 207|0x000000008cf00000, 0x000000008d000000, 0x000000008d000000|100%| O|  |TAMS 0x000000008d000000| PB 0x000000008cf00000| Untracked 
| 208|0x000000008d000000, 0x000000008d100000, 0x000000008d100000|100%|HS|  |TAMS 0x000000008d100000| PB 0x000000008d000000| Complete 
| 209|0x000000008d100000, 0x000000008d200000, 0x000000008d200000|100%| O|  |TAMS 0x000000008d200000| PB 0x000000008d100000| Untracked 
| 210|0x000000008d200000, 0x000000008d300000, 0x000000008d300000|100%|HS|  |TAMS 0x000000008d300000| PB 0x000000008d200000| Complete 
| 211|0x000000008d300000, 0x000000008d400000, 0x000000008d400000|100%| O|  |TAMS 0x000000008d400000| PB 0x000000008d300000| Untracked 
| 212|0x000000008d400000, 0x000000008d500000, 0x000000008d500000|100%| O|  |TAMS 0x000000008d500000| PB 0x000000008d400000| Untracked 
| 213|0x000000008d500000, 0x000000008d600000, 0x000000008d600000|100%| O|  |TAMS 0x000000008d600000| PB 0x000000008d500000| Untracked 
| 214|0x000000008d600000, 0x000000008d700000, 0x000000008d700000|100%| O|  |TAMS 0x000000008d700000| PB 0x000000008d600000| Untracked 
| 215|0x000000008d700000, 0x000000008d800000, 0x000000008d800000|100%| O|  |TAMS 0x000000008d800000| PB 0x000000008d700000| Untracked 
| 216|0x000000008d800000, 0x000000008d900000, 0x000000008d900000|100%| O|  |TAMS 0x000000008d900000| PB 0x000000008d800000| Untracked 
| 217|0x000000008d900000, 0x000000008da00000, 0x000000008da00000|100%|HS|  |TAMS 0x000000008da00000| PB 0x000000008d900000| Complete 
| 218|0x000000008da00000, 0x000000008db00000, 0x000000008db00000|100%|HC|  |TAMS 0x000000008db00000| PB 0x000000008da00000| Complete 
| 219|0x000000008db00000, 0x000000008dc00000, 0x000000008dc00000|100%|HC|  |TAMS 0x000000008dc00000| PB 0x000000008db00000| Complete 
| 220|0x000000008dc00000, 0x000000008dd00000, 0x000000008dd00000|100%| O|  |TAMS 0x000000008dd00000| PB 0x000000008dc00000| Untracked 
| 221|0x000000008dd00000, 0x000000008de00000, 0x000000008de00000|100%| O|  |TAMS 0x000000008de00000| PB 0x000000008dd00000| Untracked 
| 222|0x000000008de00000, 0x000000008df00000, 0x000000008df00000|100%| O|  |TAMS 0x000000008df00000| PB 0x000000008de00000| Untracked 
| 223|0x000000008df00000, 0x000000008e000000, 0x000000008e000000|100%|HS|  |TAMS 0x000000008e000000| PB 0x000000008df00000| Complete 
| 224|0x000000008e000000, 0x000000008e100000, 0x000000008e100000|100%|HC|  |TAMS 0x000000008e100000| PB 0x000000008e000000| Complete 
| 225|0x000000008e100000, 0x000000008e200000, 0x000000008e200000|100%| O|  |TAMS 0x000000008e200000| PB 0x000000008e100000| Untracked 
| 226|0x000000008e200000, 0x000000008e300000, 0x000000008e300000|100%|HS|  |TAMS 0x000000008e300000| PB 0x000000008e200000| Complete 
| 227|0x000000008e300000, 0x000000008e400000, 0x000000008e400000|100%| O|  |TAMS 0x000000008e400000| PB 0x000000008e300000| Untracked 
| 228|0x000000008e400000, 0x000000008e500000, 0x000000008e500000|100%| O|  |TAMS 0x000000008e500000| PB 0x000000008e400000| Untracked 
| 229|0x000000008e500000, 0x000000008e600000, 0x000000008e600000|100%| O|  |TAMS 0x000000008e600000| PB 0x000000008e500000| Untracked 
| 230|0x000000008e600000, 0x000000008e700000, 0x000000008e700000|100%|HS|  |TAMS 0x000000008e700000| PB 0x000000008e600000| Complete 
| 231|0x000000008e700000, 0x000000008e800000, 0x000000008e800000|100%|HC|  |TAMS 0x000000008e800000| PB 0x000000008e700000| Complete 
| 232|0x000000008e800000, 0x000000008e900000, 0x000000008e900000|100%| O|  |TAMS 0x000000008e900000| PB 0x000000008e800000| Untracked 
| 233|0x000000008e900000, 0x000000008ea00000, 0x000000008ea00000|100%| O|  |TAMS 0x000000008ea00000| PB 0x000000008e900000| Untracked 
| 234|0x000000008ea00000, 0x000000008eb00000, 0x000000008eb00000|100%| O|  |TAMS 0x000000008eb00000| PB 0x000000008ea00000| Untracked 
| 235|0x000000008eb00000, 0x000000008ec00000, 0x000000008ec00000|100%| O|  |TAMS 0x000000008ec00000| PB 0x000000008eb00000| Untracked 
| 236|0x000000008ec00000, 0x000000008ed00000, 0x000000008ed00000|100%| O|  |TAMS 0x000000008ed00000| PB 0x000000008ec00000| Untracked 
| 237|0x000000008ed00000, 0x000000008ee00000, 0x000000008ee00000|100%| O|  |TAMS 0x000000008ee00000| PB 0x000000008ed00000| Untracked 
| 238|0x000000008ee00000, 0x000000008ef00000, 0x000000008ef00000|100%| O|  |TAMS 0x000000008ee00000| PB 0x000000008ee00000| Untracked 
| 239|0x000000008ef00000, 0x000000008f000000, 0x000000008f000000|100%|HS|  |TAMS 0x000000008f000000| PB 0x000000008ef00000| Complete 
| 240|0x000000008f000000, 0x000000008f100000, 0x000000008f100000|100%|HC|  |TAMS 0x000000008f100000| PB 0x000000008f000000| Complete 
| 241|0x000000008f100000, 0x000000008f200000, 0x000000008f200000|100%|HS|  |TAMS 0x000000008f200000| PB 0x000000008f100000| Complete 
| 242|0x000000008f200000, 0x000000008f300000, 0x000000008f300000|100%|HS|  |TAMS 0x000000008f300000| PB 0x000000008f200000| Complete 
| 243|0x000000008f300000, 0x000000008f400000, 0x000000008f400000|100%|HC|  |TAMS 0x000000008f400000| PB 0x000000008f300000| Complete 
| 244|0x000000008f400000, 0x000000008f500000, 0x000000008f500000|100%|HS|  |TAMS 0x000000008f500000| PB 0x000000008f400000| Complete 
| 245|0x000000008f500000, 0x000000008f600000, 0x000000008f600000|100%|HS|  |TAMS 0x000000008f600000| PB 0x000000008f500000| Complete 
| 246|0x000000008f600000, 0x000000008f700000, 0x000000008f700000|100%|HC|  |TAMS 0x000000008f700000| PB 0x000000008f600000| Complete 
| 247|0x000000008f700000, 0x000000008f800000, 0x000000008f800000|100%| O|  |TAMS 0x000000008f800000| PB 0x000000008f700000| Untracked 
| 248|0x000000008f800000, 0x000000008f900000, 0x000000008f900000|100%|HS|  |TAMS 0x000000008f900000| PB 0x000000008f800000| Complete 
| 249|0x000000008f900000, 0x000000008fa00000, 0x000000008fa00000|100%|HC|  |TAMS 0x000000008fa00000| PB 0x000000008f900000| Complete 
| 250|0x000000008fa00000, 0x000000008fb00000, 0x000000008fb00000|100%|HS|  |TAMS 0x000000008fb00000| PB 0x000000008fa00000| Complete 
| 251|0x000000008fb00000, 0x000000008fc00000, 0x000000008fc00000|100%|HC|  |TAMS 0x000000008fc00000| PB 0x000000008fb00000| Complete 
| 252|0x000000008fc00000, 0x000000008fd00000, 0x000000008fd00000|100%|HC|  |TAMS 0x000000008fd00000| PB 0x000000008fc00000| Complete 
| 253|0x000000008fd00000, 0x000000008fe00000, 0x000000008fe00000|100%| O|  |TAMS 0x000000008fe00000| PB 0x000000008fd00000| Untracked 
| 254|0x000000008fe00000, 0x000000008ff00000, 0x000000008ff00000|100%| O|  |TAMS 0x000000008ff00000| PB 0x000000008fe00000| Untracked 
| 255|0x000000008ff00000, 0x0000000090000000, 0x0000000090000000|100%| O|  |TAMS 0x0000000090000000| PB 0x000000008ff00000| Untracked 
| 256|0x0000000090000000, 0x0000000090100000, 0x0000000090100000|100%|HS|  |TAMS 0x0000000090100000| PB 0x0000000090000000| Complete 
| 257|0x0000000090100000, 0x0000000090200000, 0x0000000090200000|100%|HC|  |TAMS 0x0000000090200000| PB 0x0000000090100000| Complete 
| 258|0x0000000090200000, 0x0000000090300000, 0x0000000090300000|100%|HC|  |TAMS 0x0000000090300000| PB 0x0000000090200000| Complete 
| 259|0x0000000090300000, 0x0000000090400000, 0x0000000090400000|100%| O|  |TAMS 0x0000000090400000| PB 0x0000000090300000| Untracked 
| 260|0x0000000090400000, 0x0000000090500000, 0x0000000090500000|100%| O|  |TAMS 0x0000000090500000| PB 0x0000000090400000| Untracked 
| 261|0x0000000090500000, 0x0000000090600000, 0x0000000090600000|100%| O|  |TAMS 0x0000000090600000| PB 0x0000000090500000| Untracked 
| 262|0x0000000090600000, 0x0000000090700000, 0x0000000090700000|100%| O|  |TAMS 0x0000000090700000| PB 0x0000000090600000| Untracked 
| 263|0x0000000090700000, 0x0000000090800000, 0x0000000090800000|100%| O|  |TAMS 0x0000000090800000| PB 0x0000000090700000| Untracked 
| 264|0x0000000090800000, 0x0000000090900000, 0x0000000090900000|100%| O|  |TAMS 0x0000000090900000| PB 0x0000000090800000| Untracked 
| 265|0x0000000090900000, 0x0000000090a00000, 0x0000000090a00000|100%| O|  |TAMS 0x0000000090a00000| PB 0x0000000090900000| Untracked 
| 266|0x0000000090a00000, 0x0000000090b00000, 0x0000000090b00000|100%| O|  |TAMS 0x0000000090b00000| PB 0x0000000090a00000| Untracked 
| 267|0x0000000090b00000, 0x0000000090c00000, 0x0000000090c00000|100%| O|  |TAMS 0x0000000090c00000| PB 0x0000000090b00000| Untracked 
| 268|0x0000000090c00000, 0x0000000090d00000, 0x0000000090d00000|100%| O|  |TAMS 0x0000000090d00000| PB 0x0000000090c00000| Untracked 
| 269|0x0000000090d00000, 0x0000000090e00000, 0x0000000090e00000|100%| O|  |TAMS 0x0000000090e00000| PB 0x0000000090d00000| Untracked 
| 270|0x0000000090e00000, 0x0000000090f00000, 0x0000000090f00000|100%| O|  |TAMS 0x0000000090f00000| PB 0x0000000090e00000| Untracked 
| 271|0x0000000090f00000, 0x0000000091000000, 0x0000000091000000|100%| O|  |TAMS 0x0000000091000000| PB 0x0000000090f00000| Untracked 
| 272|0x0000000091000000, 0x0000000091100000, 0x0000000091100000|100%| O|  |TAMS 0x0000000091100000| PB 0x0000000091000000| Untracked 
| 273|0x0000000091100000, 0x0000000091200000, 0x0000000091200000|100%| O|  |TAMS 0x0000000091200000| PB 0x0000000091100000| Untracked 
| 274|0x0000000091200000, 0x0000000091300000, 0x0000000091300000|100%| O|  |TAMS 0x0000000091300000| PB 0x0000000091200000| Untracked 
| 275|0x0000000091300000, 0x0000000091400000, 0x0000000091400000|100%| O|  |TAMS 0x0000000091400000| PB 0x0000000091300000| Untracked 
| 276|0x0000000091400000, 0x0000000091500000, 0x0000000091500000|100%| O|  |TAMS 0x0000000091500000| PB 0x0000000091400000| Untracked 
| 277|0x0000000091500000, 0x0000000091600000, 0x0000000091600000|100%| O|  |TAMS 0x0000000091600000| PB 0x0000000091500000| Untracked 
| 278|0x0000000091600000, 0x0000000091700000, 0x0000000091700000|100%| O|  |TAMS 0x0000000091700000| PB 0x0000000091600000| Untracked 
| 279|0x0000000091700000, 0x0000000091800000, 0x0000000091800000|100%| O|  |TAMS 0x0000000091800000| PB 0x0000000091700000| Untracked 
| 280|0x0000000091800000, 0x0000000091900000, 0x0000000091900000|100%| O|  |TAMS 0x0000000091900000| PB 0x0000000091800000| Untracked 
| 281|0x0000000091900000, 0x0000000091a00000, 0x0000000091a00000|100%| O|  |TAMS 0x0000000091a00000| PB 0x0000000091900000| Untracked 
| 282|0x0000000091a00000, 0x0000000091b00000, 0x0000000091b00000|100%| O|  |TAMS 0x0000000091b00000| PB 0x0000000091a00000| Untracked 
| 283|0x0000000091b00000, 0x0000000091c00000, 0x0000000091c00000|100%| O|  |TAMS 0x0000000091c00000| PB 0x0000000091b00000| Untracked 
| 284|0x0000000091c00000, 0x0000000091d00000, 0x0000000091d00000|100%| O|  |TAMS 0x0000000091d00000| PB 0x0000000091c00000| Untracked 
| 285|0x0000000091d00000, 0x0000000091e00000, 0x0000000091e00000|100%| O|  |TAMS 0x0000000091e00000| PB 0x0000000091d00000| Untracked 
| 286|0x0000000091e00000, 0x0000000091f00000, 0x0000000091f00000|100%| O|  |TAMS 0x0000000091f00000| PB 0x0000000091e00000| Untracked 
| 287|0x0000000091f00000, 0x0000000092000000, 0x0000000092000000|100%| O|  |TAMS 0x0000000092000000| PB 0x0000000091f00000| Untracked 
| 288|0x0000000092000000, 0x0000000092100000, 0x0000000092100000|100%| O|  |TAMS 0x0000000092100000| PB 0x0000000092000000| Untracked 
| 289|0x0000000092100000, 0x0000000092200000, 0x0000000092200000|100%| O|  |TAMS 0x0000000092200000| PB 0x0000000092100000| Untracked 
| 290|0x0000000092200000, 0x0000000092300000, 0x0000000092300000|100%| O|  |TAMS 0x0000000092300000| PB 0x0000000092200000| Untracked 
| 291|0x0000000092300000, 0x0000000092400000, 0x0000000092400000|100%| O|  |TAMS 0x0000000092400000| PB 0x0000000092300000| Untracked 
| 292|0x0000000092400000, 0x0000000092500000, 0x0000000092500000|100%| O|  |TAMS 0x0000000092500000| PB 0x0000000092400000| Untracked 
| 293|0x0000000092500000, 0x0000000092600000, 0x0000000092600000|100%| O|  |TAMS 0x0000000092600000| PB 0x0000000092500000| Untracked 
| 294|0x0000000092600000, 0x0000000092700000, 0x0000000092700000|100%| O|  |TAMS 0x0000000092700000| PB 0x0000000092600000| Untracked 
| 295|0x0000000092700000, 0x0000000092800000, 0x0000000092800000|100%|HS|  |TAMS 0x0000000092800000| PB 0x0000000092700000| Complete 
| 296|0x0000000092800000, 0x0000000092900000, 0x0000000092900000|100%|HC|  |TAMS 0x0000000092900000| PB 0x0000000092800000| Complete 
| 297|0x0000000092900000, 0x0000000092a00000, 0x0000000092a00000|100%|HC|  |TAMS 0x0000000092a00000| PB 0x0000000092900000| Complete 
| 298|0x0000000092a00000, 0x0000000092b00000, 0x0000000092b00000|100%| O|  |TAMS 0x0000000092b00000| PB 0x0000000092a00000| Untracked 
| 299|0x0000000092b00000, 0x0000000092c00000, 0x0000000092c00000|100%| O|  |TAMS 0x0000000092c00000| PB 0x0000000092b00000| Untracked 
| 300|0x0000000092c00000, 0x0000000092d00000, 0x0000000092d00000|100%| O|  |TAMS 0x0000000092d00000| PB 0x0000000092c00000| Untracked 
| 301|0x0000000092d00000, 0x0000000092e00000, 0x0000000092e00000|100%| O|  |TAMS 0x0000000092e00000| PB 0x0000000092d00000| Untracked 
| 302|0x0000000092e00000, 0x0000000092f00000, 0x0000000092f00000|100%| O|  |TAMS 0x0000000092f00000| PB 0x0000000092e00000| Untracked 
| 303|0x0000000092f00000, 0x0000000093000000, 0x0000000093000000|100%| O|  |TAMS 0x0000000093000000| PB 0x0000000092f00000| Untracked 
| 304|0x0000000093000000, 0x0000000093100000, 0x0000000093100000|100%| O|  |TAMS 0x0000000093100000| PB 0x0000000093000000| Untracked 
| 305|0x0000000093100000, 0x0000000093200000, 0x0000000093200000|100%| O|  |TAMS 0x0000000093200000| PB 0x0000000093100000| Untracked 
| 306|0x0000000093200000, 0x0000000093300000, 0x0000000093300000|100%| O|  |TAMS 0x0000000093300000| PB 0x0000000093200000| Untracked 
| 307|0x0000000093300000, 0x0000000093400000, 0x0000000093400000|100%| O|  |TAMS 0x0000000093400000| PB 0x0000000093300000| Untracked 
| 308|0x0000000093400000, 0x0000000093500000, 0x0000000093500000|100%| O|  |TAMS 0x0000000093500000| PB 0x0000000093400000| Untracked 
| 309|0x0000000093500000, 0x0000000093600000, 0x0000000093600000|100%| O|  |TAMS 0x0000000093600000| PB 0x0000000093500000| Untracked 
| 310|0x0000000093600000, 0x0000000093700000, 0x0000000093700000|100%| O|  |TAMS 0x0000000093700000| PB 0x0000000093600000| Untracked 
| 311|0x0000000093700000, 0x0000000093800000, 0x0000000093800000|100%| O|  |TAMS 0x0000000093800000| PB 0x0000000093700000| Untracked 
| 312|0x0000000093800000, 0x0000000093900000, 0x0000000093900000|100%| O|  |TAMS 0x0000000093900000| PB 0x0000000093800000| Untracked 
| 313|0x0000000093900000, 0x0000000093a00000, 0x0000000093a00000|100%| O|  |TAMS 0x0000000093a00000| PB 0x0000000093900000| Untracked 
| 314|0x0000000093a00000, 0x0000000093b00000, 0x0000000093b00000|100%| O|  |TAMS 0x0000000093b00000| PB 0x0000000093a00000| Untracked 
| 315|0x0000000093b00000, 0x0000000093c00000, 0x0000000093c00000|100%| O|  |TAMS 0x0000000093c00000| PB 0x0000000093b00000| Untracked 
| 316|0x0000000093c00000, 0x0000000093d00000, 0x0000000093d00000|100%| O|  |TAMS 0x0000000093d00000| PB 0x0000000093c00000| Untracked 
| 317|0x0000000093d00000, 0x0000000093e00000, 0x0000000093e00000|100%| O|  |TAMS 0x0000000093e00000| PB 0x0000000093d00000| Untracked 
| 318|0x0000000093e00000, 0x0000000093f00000, 0x0000000093f00000|100%| O|  |TAMS 0x0000000093f00000| PB 0x0000000093e00000| Untracked 
| 319|0x0000000093f00000, 0x0000000094000000, 0x0000000094000000|100%| O|  |TAMS 0x0000000094000000| PB 0x0000000093f00000| Untracked 
| 320|0x0000000094000000, 0x0000000094100000, 0x0000000094100000|100%| O|  |TAMS 0x0000000094100000| PB 0x0000000094000000| Untracked 
| 321|0x0000000094100000, 0x0000000094200000, 0x0000000094200000|100%| O|  |TAMS 0x0000000094200000| PB 0x0000000094100000| Untracked 
| 322|0x0000000094200000, 0x0000000094300000, 0x0000000094300000|100%| O|  |TAMS 0x0000000094300000| PB 0x0000000094200000| Untracked 
| 323|0x0000000094300000, 0x0000000094400000, 0x0000000094400000|100%| O|  |TAMS 0x0000000094400000| PB 0x0000000094300000| Untracked 
| 324|0x0000000094400000, 0x0000000094500000, 0x0000000094500000|100%| O|  |TAMS 0x0000000094500000| PB 0x0000000094400000| Untracked 
| 325|0x0000000094500000, 0x0000000094600000, 0x0000000094600000|100%| O|  |TAMS 0x0000000094600000| PB 0x0000000094500000| Untracked 
| 326|0x0000000094600000, 0x0000000094700000, 0x0000000094700000|100%| O|  |TAMS 0x0000000094700000| PB 0x0000000094600000| Untracked 
| 327|0x0000000094700000, 0x0000000094800000, 0x0000000094800000|100%| O|  |TAMS 0x0000000094800000| PB 0x0000000094700000| Untracked 
| 328|0x0000000094800000, 0x0000000094900000, 0x0000000094900000|100%| O|  |TAMS 0x0000000094900000| PB 0x0000000094800000| Untracked 
| 329|0x0000000094900000, 0x0000000094a00000, 0x0000000094a00000|100%| O|  |TAMS 0x0000000094a00000| PB 0x0000000094900000| Untracked 
| 330|0x0000000094a00000, 0x0000000094b00000, 0x0000000094b00000|100%| O|  |TAMS 0x0000000094b00000| PB 0x0000000094a00000| Untracked 
| 331|0x0000000094b00000, 0x0000000094c00000, 0x0000000094c00000|100%| O|  |TAMS 0x0000000094c00000| PB 0x0000000094b00000| Untracked 
| 332|0x0000000094c00000, 0x0000000094d00000, 0x0000000094d00000|100%| O|  |TAMS 0x0000000094d00000| PB 0x0000000094c00000| Untracked 
| 333|0x0000000094d00000, 0x0000000094e00000, 0x0000000094e00000|100%| O|  |TAMS 0x0000000094e00000| PB 0x0000000094d00000| Untracked 
| 334|0x0000000094e00000, 0x0000000094f00000, 0x0000000094f00000|100%| O|  |TAMS 0x0000000094f00000| PB 0x0000000094e00000| Untracked 
| 335|0x0000000094f00000, 0x0000000095000000, 0x0000000095000000|100%| O|  |TAMS 0x0000000095000000| PB 0x0000000094f00000| Untracked 
| 336|0x0000000095000000, 0x0000000095100000, 0x0000000095100000|100%| O|  |TAMS 0x0000000095100000| PB 0x0000000095000000| Untracked 
| 337|0x0000000095100000, 0x0000000095200000, 0x0000000095200000|100%| O|  |TAMS 0x0000000095200000| PB 0x0000000095100000| Untracked 
| 338|0x0000000095200000, 0x0000000095300000, 0x0000000095300000|100%| O|  |TAMS 0x0000000095300000| PB 0x0000000095200000| Untracked 
| 339|0x0000000095300000, 0x0000000095400000, 0x0000000095400000|100%| O|  |TAMS 0x0000000095400000| PB 0x0000000095300000| Untracked 
| 340|0x0000000095400000, 0x0000000095500000, 0x0000000095500000|100%| O|  |TAMS 0x0000000095500000| PB 0x0000000095400000| Untracked 
| 341|0x0000000095500000, 0x0000000095600000, 0x0000000095600000|100%| O|  |TAMS 0x0000000095600000| PB 0x0000000095500000| Untracked 
| 342|0x0000000095600000, 0x0000000095700000, 0x0000000095700000|100%| O|  |TAMS 0x0000000095700000| PB 0x0000000095600000| Untracked 
| 343|0x0000000095700000, 0x0000000095800000, 0x0000000095800000|100%| O|  |TAMS 0x0000000095800000| PB 0x0000000095700000| Untracked 
| 344|0x0000000095800000, 0x0000000095900000, 0x0000000095900000|100%| O|  |TAMS 0x0000000095900000| PB 0x0000000095800000| Untracked 
| 345|0x0000000095900000, 0x0000000095a00000, 0x0000000095a00000|100%| O|  |TAMS 0x0000000095a00000| PB 0x0000000095900000| Untracked 
| 346|0x0000000095a00000, 0x0000000095b00000, 0x0000000095b00000|100%| O|  |TAMS 0x0000000095b00000| PB 0x0000000095a00000| Untracked 
| 347|0x0000000095b00000, 0x0000000095c00000, 0x0000000095c00000|100%| O|  |TAMS 0x0000000095c00000| PB 0x0000000095b00000| Untracked 
| 348|0x0000000095c00000, 0x0000000095d00000, 0x0000000095d00000|100%| O|  |TAMS 0x0000000095d00000| PB 0x0000000095c00000| Untracked 
| 349|0x0000000095d00000, 0x0000000095e00000, 0x0000000095e00000|100%| O|  |TAMS 0x0000000095e00000| PB 0x0000000095d00000| Untracked 
| 350|0x0000000095e00000, 0x0000000095f00000, 0x0000000095f00000|100%| O|  |TAMS 0x0000000095f00000| PB 0x0000000095e00000| Untracked 
| 351|0x0000000095f00000, 0x0000000096000000, 0x0000000096000000|100%| O|  |TAMS 0x0000000096000000| PB 0x0000000095f00000| Untracked 
| 352|0x0000000096000000, 0x0000000096100000, 0x0000000096100000|100%| O|  |TAMS 0x0000000096100000| PB 0x0000000096000000| Untracked 
| 353|0x0000000096100000, 0x0000000096200000, 0x0000000096200000|100%| O|  |TAMS 0x0000000096200000| PB 0x0000000096100000| Untracked 
| 354|0x0000000096200000, 0x0000000096300000, 0x0000000096300000|100%| O|  |TAMS 0x0000000096300000| PB 0x0000000096200000| Untracked 
| 355|0x0000000096300000, 0x0000000096400000, 0x0000000096400000|100%| O|  |TAMS 0x0000000096400000| PB 0x0000000096300000| Untracked 
| 356|0x0000000096400000, 0x0000000096500000, 0x0000000096500000|100%| O|  |TAMS 0x0000000096500000| PB 0x0000000096400000| Untracked 
| 357|0x0000000096500000, 0x0000000096600000, 0x0000000096600000|100%| O|  |TAMS 0x0000000096600000| PB 0x0000000096500000| Untracked 
| 358|0x0000000096600000, 0x0000000096700000, 0x0000000096700000|100%| O|  |TAMS 0x0000000096700000| PB 0x0000000096600000| Untracked 
| 359|0x0000000096700000, 0x0000000096800000, 0x0000000096800000|100%| O|  |TAMS 0x0000000096800000| PB 0x0000000096700000| Untracked 
| 360|0x0000000096800000, 0x0000000096900000, 0x0000000096900000|100%| O|  |TAMS 0x0000000096900000| PB 0x0000000096800000| Untracked 
| 361|0x0000000096900000, 0x0000000096a00000, 0x0000000096a00000|100%| O|  |TAMS 0x0000000096a00000| PB 0x0000000096900000| Untracked 
| 362|0x0000000096a00000, 0x0000000096b00000, 0x0000000096b00000|100%| O|  |TAMS 0x0000000096b00000| PB 0x0000000096a00000| Untracked 
| 363|0x0000000096b00000, 0x0000000096c00000, 0x0000000096c00000|100%| O|  |TAMS 0x0000000096c00000| PB 0x0000000096b00000| Untracked 
| 364|0x0000000096c00000, 0x0000000096d00000, 0x0000000096d00000|100%| O|  |TAMS 0x0000000096d00000| PB 0x0000000096c00000| Untracked 
| 365|0x0000000096d00000, 0x0000000096e00000, 0x0000000096e00000|100%| O|  |TAMS 0x0000000096e00000| PB 0x0000000096d00000| Untracked 
| 366|0x0000000096e00000, 0x0000000096f00000, 0x0000000096f00000|100%| O|  |TAMS 0x0000000096e80000| PB 0x0000000096e00000| Untracked 
| 367|0x0000000096f00000, 0x0000000097000000, 0x0000000097000000|100%| O|  |TAMS 0x0000000096f00000| PB 0x0000000096f00000| Untracked 
| 368|0x0000000097000000, 0x0000000097100000, 0x0000000097100000|100%| O|  |TAMS 0x0000000097000000| PB 0x0000000097000000| Untracked 
| 369|0x0000000097100000, 0x0000000097200000, 0x0000000097200000|100%| O|  |TAMS 0x0000000097100000| PB 0x0000000097100000| Untracked 
| 370|0x0000000097200000, 0x0000000097300000, 0x0000000097300000|100%| O|  |TAMS 0x0000000097200000| PB 0x0000000097200000| Untracked 
| 371|0x0000000097300000, 0x0000000097400000, 0x0000000097400000|100%| O|  |TAMS 0x0000000097300000| PB 0x0000000097300000| Untracked 
| 372|0x0000000097400000, 0x0000000097500000, 0x0000000097500000|100%| O|  |TAMS 0x0000000097400000| PB 0x0000000097400000| Untracked 
| 373|0x0000000097500000, 0x0000000097600000, 0x0000000097600000|100%| O|  |TAMS 0x0000000097500000| PB 0x0000000097500000| Untracked 
| 374|0x0000000097600000, 0x0000000097700000, 0x0000000097700000|100%| O|  |TAMS 0x0000000097600000| PB 0x0000000097600000| Untracked 
| 375|0x0000000097700000, 0x0000000097800000, 0x0000000097800000|100%| O|  |TAMS 0x0000000097700000| PB 0x0000000097700000| Untracked 
| 376|0x0000000097800000, 0x0000000097900000, 0x0000000097900000|100%| O|  |TAMS 0x0000000097800000| PB 0x0000000097800000| Untracked 
| 377|0x0000000097900000, 0x0000000097a00000, 0x0000000097a00000|100%| O|  |TAMS 0x0000000097900000| PB 0x0000000097900000| Untracked 
| 378|0x0000000097a00000, 0x0000000097b00000, 0x0000000097b00000|100%| O|  |TAMS 0x0000000097a00000| PB 0x0000000097a00000| Untracked 
| 379|0x0000000097b00000, 0x0000000097c00000, 0x0000000097c00000|100%| O|  |TAMS 0x0000000097b00000| PB 0x0000000097b00000| Untracked 
| 380|0x0000000097c00000, 0x0000000097d00000, 0x0000000097d00000|100%| O|  |TAMS 0x0000000097c00000| PB 0x0000000097c00000| Untracked 
| 381|0x0000000097d00000, 0x0000000097e00000, 0x0000000097e00000|100%| O|  |TAMS 0x0000000097d00000| PB 0x0000000097d00000| Untracked 
| 382|0x0000000097e00000, 0x0000000097f00000, 0x0000000097f00000|100%| O|  |TAMS 0x0000000097e00000| PB 0x0000000097e00000| Untracked 
| 383|0x0000000097f00000, 0x0000000098000000, 0x0000000098000000|100%|HS|  |TAMS 0x0000000097f00000| PB 0x0000000097f00000| Complete 
| 384|0x0000000098000000, 0x0000000098000000, 0x0000000098100000|  0%| F|  |TAMS 0x0000000098000000| PB 0x0000000098000000| Untracked 
| 385|0x0000000098100000, 0x0000000098200000, 0x0000000098200000|100%|HS|  |TAMS 0x0000000098100000| PB 0x0000000098100000| Complete 
| 386|0x0000000098200000, 0x0000000098300000, 0x0000000098300000|100%| O|  |TAMS 0x0000000098200000| PB 0x0000000098200000| Untracked 
| 387|0x0000000098300000, 0x0000000098400000, 0x0000000098400000|100%| O|  |TAMS 0x0000000098300000| PB 0x0000000098300000| Untracked 
| 388|0x0000000098400000, 0x0000000098500000, 0x0000000098500000|100%| O|  |TAMS 0x0000000098400000| PB 0x0000000098400000| Untracked 
| 389|0x0000000098500000, 0x0000000098600000, 0x0000000098600000|100%| O|  |TAMS 0x0000000098500000| PB 0x0000000098500000| Untracked 
| 390|0x0000000098600000, 0x0000000098700000, 0x0000000098700000|100%| O|  |TAMS 0x0000000098600000| PB 0x0000000098600000| Untracked 
| 391|0x0000000098700000, 0x0000000098800000, 0x0000000098800000|100%| O|  |TAMS 0x0000000098700000| PB 0x0000000098700000| Untracked 
| 392|0x0000000098800000, 0x0000000098900000, 0x0000000098900000|100%| O|  |TAMS 0x0000000098800000| PB 0x0000000098800000| Untracked 
| 393|0x0000000098900000, 0x0000000098a00000, 0x0000000098a00000|100%| O|  |TAMS 0x0000000098900000| PB 0x0000000098900000| Untracked 
| 394|0x0000000098a00000, 0x0000000098b00000, 0x0000000098b00000|100%| O|  |TAMS 0x0000000098a00000| PB 0x0000000098a00000| Untracked 
| 395|0x0000000098b00000, 0x0000000098c00000, 0x0000000098c00000|100%| O|  |TAMS 0x0000000098b00000| PB 0x0000000098b00000| Untracked 
| 396|0x0000000098c00000, 0x0000000098d00000, 0x0000000098d00000|100%| O|  |TAMS 0x0000000098c00000| PB 0x0000000098c00000| Untracked 
| 397|0x0000000098d00000, 0x0000000098e00000, 0x0000000098e00000|100%| O|  |TAMS 0x0000000098d00000| PB 0x0000000098d00000| Untracked 
| 398|0x0000000098e00000, 0x0000000098f00000, 0x0000000098f00000|100%| O|  |TAMS 0x0000000098e00000| PB 0x0000000098e00000| Untracked 
| 399|0x0000000098f00000, 0x0000000099000000, 0x0000000099000000|100%| O|  |TAMS 0x0000000098f00000| PB 0x0000000098f00000| Untracked 
| 400|0x0000000099000000, 0x0000000099100000, 0x0000000099100000|100%| O|  |TAMS 0x0000000099000000| PB 0x0000000099000000| Untracked 
| 401|0x0000000099100000, 0x0000000099200000, 0x0000000099200000|100%| O|  |TAMS 0x0000000099100000| PB 0x0000000099100000| Untracked 
| 402|0x0000000099200000, 0x0000000099300000, 0x0000000099300000|100%| O|  |TAMS 0x0000000099200000| PB 0x0000000099200000| Untracked 
| 403|0x0000000099300000, 0x0000000099400000, 0x0000000099400000|100%| O|  |TAMS 0x0000000099300000| PB 0x0000000099300000| Untracked 
| 404|0x0000000099400000, 0x0000000099500000, 0x0000000099500000|100%| O|  |TAMS 0x0000000099400000| PB 0x0000000099400000| Untracked 
| 405|0x0000000099500000, 0x0000000099600000, 0x0000000099600000|100%| O|  |TAMS 0x0000000099500000| PB 0x0000000099500000| Untracked 
| 406|0x0000000099600000, 0x0000000099700000, 0x0000000099700000|100%| O|  |TAMS 0x0000000099600000| PB 0x0000000099600000| Untracked 
| 407|0x0000000099700000, 0x0000000099800000, 0x0000000099800000|100%| O|  |TAMS 0x0000000099700000| PB 0x0000000099700000| Untracked 
| 408|0x0000000099800000, 0x0000000099900000, 0x0000000099900000|100%| O|  |TAMS 0x0000000099800000| PB 0x0000000099800000| Untracked 
| 409|0x0000000099900000, 0x0000000099a00000, 0x0000000099a00000|100%| O|  |TAMS 0x0000000099900000| PB 0x0000000099900000| Untracked 
| 410|0x0000000099a00000, 0x0000000099b00000, 0x0000000099b00000|100%| O|  |TAMS 0x0000000099a00000| PB 0x0000000099a00000| Untracked 
| 411|0x0000000099b00000, 0x0000000099c00000, 0x0000000099c00000|100%| O|  |TAMS 0x0000000099b00000| PB 0x0000000099b00000| Untracked 
| 412|0x0000000099c00000, 0x0000000099d00000, 0x0000000099d00000|100%| O|  |TAMS 0x0000000099c00000| PB 0x0000000099c00000| Untracked 
| 413|0x0000000099d00000, 0x0000000099e00000, 0x0000000099e00000|100%| O|  |TAMS 0x0000000099d00000| PB 0x0000000099d00000| Untracked 
| 414|0x0000000099e00000, 0x0000000099f00000, 0x0000000099f00000|100%| O|  |TAMS 0x0000000099e00000| PB 0x0000000099e00000| Untracked 
| 415|0x0000000099f00000, 0x000000009a000000, 0x000000009a000000|100%| O|  |TAMS 0x0000000099f00000| PB 0x0000000099f00000| Untracked 
| 416|0x000000009a000000, 0x000000009a100000, 0x000000009a100000|100%| O|  |TAMS 0x000000009a000000| PB 0x000000009a000000| Untracked 
| 417|0x000000009a100000, 0x000000009a200000, 0x000000009a200000|100%| O|  |TAMS 0x000000009a100000| PB 0x000000009a100000| Untracked 
| 418|0x000000009a200000, 0x000000009a300000, 0x000000009a300000|100%| O|  |TAMS 0x000000009a200000| PB 0x000000009a200000| Untracked 
| 419|0x000000009a300000, 0x000000009a400000, 0x000000009a400000|100%| O|  |TAMS 0x000000009a300000| PB 0x000000009a300000| Untracked 
| 420|0x000000009a400000, 0x000000009a500000, 0x000000009a500000|100%| O|  |TAMS 0x000000009a400000| PB 0x000000009a400000| Untracked 
| 421|0x000000009a500000, 0x000000009a600000, 0x000000009a600000|100%| O|  |TAMS 0x000000009a500000| PB 0x000000009a500000| Untracked 
| 422|0x000000009a600000, 0x000000009a700000, 0x000000009a700000|100%| O|  |TAMS 0x000000009a600000| PB 0x000000009a600000| Untracked 
| 423|0x000000009a700000, 0x000000009a800000, 0x000000009a800000|100%| O|  |TAMS 0x000000009a700000| PB 0x000000009a700000| Untracked 
| 424|0x000000009a800000, 0x000000009a800000, 0x000000009a900000|  0%| F|  |TAMS 0x000000009a800000| PB 0x000000009a800000| Untracked 
| 425|0x000000009a900000, 0x000000009a900000, 0x000000009aa00000|  0%| F|  |TAMS 0x000000009a900000| PB 0x000000009a900000| Untracked 
| 426|0x000000009aa00000, 0x000000009aa00000, 0x000000009ab00000|  0%| F|  |TAMS 0x000000009aa00000| PB 0x000000009aa00000| Untracked 
| 427|0x000000009ab00000, 0x000000009ab00000, 0x000000009ac00000|  0%| F|  |TAMS 0x000000009ab00000| PB 0x000000009ab00000| Untracked 
| 428|0x000000009ac00000, 0x000000009ac00000, 0x000000009ad00000|  0%| F|  |TAMS 0x000000009ac00000| PB 0x000000009ac00000| Untracked 
| 429|0x000000009ad00000, 0x000000009ad00000, 0x000000009ae00000|  0%| F|  |TAMS 0x000000009ad00000| PB 0x000000009ad00000| Untracked 
| 430|0x000000009ae00000, 0x000000009ae00000, 0x000000009af00000|  0%| F|  |TAMS 0x000000009ae00000| PB 0x000000009ae00000| Untracked 
| 431|0x000000009af00000, 0x000000009af00000, 0x000000009b000000|  0%| F|  |TAMS 0x000000009af00000| PB 0x000000009af00000| Untracked 
| 432|0x000000009b000000, 0x000000009b000000, 0x000000009b100000|  0%| F|  |TAMS 0x000000009b000000| PB 0x000000009b000000| Untracked 
| 433|0x000000009b100000, 0x000000009b100000, 0x000000009b200000|  0%| F|  |TAMS 0x000000009b100000| PB 0x000000009b100000| Untracked 
| 434|0x000000009b200000, 0x000000009b200000, 0x000000009b300000|  0%| F|  |TAMS 0x000000009b200000| PB 0x000000009b200000| Untracked 
| 435|0x000000009b300000, 0x000000009b300000, 0x000000009b400000|  0%| F|  |TAMS 0x000000009b300000| PB 0x000000009b300000| Untracked 
| 436|0x000000009b400000, 0x000000009b400000, 0x000000009b500000|  0%| F|  |TAMS 0x000000009b400000| PB 0x000000009b400000| Untracked 
| 437|0x000000009b500000, 0x000000009b500000, 0x000000009b600000|  0%| F|  |TAMS 0x000000009b500000| PB 0x000000009b500000| Untracked 
| 438|0x000000009b600000, 0x000000009b600000, 0x000000009b700000|  0%| F|  |TAMS 0x000000009b600000| PB 0x000000009b600000| Untracked 
| 439|0x000000009b700000, 0x000000009b700000, 0x000000009b800000|  0%| F|  |TAMS 0x000000009b700000| PB 0x000000009b700000| Untracked 
| 440|0x000000009b800000, 0x000000009b800000, 0x000000009b900000|  0%| F|  |TAMS 0x000000009b800000| PB 0x000000009b800000| Untracked 
| 441|0x000000009b900000, 0x000000009b900000, 0x000000009ba00000|  0%| F|  |TAMS 0x000000009b900000| PB 0x000000009b900000| Untracked 
| 442|0x000000009ba00000, 0x000000009ba00000, 0x000000009bb00000|  0%| F|  |TAMS 0x000000009ba00000| PB 0x000000009ba00000| Untracked 
| 443|0x000000009bb00000, 0x000000009bb00000, 0x000000009bc00000|  0%| F|  |TAMS 0x000000009bb00000| PB 0x000000009bb00000| Untracked 
| 444|0x000000009bc00000, 0x000000009bc00000, 0x000000009bd00000|  0%| F|  |TAMS 0x000000009bc00000| PB 0x000000009bc00000| Untracked 
| 445|0x000000009bd00000, 0x000000009bd00000, 0x000000009be00000|  0%| F|  |TAMS 0x000000009bd00000| PB 0x000000009bd00000| Untracked 
| 446|0x000000009be00000, 0x000000009be00000, 0x000000009bf00000|  0%| F|  |TAMS 0x000000009be00000| PB 0x000000009be00000| Untracked 
| 447|0x000000009bf00000, 0x000000009bf00000, 0x000000009c000000|  0%| F|  |TAMS 0x000000009bf00000| PB 0x000000009bf00000| Untracked 
| 448|0x000000009c000000, 0x000000009c000000, 0x000000009c100000|  0%| F|  |TAMS 0x000000009c000000| PB 0x000000009c000000| Untracked 
| 449|0x000000009c100000, 0x000000009c100000, 0x000000009c200000|  0%| F|  |TAMS 0x000000009c100000| PB 0x000000009c100000| Untracked 
| 450|0x000000009c200000, 0x000000009c200000, 0x000000009c300000|  0%| F|  |TAMS 0x000000009c200000| PB 0x000000009c200000| Untracked 
| 451|0x000000009c300000, 0x000000009c300000, 0x000000009c400000|  0%| F|  |TAMS 0x000000009c300000| PB 0x000000009c300000| Untracked 
| 452|0x000000009c400000, 0x000000009c400000, 0x000000009c500000|  0%| F|  |TAMS 0x000000009c400000| PB 0x000000009c400000| Untracked 
| 453|0x000000009c500000, 0x000000009c500000, 0x000000009c600000|  0%| F|  |TAMS 0x000000009c500000| PB 0x000000009c500000| Untracked 
| 454|0x000000009c600000, 0x000000009c600000, 0x000000009c700000|  0%| F|  |TAMS 0x000000009c600000| PB 0x000000009c600000| Untracked 
| 455|0x000000009c700000, 0x000000009c700000, 0x000000009c800000|  0%| F|  |TAMS 0x000000009c700000| PB 0x000000009c700000| Untracked 
| 456|0x000000009c800000, 0x000000009c800000, 0x000000009c900000|  0%| F|  |TAMS 0x000000009c800000| PB 0x000000009c800000| Untracked 
| 457|0x000000009c900000, 0x000000009c900000, 0x000000009ca00000|  0%| F|  |TAMS 0x000000009c900000| PB 0x000000009c900000| Untracked 
| 458|0x000000009ca00000, 0x000000009ca00000, 0x000000009cb00000|  0%| F|  |TAMS 0x000000009ca00000| PB 0x000000009ca00000| Untracked 
| 459|0x000000009cb00000, 0x000000009cb00000, 0x000000009cc00000|  0%| F|  |TAMS 0x000000009cb00000| PB 0x000000009cb00000| Untracked 
| 460|0x000000009cc00000, 0x000000009cc00000, 0x000000009cd00000|  0%| F|  |TAMS 0x000000009cc00000| PB 0x000000009cc00000| Untracked 
| 461|0x000000009cd00000, 0x000000009cd00000, 0x000000009ce00000|  0%| F|  |TAMS 0x000000009cd00000| PB 0x000000009cd00000| Untracked 
| 462|0x000000009ce00000, 0x000000009ce00000, 0x000000009cf00000|  0%| F|  |TAMS 0x000000009ce00000| PB 0x000000009ce00000| Untracked 
| 463|0x000000009cf00000, 0x000000009cf00000, 0x000000009d000000|  0%| F|  |TAMS 0x000000009cf00000| PB 0x000000009cf00000| Untracked 
| 464|0x000000009d000000, 0x000000009d000000, 0x000000009d100000|  0%| F|  |TAMS 0x000000009d000000| PB 0x000000009d000000| Untracked 
| 465|0x000000009d100000, 0x000000009d100000, 0x000000009d200000|  0%| F|  |TAMS 0x000000009d100000| PB 0x000000009d100000| Untracked 
| 466|0x000000009d200000, 0x000000009d200000, 0x000000009d300000|  0%| F|  |TAMS 0x000000009d200000| PB 0x000000009d200000| Untracked 
| 467|0x000000009d300000, 0x000000009d300000, 0x000000009d400000|  0%| F|  |TAMS 0x000000009d300000| PB 0x000000009d300000| Untracked 
| 468|0x000000009d400000, 0x000000009d400000, 0x000000009d500000|  0%| F|  |TAMS 0x000000009d400000| PB 0x000000009d400000| Untracked 
| 469|0x000000009d500000, 0x000000009d500000, 0x000000009d600000|  0%| F|  |TAMS 0x000000009d500000| PB 0x000000009d500000| Untracked 
| 470|0x000000009d600000, 0x000000009d700000, 0x000000009d700000|100%| S|CS|TAMS 0x000000009d600000| PB 0x000000009d600000| Complete 
| 471|0x000000009d700000, 0x000000009d800000, 0x000000009d800000|100%| S|CS|TAMS 0x000000009d700000| PB 0x000000009d700000| Complete 
| 472|0x000000009d800000, 0x000000009d900000, 0x000000009d900000|100%| S|CS|TAMS 0x000000009d800000| PB 0x000000009d800000| Complete 
| 473|0x000000009d900000, 0x000000009da00000, 0x000000009da00000|100%| S|CS|TAMS 0x000000009d900000| PB 0x000000009d900000| Complete 
| 474|0x000000009da00000, 0x000000009db00000, 0x000000009db00000|100%| S|CS|TAMS 0x000000009da00000| PB 0x000000009da00000| Complete 
| 475|0x000000009db00000, 0x000000009dc00000, 0x000000009dc00000|100%| S|CS|TAMS 0x000000009db00000| PB 0x000000009db00000| Complete 
| 476|0x000000009dc00000, 0x000000009dd00000, 0x000000009dd00000|100%| S|CS|TAMS 0x000000009dc00000| PB 0x000000009dc00000| Complete 
| 477|0x000000009dd00000, 0x000000009de00000, 0x000000009de00000|100%| S|CS|TAMS 0x000000009dd00000| PB 0x000000009dd00000| Complete 
| 478|0x000000009de00000, 0x000000009df00000, 0x000000009df00000|100%| S|CS|TAMS 0x000000009de00000| PB 0x000000009de00000| Complete 
| 479|0x000000009df00000, 0x000000009e000000, 0x000000009e000000|100%| S|CS|TAMS 0x000000009df00000| PB 0x000000009df00000| Complete 
| 480|0x000000009e000000, 0x000000009e100000, 0x000000009e100000|100%| S|CS|TAMS 0x000000009e000000| PB 0x000000009e000000| Complete 
| 481|0x000000009e100000, 0x000000009e200000, 0x000000009e200000|100%| S|CS|TAMS 0x000000009e100000| PB 0x000000009e100000| Complete 
| 482|0x000000009e200000, 0x000000009e300000, 0x000000009e300000|100%| S|CS|TAMS 0x000000009e200000| PB 0x000000009e200000| Complete 
| 483|0x000000009e300000, 0x000000009e300000, 0x000000009e400000|  0%| F|  |TAMS 0x000000009e300000| PB 0x000000009e300000| Untracked 
| 484|0x000000009e400000, 0x000000009e400000, 0x000000009e500000|  0%| F|  |TAMS 0x000000009e400000| PB 0x000000009e400000| Untracked 
| 485|0x000000009e500000, 0x000000009e500000, 0x000000009e600000|  0%| F|  |TAMS 0x000000009e500000| PB 0x000000009e500000| Untracked 
| 486|0x000000009e600000, 0x000000009e600000, 0x000000009e700000|  0%| F|  |TAMS 0x000000009e600000| PB 0x000000009e600000| Untracked 
| 487|0x000000009e700000, 0x000000009e700000, 0x000000009e800000|  0%| F|  |TAMS 0x000000009e700000| PB 0x000000009e700000| Untracked 
| 488|0x000000009e800000, 0x000000009e800000, 0x000000009e900000|  0%| F|  |TAMS 0x000000009e800000| PB 0x000000009e800000| Untracked 
| 489|0x000000009e900000, 0x000000009e900000, 0x000000009ea00000|  0%| F|  |TAMS 0x000000009e900000| PB 0x000000009e900000| Untracked 
| 490|0x000000009ea00000, 0x000000009ea00000, 0x000000009eb00000|  0%| F|  |TAMS 0x000000009ea00000| PB 0x000000009ea00000| Untracked 
| 491|0x000000009eb00000, 0x000000009eb00000, 0x000000009ec00000|  0%| F|  |TAMS 0x000000009eb00000| PB 0x000000009eb00000| Untracked 
| 492|0x000000009ec00000, 0x000000009ec00000, 0x000000009ed00000|  0%| F|  |TAMS 0x000000009ec00000| PB 0x000000009ec00000| Untracked 
| 493|0x000000009ed00000, 0x000000009ed00000, 0x000000009ee00000|  0%| F|  |TAMS 0x000000009ed00000| PB 0x000000009ed00000| Untracked 
| 494|0x000000009ee00000, 0x000000009ee00000, 0x000000009ef00000|  0%| F|  |TAMS 0x000000009ee00000| PB 0x000000009ee00000| Untracked 
| 495|0x000000009ef00000, 0x000000009ef00000, 0x000000009f000000|  0%| F|  |TAMS 0x000000009ef00000| PB 0x000000009ef00000| Untracked 
| 496|0x000000009f000000, 0x000000009f000000, 0x000000009f100000|  0%| F|  |TAMS 0x000000009f000000| PB 0x000000009f000000| Untracked 
| 497|0x000000009f100000, 0x000000009f100000, 0x000000009f200000|  0%| F|  |TAMS 0x000000009f100000| PB 0x000000009f100000| Untracked 
| 498|0x000000009f200000, 0x000000009f200000, 0x000000009f300000|  0%| F|  |TAMS 0x000000009f200000| PB 0x000000009f200000| Untracked 
| 499|0x000000009f300000, 0x000000009f300000, 0x000000009f400000|  0%| F|  |TAMS 0x000000009f300000| PB 0x000000009f300000| Untracked 
| 500|0x000000009f400000, 0x000000009f400000, 0x000000009f500000|  0%| F|  |TAMS 0x000000009f400000| PB 0x000000009f400000| Untracked 
| 501|0x000000009f500000, 0x000000009f500000, 0x000000009f600000|  0%| F|  |TAMS 0x000000009f500000| PB 0x000000009f500000| Untracked 
| 502|0x000000009f600000, 0x000000009f600000, 0x000000009f700000|  0%| F|  |TAMS 0x000000009f600000| PB 0x000000009f600000| Untracked 
| 503|0x000000009f700000, 0x000000009f700000, 0x000000009f800000|  0%| F|  |TAMS 0x000000009f700000| PB 0x000000009f700000| Untracked 
| 504|0x000000009f800000, 0x000000009f800000, 0x000000009f900000|  0%| F|  |TAMS 0x000000009f800000| PB 0x000000009f800000| Untracked 
| 505|0x000000009f900000, 0x000000009f900000, 0x000000009fa00000|  0%| F|  |TAMS 0x000000009f900000| PB 0x000000009f900000| Untracked 
| 506|0x000000009fa00000, 0x000000009fa00000, 0x000000009fb00000|  0%| F|  |TAMS 0x000000009fa00000| PB 0x000000009fa00000| Untracked 
| 507|0x000000009fb00000, 0x000000009fb00000, 0x000000009fc00000|  0%| F|  |TAMS 0x000000009fb00000| PB 0x000000009fb00000| Untracked 
| 508|0x000000009fc00000, 0x000000009fc00000, 0x000000009fd00000|  0%| F|  |TAMS 0x000000009fc00000| PB 0x000000009fc00000| Untracked 
| 509|0x000000009fd00000, 0x000000009fd00000, 0x000000009fe00000|  0%| F|  |TAMS 0x000000009fd00000| PB 0x000000009fd00000| Untracked 
| 510|0x000000009fe00000, 0x000000009fe00000, 0x000000009ff00000|  0%| F|  |TAMS 0x000000009fe00000| PB 0x000000009fe00000| Untracked 
| 511|0x000000009ff00000, 0x000000009ff00000, 0x00000000a0000000|  0%| F|  |TAMS 0x000000009ff00000| PB 0x000000009ff00000| Untracked 
| 512|0x00000000a0000000, 0x00000000a0000000, 0x00000000a0100000|  0%| F|  |TAMS 0x00000000a0000000| PB 0x00000000a0000000| Untracked 
| 513|0x00000000a0100000, 0x00000000a0100000, 0x00000000a0200000|  0%| F|  |TAMS 0x00000000a0100000| PB 0x00000000a0100000| Untracked 
| 514|0x00000000a0200000, 0x00000000a0200000, 0x00000000a0300000|  0%| F|  |TAMS 0x00000000a0200000| PB 0x00000000a0200000| Untracked 
| 515|0x00000000a0300000, 0x00000000a0300000, 0x00000000a0400000|  0%| F|  |TAMS 0x00000000a0300000| PB 0x00000000a0300000| Untracked 
| 516|0x00000000a0400000, 0x00000000a0400000, 0x00000000a0500000|  0%| F|  |TAMS 0x00000000a0400000| PB 0x00000000a0400000| Untracked 
| 517|0x00000000a0500000, 0x00000000a0500000, 0x00000000a0600000|  0%| F|  |TAMS 0x00000000a0500000| PB 0x00000000a0500000| Untracked 
| 518|0x00000000a0600000, 0x00000000a0600000, 0x00000000a0700000|  0%| F|  |TAMS 0x00000000a0600000| PB 0x00000000a0600000| Untracked 
| 519|0x00000000a0700000, 0x00000000a0700000, 0x00000000a0800000|  0%| F|  |TAMS 0x00000000a0700000| PB 0x00000000a0700000| Untracked 
| 520|0x00000000a0800000, 0x00000000a0800000, 0x00000000a0900000|  0%| F|  |TAMS 0x00000000a0800000| PB 0x00000000a0800000| Untracked 
| 521|0x00000000a0900000, 0x00000000a0900000, 0x00000000a0a00000|  0%| F|  |TAMS 0x00000000a0900000| PB 0x00000000a0900000| Untracked 
| 522|0x00000000a0a00000, 0x00000000a0a00000, 0x00000000a0b00000|  0%| F|  |TAMS 0x00000000a0a00000| PB 0x00000000a0a00000| Untracked 
| 523|0x00000000a0b00000, 0x00000000a0b00000, 0x00000000a0c00000|  0%| F|  |TAMS 0x00000000a0b00000| PB 0x00000000a0b00000| Untracked 
| 524|0x00000000a0c00000, 0x00000000a0c00000, 0x00000000a0d00000|  0%| F|  |TAMS 0x00000000a0c00000| PB 0x00000000a0c00000| Untracked 
| 525|0x00000000a0d00000, 0x00000000a0d00000, 0x00000000a0e00000|  0%| F|  |TAMS 0x00000000a0d00000| PB 0x00000000a0d00000| Untracked 
| 526|0x00000000a0e00000, 0x00000000a0e00000, 0x00000000a0f00000|  0%| F|  |TAMS 0x00000000a0e00000| PB 0x00000000a0e00000| Untracked 
| 527|0x00000000a0f00000, 0x00000000a0f00000, 0x00000000a1000000|  0%| F|  |TAMS 0x00000000a0f00000| PB 0x00000000a0f00000| Untracked 
| 528|0x00000000a1000000, 0x00000000a1000000, 0x00000000a1100000|  0%| F|  |TAMS 0x00000000a1000000| PB 0x00000000a1000000| Untracked 
| 529|0x00000000a1100000, 0x00000000a1100000, 0x00000000a1200000|  0%| F|  |TAMS 0x00000000a1100000| PB 0x00000000a1100000| Untracked 
| 530|0x00000000a1200000, 0x00000000a1200000, 0x00000000a1300000|  0%| F|  |TAMS 0x00000000a1200000| PB 0x00000000a1200000| Untracked 
| 531|0x00000000a1300000, 0x00000000a1300000, 0x00000000a1400000|  0%| F|  |TAMS 0x00000000a1300000| PB 0x00000000a1300000| Untracked 
| 532|0x00000000a1400000, 0x00000000a1400000, 0x00000000a1500000|  0%| F|  |TAMS 0x00000000a1400000| PB 0x00000000a1400000| Untracked 
| 533|0x00000000a1500000, 0x00000000a1500000, 0x00000000a1600000|  0%| F|  |TAMS 0x00000000a1500000| PB 0x00000000a1500000| Untracked 
| 534|0x00000000a1600000, 0x00000000a1600000, 0x00000000a1700000|  0%| F|  |TAMS 0x00000000a1600000| PB 0x00000000a1600000| Untracked 
| 535|0x00000000a1700000, 0x00000000a1700000, 0x00000000a1800000|  0%| F|  |TAMS 0x00000000a1700000| PB 0x00000000a1700000| Untracked 
| 536|0x00000000a1800000, 0x00000000a1800000, 0x00000000a1900000|  0%| F|  |TAMS 0x00000000a1800000| PB 0x00000000a1800000| Untracked 
| 537|0x00000000a1900000, 0x00000000a1900000, 0x00000000a1a00000|  0%| F|  |TAMS 0x00000000a1900000| PB 0x00000000a1900000| Untracked 
| 538|0x00000000a1a00000, 0x00000000a1a00000, 0x00000000a1b00000|  0%| F|  |TAMS 0x00000000a1a00000| PB 0x00000000a1a00000| Untracked 
| 539|0x00000000a1b00000, 0x00000000a1b00000, 0x00000000a1c00000|  0%| F|  |TAMS 0x00000000a1b00000| PB 0x00000000a1b00000| Untracked 
| 540|0x00000000a1c00000, 0x00000000a1c00000, 0x00000000a1d00000|  0%| F|  |TAMS 0x00000000a1c00000| PB 0x00000000a1c00000| Untracked 
| 541|0x00000000a1d00000, 0x00000000a1d00000, 0x00000000a1e00000|  0%| F|  |TAMS 0x00000000a1d00000| PB 0x00000000a1d00000| Untracked 
| 542|0x00000000a1e00000, 0x00000000a1e00000, 0x00000000a1f00000|  0%| F|  |TAMS 0x00000000a1e00000| PB 0x00000000a1e00000| Untracked 
| 543|0x00000000a1f00000, 0x00000000a1f00000, 0x00000000a2000000|  0%| F|  |TAMS 0x00000000a1f00000| PB 0x00000000a1f00000| Untracked 
| 544|0x00000000a2000000, 0x00000000a2000000, 0x00000000a2100000|  0%| F|  |TAMS 0x00000000a2000000| PB 0x00000000a2000000| Untracked 
| 545|0x00000000a2100000, 0x00000000a2100000, 0x00000000a2200000|  0%| F|  |TAMS 0x00000000a2100000| PB 0x00000000a2100000| Untracked 
| 546|0x00000000a2200000, 0x00000000a2200000, 0x00000000a2300000|  0%| F|  |TAMS 0x00000000a2200000| PB 0x00000000a2200000| Untracked 
| 547|0x00000000a2300000, 0x00000000a2300000, 0x00000000a2400000|  0%| F|  |TAMS 0x00000000a2300000| PB 0x00000000a2300000| Untracked 
| 548|0x00000000a2400000, 0x00000000a2400000, 0x00000000a2500000|  0%| F|  |TAMS 0x00000000a2400000| PB 0x00000000a2400000| Untracked 
| 549|0x00000000a2500000, 0x00000000a2500000, 0x00000000a2600000|  0%| F|  |TAMS 0x00000000a2500000| PB 0x00000000a2500000| Untracked 
| 550|0x00000000a2600000, 0x00000000a2600000, 0x00000000a2700000|  0%| F|  |TAMS 0x00000000a2600000| PB 0x00000000a2600000| Untracked 
| 551|0x00000000a2700000, 0x00000000a2700000, 0x00000000a2800000|  0%| F|  |TAMS 0x00000000a2700000| PB 0x00000000a2700000| Untracked 
| 552|0x00000000a2800000, 0x00000000a2800000, 0x00000000a2900000|  0%| F|  |TAMS 0x00000000a2800000| PB 0x00000000a2800000| Untracked 
| 553|0x00000000a2900000, 0x00000000a2900000, 0x00000000a2a00000|  0%| F|  |TAMS 0x00000000a2900000| PB 0x00000000a2900000| Untracked 
| 554|0x00000000a2a00000, 0x00000000a2a00000, 0x00000000a2b00000|  0%| F|  |TAMS 0x00000000a2a00000| PB 0x00000000a2a00000| Untracked 
| 555|0x00000000a2b00000, 0x00000000a2b00000, 0x00000000a2c00000|  0%| F|  |TAMS 0x00000000a2b00000| PB 0x00000000a2b00000| Untracked 
| 556|0x00000000a2c00000, 0x00000000a2c00000, 0x00000000a2d00000|  0%| F|  |TAMS 0x00000000a2c00000| PB 0x00000000a2c00000| Untracked 
| 557|0x00000000a2d00000, 0x00000000a2d00000, 0x00000000a2e00000|  0%| F|  |TAMS 0x00000000a2d00000| PB 0x00000000a2d00000| Untracked 
| 558|0x00000000a2e00000, 0x00000000a2e00000, 0x00000000a2f00000|  0%| F|  |TAMS 0x00000000a2e00000| PB 0x00000000a2e00000| Untracked 
| 559|0x00000000a2f00000, 0x00000000a2f00000, 0x00000000a3000000|  0%| F|  |TAMS 0x00000000a2f00000| PB 0x00000000a2f00000| Untracked 
| 560|0x00000000a3000000, 0x00000000a3000000, 0x00000000a3100000|  0%| F|  |TAMS 0x00000000a3000000| PB 0x00000000a3000000| Untracked 
| 561|0x00000000a3100000, 0x00000000a3100000, 0x00000000a3200000|  0%| F|  |TAMS 0x00000000a3100000| PB 0x00000000a3100000| Untracked 
| 562|0x00000000a3200000, 0x00000000a3200000, 0x00000000a3300000|  0%| F|  |TAMS 0x00000000a3200000| PB 0x00000000a3200000| Untracked 
| 563|0x00000000a3300000, 0x00000000a3300000, 0x00000000a3400000|  0%| F|  |TAMS 0x00000000a3300000| PB 0x00000000a3300000| Untracked 
| 564|0x00000000a3400000, 0x00000000a3400000, 0x00000000a3500000|  0%| F|  |TAMS 0x00000000a3400000| PB 0x00000000a3400000| Untracked 
| 565|0x00000000a3500000, 0x00000000a3500000, 0x00000000a3600000|  0%| F|  |TAMS 0x00000000a3500000| PB 0x00000000a3500000| Untracked 
| 566|0x00000000a3600000, 0x00000000a3600000, 0x00000000a3700000|  0%| F|  |TAMS 0x00000000a3600000| PB 0x00000000a3600000| Untracked 
| 567|0x00000000a3700000, 0x00000000a3700000, 0x00000000a3800000|  0%| F|  |TAMS 0x00000000a3700000| PB 0x00000000a3700000| Untracked 
| 568|0x00000000a3800000, 0x00000000a3800000, 0x00000000a3900000|  0%| F|  |TAMS 0x00000000a3800000| PB 0x00000000a3800000| Untracked 
| 569|0x00000000a3900000, 0x00000000a3900000, 0x00000000a3a00000|  0%| F|  |TAMS 0x00000000a3900000| PB 0x00000000a3900000| Untracked 
| 570|0x00000000a3a00000, 0x00000000a3a00000, 0x00000000a3b00000|  0%| F|  |TAMS 0x00000000a3a00000| PB 0x00000000a3a00000| Untracked 
| 571|0x00000000a3b00000, 0x00000000a3b00000, 0x00000000a3c00000|  0%| F|  |TAMS 0x00000000a3b00000| PB 0x00000000a3b00000| Untracked 
| 572|0x00000000a3c00000, 0x00000000a3c00000, 0x00000000a3d00000|  0%| F|  |TAMS 0x00000000a3c00000| PB 0x00000000a3c00000| Untracked 
| 573|0x00000000a3d00000, 0x00000000a3d00000, 0x00000000a3e00000|  0%| F|  |TAMS 0x00000000a3d00000| PB 0x00000000a3d00000| Untracked 
| 574|0x00000000a3e00000, 0x00000000a3e00000, 0x00000000a3f00000|  0%| F|  |TAMS 0x00000000a3e00000| PB 0x00000000a3e00000| Untracked 
| 575|0x00000000a3f00000, 0x00000000a3f00000, 0x00000000a4000000|  0%| F|  |TAMS 0x00000000a3f00000| PB 0x00000000a3f00000| Untracked 
|2021|0x00000000fe500000, 0x00000000fe600000, 0x00000000fe600000|100%| O|  |TAMS 0x00000000fe600000| PB 0x00000000fe500000| Untracked 
|2022|0x00000000fe600000, 0x00000000fe700000, 0x00000000fe700000|100%| O|  |TAMS 0x00000000fe700000| PB 0x00000000fe600000| Untracked 
|2023|0x00000000fe700000, 0x00000000fe800000, 0x00000000fe800000|100%| O|  |TAMS 0x00000000fe800000| PB 0x00000000fe700000| Untracked 
|2024|0x00000000fe800000, 0x00000000fe900000, 0x00000000fe900000|100%| O|  |TAMS 0x00000000fe900000| PB 0x00000000fe800000| Untracked 
|2025|0x00000000fe900000, 0x00000000fea00000, 0x00000000fea00000|100%| O|  |TAMS 0x00000000fea00000| PB 0x00000000fe900000| Untracked 
|2026|0x00000000fea00000, 0x00000000feb00000, 0x00000000feb00000|100%| O|  |TAMS 0x00000000feb00000| PB 0x00000000fea00000| Untracked 
|2027|0x00000000feb00000, 0x00000000fec00000, 0x00000000fec00000|100%| O|  |TAMS 0x00000000fec00000| PB 0x00000000feb00000| Untracked 
|2028|0x00000000fec00000, 0x00000000fed00000, 0x00000000fed00000|100%| O|  |TAMS 0x00000000fed00000| PB 0x00000000fec00000| Untracked 
|2029|0x00000000fed00000, 0x00000000fed00000, 0x00000000fee00000|  0%| F|  |TAMS 0x00000000fed00000| PB 0x00000000fed00000| Untracked 
|2030|0x00000000fee00000, 0x00000000fee00000, 0x00000000fef00000|  0%| F|  |TAMS 0x00000000fee00000| PB 0x00000000fee00000| Untracked 
|2031|0x00000000fef00000, 0x00000000fef00000, 0x00000000ff000000|  0%| F|  |TAMS 0x00000000fef00000| PB 0x00000000fef00000| Untracked 
|2032|0x00000000ff000000, 0x00000000ff100000, 0x00000000ff100000|100%| O|  |TAMS 0x00000000ff100000| PB 0x00000000ff000000| Untracked 
|2033|0x00000000ff100000, 0x00000000ff200000, 0x00000000ff200000|100%| O|  |TAMS 0x00000000ff200000| PB 0x00000000ff100000| Untracked 
|2034|0x00000000ff200000, 0x00000000ff300000, 0x00000000ff300000|100%| O|  |TAMS 0x00000000ff300000| PB 0x00000000ff200000| Untracked 
|2035|0x00000000ff300000, 0x00000000ff300000, 0x00000000ff400000|  0%| F|  |TAMS 0x00000000ff300000| PB 0x00000000ff300000| Untracked 
|2036|0x00000000ff400000, 0x00000000ff400000, 0x00000000ff500000|  0%| F|  |TAMS 0x00000000ff400000| PB 0x00000000ff400000| Untracked 
|2037|0x00000000ff500000, 0x00000000ff500000, 0x00000000ff600000|  0%| F|  |TAMS 0x00000000ff500000| PB 0x00000000ff500000| Untracked 
|2038|0x00000000ff600000, 0x00000000ff600000, 0x00000000ff700000|  0%| F|  |TAMS 0x00000000ff600000| PB 0x00000000ff600000| Untracked 
|2039|0x00000000ff700000, 0x00000000ff800000, 0x00000000ff800000|100%| O|  |TAMS 0x00000000ff800000| PB 0x00000000ff700000| Untracked 
|2040|0x00000000ff800000, 0x00000000ff800000, 0x00000000ff900000|  0%| F|  |TAMS 0x00000000ff800000| PB 0x00000000ff800000| Untracked 
|2041|0x00000000ff900000, 0x00000000ff900000, 0x00000000ffa00000|  0%| F|  |TAMS 0x00000000ff900000| PB 0x00000000ff900000| Untracked 
|2042|0x00000000ffa00000, 0x00000000ffa00000, 0x00000000ffb00000|  0%| F|  |TAMS 0x00000000ffa00000| PB 0x00000000ffa00000| Untracked 
|2043|0x00000000ffb00000, 0x00000000ffc00000, 0x00000000ffc00000|100%| O|  |TAMS 0x00000000ffc00000| PB 0x00000000ffb00000| Untracked 
|2044|0x00000000ffc00000, 0x00000000ffd00000, 0x00000000ffd00000|100%| O|  |TAMS 0x00000000ffd00000| PB 0x00000000ffc00000| Untracked 
|2045|0x00000000ffd00000, 0x00000000ffe00000, 0x00000000ffe00000|100%| O|  |TAMS 0x00000000ffe00000| PB 0x00000000ffd00000| Untracked 
|2046|0x00000000ffe00000, 0x00000000fff00000, 0x00000000fff00000|100%| O|  |TAMS 0x00000000fff00000| PB 0x00000000ffe00000| Untracked 
|2047|0x00000000fff00000, 0x0000000100000000, 0x0000000100000000|100%| O|  |TAMS 0x0000000100000000| PB 0x00000000fff00000| Untracked 

Card table byte_map: [0x0000020334ee0000,0x00000203352e0000] _byte_map_base: 0x0000020334ae0000

Marking Bits: (CMBitMap*) 0x000002032268c850
 Bits: [0x00000203352e0000, 0x00000203372e0000)

Polling page: 0x0000020320570000

Metaspace:

Usage:
  Non-class:    117.43 MB used.
      Class:     18.18 MB used.
       Both:    135.61 MB used.

Virtual space:
  Non-class space:      128.00 MB reserved,     118.56 MB ( 93%) committed,  2 nodes.
      Class space:        1.00 GB reserved,      19.38 MB (  2%) committed,  1 nodes.
             Both:        1.12 GB reserved,     137.94 MB ( 12%) committed. 

Chunk freelists:
   Non-Class:  9.25 MB
       Class:  12.67 MB
        Both:  21.92 MB

MaxMetaspaceSize: unlimited
CompressedClassSpaceSize: 1.00 GB
Initial GC threshold: 21.00 MB
Current GC threshold: 221.50 MB
CDS: off
 - commit_granule_bytes: 65536.
 - commit_granule_words: 8192.
 - virtual_space_node_default_size: 8388608.
 - enlarge_chunks_in_place: 1.
 - use_allocation_guard: 0.


Internal statistics:

num_allocs_failed_limit: 14.
num_arena_births: 4578.
num_arena_deaths: 0.
num_vsnodes_births: 3.
num_vsnodes_deaths: 0.
num_space_committed: 2200.
num_space_uncommitted: 0.
num_chunks_returned_to_freelist: 14.
num_chunks_taken_from_freelist: 10546.
num_chunk_merges: 14.
num_chunk_splits: 6848.
num_chunks_enlarged: 4294.
num_inconsistent_stats: 0.

CodeHeap 'non-profiled nmethods': size=120000Kb used=10584Kb max_used=10584Kb free=109416Kb
 bounds [0x000002032d260000, 0x000002032dcc0000, 0x0000020334790000]
CodeHeap 'profiled nmethods': size=120000Kb used=30690Kb max_used=30690Kb free=89309Kb
 bounds [0x0000020325790000, 0x0000020327590000, 0x000002032ccc0000]
CodeHeap 'non-nmethods': size=5760Kb used=2235Kb max_used=2323Kb free=3524Kb
 bounds [0x000002032ccc0000, 0x000002032cf30000, 0x000002032d260000]
 total_blobs=17746 nmethods=16801 adapters=849
 compilation: enabled
              stopped_count=0, restarted_count=0
 full_count=0

Compilation events (20 events):
Event: 27.427 Thread 0x000002033e074530 20678       2       com.android.tools.r8.internal.Jn::<init> (7 bytes)
Event: 27.427 Thread 0x000002033e074530 nmethod 20678 0x0000020327586010 code [0x00000203275861a0, 0x00000203275862c0]
Event: 27.429 Thread 0x000002033e074530 20679       2       com.android.tools.r8.graph.g::b (24 bytes)
Event: 27.429 Thread 0x000002033e074530 nmethod 20679 0x0000020327586390 code [0x0000020327586520, 0x0000020327586638]
Event: 27.429 Thread 0x000002033e074530 20680       3       com.android.tools.r8.internal.zm::<init> (7 bytes)
Event: 27.429 Thread 0x000002033e074530 nmethod 20680 0x0000020327586710 code [0x00000203275868c0, 0x00000203275869f8]
Event: 27.429 Thread 0x000002033e074530 20681       2       com.android.tools.r8.graph.q3::a (132 bytes)
Event: 27.430 Thread 0x000002033e074530 nmethod 20681 0x0000020327586a90 code [0x0000020327586ca0, 0x00000203275872a0]
Event: 27.439 Thread 0x000002033e074530 20682       2       com.android.tools.r8.internal.Er::<init> (7 bytes)
Event: 27.439 Thread 0x000002033e074530 nmethod 20682 0x0000020327587690 code [0x0000020327587820, 0x0000020327587940]
Event: 27.457 Thread 0x000002033e074530 20685       2       com.android.tools.r8.internal.zr::<init> (7 bytes)
Event: 27.457 Thread 0x000002033e074530 nmethod 20685 0x0000020327587a10 code [0x0000020327587ba0, 0x0000020327587cc0]
Event: 27.460 Thread 0x000002033e074530 20686       2       com.android.tools.r8.internal.lr::<init> (7 bytes)
Event: 27.461 Thread 0x000002033e074530 nmethod 20686 0x0000020327587d90 code [0x0000020327587f20, 0x0000020327588040]
Event: 27.461 Thread 0x000002033e074530 20687       2       com.android.tools.r8.internal.Gq::<init> (7 bytes)
Event: 27.461 Thread 0x000002033e074530 nmethod 20687 0x0000020327588110 code [0x00000203275882a0, 0x00000203275883c0]
Event: 27.462 Thread 0x000002033e074530 20688       2       jdk.internal.misc.Unsafe::loadFence (5 bytes)
Event: 27.462 Thread 0x000002033e074530 nmethod 20688 0x0000020327588490 code [0x0000020327588620, 0x0000020327588728]
Event: 27.465 Thread 0x000002033e074530 20689       2       com.android.tools.r8.internal.Hq::<init> (7 bytes)
Event: 27.473 Thread 0x000002033e074530 nmethod 20689 0x0000020327588790 code [0x0000020327588920, 0x0000020327588a40]

GC Heap History (20 events):
Event: 22.938 GC heap after
{Heap after GC invocations=55 (full 0):
 garbage-first heap   total 318464K, used 185968K [0x0000000080000000, 0x0000000100000000)
  region size 1024K, 17 young (17408K), 17 survivors (17408K)
 Metaspace       used 129313K, committed 131584K, reserved 1179648K
  class space    used 17220K, committed 18368K, reserved 1048576K
}
Event: 23.294 GC heap before
{Heap before GC invocations=55 (full 0):
 garbage-first heap   total 318464K, used 223856K [0x0000000080000000, 0x0000000100000000)
  region size 1024K, 56 young (57344K), 17 survivors (17408K)
 Metaspace       used 131388K, committed 133696K, reserved 1179648K
  class space    used 17503K, committed 18688K, reserved 1048576K
}
Event: 23.304 GC heap after
{Heap after GC invocations=56 (full 0):
 garbage-first heap   total 318464K, used 192647K [0x0000000080000000, 0x0000000100000000)
  region size 1024K, 6 young (6144K), 6 survivors (6144K)
 Metaspace       used 131388K, committed 133696K, reserved 1179648K
  class space    used 17503K, committed 18688K, reserved 1048576K
}
Event: 23.363 GC heap before
{Heap before GC invocations=56 (full 0):
 garbage-first heap   total 326656K, used 324743K [0x0000000080000000, 0x0000000100000000)
  region size 1024K, 42 young (43008K), 6 survivors (6144K)
 Metaspace       used 131418K, committed 133760K, reserved 1179648K
  class space    used 17503K, committed 18688K, reserved 1048576K
}
Event: 23.370 GC heap after
{Heap after GC invocations=57 (full 0):
 garbage-first heap   total 345088K, used 242772K [0x0000000080000000, 0x0000000100000000)
  region size 1024K, 12 young (12288K), 12 survivors (12288K)
 Metaspace       used 131418K, committed 133760K, reserved 1179648K
  class space    used 17503K, committed 18688K, reserved 1048576K
}
Event: 23.677 GC heap before
{Heap before GC invocations=58 (full 0):
 garbage-first heap   total 418816K, used 315476K [0x0000000080000000, 0x0000000100000000)
  region size 1024K, 77 young (78848K), 12 survivors (12288K)
 Metaspace       used 131846K, committed 134208K, reserved 1179648K
  class space    used 17549K, committed 18752K, reserved 1048576K
}
Event: 23.691 GC heap after
{Heap after GC invocations=59 (full 0):
 garbage-first heap   total 418816K, used 254802K [0x0000000080000000, 0x0000000100000000)
  region size 1024K, 10 young (10240K), 10 survivors (10240K)
 Metaspace       used 131846K, committed 134208K, reserved 1179648K
  class space    used 17549K, committed 18752K, reserved 1048576K
}
Event: 24.292 GC heap before
{Heap before GC invocations=59 (full 0):
 garbage-first heap   total 418816K, used 370514K [0x0000000080000000, 0x0000000100000000)
  region size 1024K, 122 young (124928K), 10 survivors (10240K)
 Metaspace       used 132222K, committed 134464K, reserved 1179648K
  class space    used 17597K, committed 18752K, reserved 1048576K
}
Event: 24.329 GC heap after
{Heap after GC invocations=60 (full 0):
 garbage-first heap   total 418816K, used 274888K [0x0000000080000000, 0x0000000100000000)
  region size 1024K, 16 young (16384K), 16 survivors (16384K)
 Metaspace       used 132222K, committed 134464K, reserved 1179648K
  class space    used 17597K, committed 18752K, reserved 1048576K
}
Event: 24.418 GC heap before
{Heap before GC invocations=60 (full 0):
 garbage-first heap   total 418816K, used 285128K [0x0000000080000000, 0x0000000100000000)
  region size 1024K, 27 young (27648K), 16 survivors (16384K)
 Metaspace       used 132238K, committed 134528K, reserved 1179648K
  class space    used 17598K, committed 18752K, reserved 1048576K
}
Event: 24.440 GC heap after
{Heap after GC invocations=61 (full 0):
 garbage-first heap   total 617472K, used 280506K [0x0000000080000000, 0x0000000100000000)
  region size 1024K, 4 young (4096K), 4 survivors (4096K)
 Metaspace       used 132238K, committed 134528K, reserved 1179648K
  class space    used 17598K, committed 18752K, reserved 1048576K
}
Event: 24.543 GC heap before
{Heap before GC invocations=61 (full 0):
 garbage-first heap   total 617472K, used 296890K [0x0000000080000000, 0x0000000100000000)
  region size 1024K, 19 young (19456K), 4 survivors (4096K)
 Metaspace       used 132288K, committed 134528K, reserved 1179648K
  class space    used 17606K, committed 18752K, reserved 1048576K
}
Event: 24.553 GC heap after
{Heap after GC invocations=62 (full 0):
 garbage-first heap   total 617472K, used 287117K [0x0000000080000000, 0x0000000100000000)
  region size 1024K, 9 young (9216K), 9 survivors (9216K)
 Metaspace       used 132288K, committed 134528K, reserved 1179648K
  class space    used 17606K, committed 18752K, reserved 1048576K
}
Event: 26.027 GC heap before
{Heap before GC invocations=63 (full 0):
 garbage-first heap   total 617472K, used 473485K [0x0000000080000000, 0x0000000100000000)
  region size 1024K, 187 young (191488K), 9 survivors (9216K)
 Metaspace       used 138766K, committed 141120K, reserved 1179648K
  class space    used 18614K, committed 19776K, reserved 1048576K
}
Event: 26.143 GC heap after
{Heap after GC invocations=64 (full 0):
 garbage-first heap   total 617472K, used 341685K [0x0000000080000000, 0x0000000100000000)
  region size 1024K, 24 young (24576K), 24 survivors (24576K)
 Metaspace       used 138766K, committed 141120K, reserved 1179648K
  class space    used 18614K, committed 19776K, reserved 1048576K
}
Event: 26.668 GC heap before
{Heap before GC invocations=64 (full 0):
 garbage-first heap   total 617472K, used 489141K [0x0000000080000000, 0x0000000100000000)
  region size 1024K, 168 young (172032K), 24 survivors (24576K)
 Metaspace       used 138830K, committed 141184K, reserved 1179648K
  class space    used 18615K, committed 19776K, reserved 1048576K
}
Event: 26.847 GC heap after
{Heap after GC invocations=65 (full 0):
 garbage-first heap   total 617472K, used 408040K [0x0000000080000000, 0x0000000100000000)
  region size 1024K, 21 young (21504K), 21 survivors (21504K)
 Metaspace       used 138830K, committed 141184K, reserved 1179648K
  class space    used 18615K, committed 19776K, reserved 1048576K
}
Event: 26.875 GC heap before
{Heap before GC invocations=65 (full 0):
 garbage-first heap   total 617472K, used 410088K [0x0000000080000000, 0x0000000100000000)
  region size 1024K, 24 young (24576K), 21 survivors (21504K)
 Metaspace       used 138831K, committed 141184K, reserved 1179648K
  class space    used 18615K, committed 19776K, reserved 1048576K
}
Event: 26.906 GC heap after
{Heap after GC invocations=66 (full 0):
 garbage-first heap   total 617472K, used 414184K [0x0000000080000000, 0x0000000100000000)
  region size 1024K, 5 young (5120K), 5 survivors (5120K)
 Metaspace       used 138831K, committed 141184K, reserved 1179648K
  class space    used 18615K, committed 19776K, reserved 1048576K
}
Event: 27.481 GC heap before
{Heap before GC invocations=66 (full 0):
 garbage-first heap   total 617472K, used 516584K [0x0000000080000000, 0x0000000100000000)
  region size 1024K, 103 young (105472K), 5 survivors (5120K)
 Metaspace       used 138861K, committed 141248K, reserved 1179648K
  class space    used 18616K, committed 19840K, reserved 1048576K
}

Dll operation events (3 events):
Event: 0.017 Loaded shared library C:\Program Files\Android\Android Studio\jbr\bin\java.dll
Event: 0.026 Loaded shared library C:\Program Files\Android\Android Studio\jbr\bin\zip.dll
Event: 0.602 Loaded shared library C:\Program Files\Android\Android Studio\jbr\bin\verify.dll

Deoptimization events (20 events):
Event: 27.359 Thread 0x000002033e4000d0 DEOPT PACKING pc=0x0000020327471295 sp=0x000000a6eb3fed10
Event: 27.359 Thread 0x000002033e4000d0 DEOPT UNPACKING pc=0x000002032cd14e42 sp=0x000000a6eb3fe2c8 mode 0
Event: 27.361 Thread 0x0000020344efcb70 DEOPT PACKING pc=0x0000020327471295 sp=0x000000a6eb8fea80
Event: 27.361 Thread 0x0000020344efcb70 DEOPT UNPACKING pc=0x000002032cd14e42 sp=0x000000a6eb8fe038 mode 0
Event: 27.366 Thread 0x000002033e4000d0 DEOPT PACKING pc=0x0000020327471295 sp=0x000000a6eb3fed00
Event: 27.366 Thread 0x000002033e4000d0 DEOPT UNPACKING pc=0x000002032cd14e42 sp=0x000000a6eb3fe2b8 mode 0
Event: 27.372 Thread 0x000002033e4000d0 DEOPT PACKING pc=0x0000020327471295 sp=0x000000a6eb3fed00
Event: 27.373 Thread 0x000002033e4000d0 DEOPT UNPACKING pc=0x000002032cd14e42 sp=0x000000a6eb3fe2b8 mode 0
Event: 27.377 Thread 0x0000020344f00d10 DEOPT PACKING pc=0x0000020327471295 sp=0x000000a6eb7fe850
Event: 27.377 Thread 0x0000020344f00d10 DEOPT UNPACKING pc=0x000002032cd14e42 sp=0x000000a6eb7fde08 mode 0
Event: 27.380 Thread 0x0000020341377f80 DEOPT PACKING pc=0x0000020327471295 sp=0x000000a6eb4fee30
Event: 27.380 Thread 0x0000020341377f80 DEOPT UNPACKING pc=0x000002032cd14e42 sp=0x000000a6eb4fe3e8 mode 0
Event: 27.382 Thread 0x0000020344f00d10 DEOPT PACKING pc=0x0000020327471295 sp=0x000000a6eb7fe840
Event: 27.382 Thread 0x0000020344f00d10 DEOPT UNPACKING pc=0x000002032cd14e42 sp=0x000000a6eb7fddf8 mode 0
Event: 27.382 Thread 0x0000020344f00d10 Uncommon trap: trap_request=0xffffffbe fr.pc=0x000002032dcac1ec relative=0x000000000000636c
Event: 27.382 Thread 0x0000020344f00d10 Uncommon trap: reason=profile_predicate action=maybe_recompile pc=0x000002032dcac1ec method=com.android.tools.r8.dex.C.a(I[Lcom/android/tools/r8/graph/v2;[Lcom/android/tools/r8/graph/w2;Z)[Lcom/android/tools/r8/graph/j1; @ 619 c2
Event: 27.382 Thread 0x0000020344f00d10 DEOPT PACKING pc=0x000002032dcac1ec sp=0x000000a6eb7fe940
Event: 27.382 Thread 0x0000020344f00d10 DEOPT UNPACKING pc=0x000002032cd146a2 sp=0x000000a6eb7fe8f8 mode 2
Event: 27.440 Thread 0x00000203445601c0 DEOPT PACKING pc=0x000002032738578a sp=0x000000a6e90fd910
Event: 27.440 Thread 0x00000203445601c0 DEOPT UNPACKING pc=0x000002032cd14e42 sp=0x000000a6e90fcfd8 mode 0

Classes loaded (20 events):
Event: 25.705 Loading class java/rmi/server/ServerNotActiveException
Event: 25.705 Loading class java/rmi/server/ServerNotActiveException done
Event: 25.711 Loading class sun/rmi/transport/DGCAckHandler
Event: 25.711 Loading class sun/rmi/transport/DGCAckHandler done
Event: 25.716 Loading class java/nio/ShortBuffer
Event: 25.717 Loading class java/nio/ShortBuffer done
Event: 25.717 Loading class java/nio/HeapShortBuffer
Event: 25.717 Loading class sun/rmi/transport/DGCAckHandler$1
Event: 25.717 Loading class sun/rmi/transport/DGCAckHandler$1 done
Event: 25.718 Loading class java/nio/HeapShortBuffer done
Event: 25.722 Loading class sun/rmi/transport/tcp/TCPTransport$ConnectionHandler
Event: 25.723 Loading class sun/rmi/transport/tcp/TCPTransport$ConnectionHandler done
Event: 25.727 Loading class sun/rmi/transport/Transport$1
Event: 25.727 Loading class sun/rmi/transport/Transport$1 done
Event: 25.729 Loading class sun/rmi/transport/DGCImpl$LeaseInfo
Event: 25.729 Loading class sun/rmi/transport/DGCImpl$LeaseInfo done
Event: 25.729 Loading class sun/rmi/transport/DGCImpl$1
Event: 25.729 Loading class sun/rmi/transport/DGCImpl$1 done
Event: 25.729 Loading class sun/rmi/transport/SequenceEntry
Event: 25.729 Loading class sun/rmi/transport/SequenceEntry done

Classes unloaded (0 events):
No events

Classes redefined (0 events):
No events

Internal exceptions (20 events):
Event: 25.566 Thread 0x00000203465decc0 Exception <a 'sun/nio/fs/WindowsException'{0x000000009c4d2dd8}> (0x000000009c4d2dd8) 
thrown [s\src\hotspot\share\prims\jni.cpp, line 535]
Event: 25.567 Thread 0x00000203465decc0 Exception <a 'sun/nio/fs/WindowsException'{0x000000009c4d3ea8}> (0x000000009c4d3ea8) 
thrown [s\src\hotspot\share\prims\jni.cpp, line 535]
Event: 25.567 Thread 0x00000203465decc0 Exception <a 'sun/nio/fs/WindowsException'{0x000000009c4d4d70}> (0x000000009c4d4d70) 
thrown [s\src\hotspot\share\prims\jni.cpp, line 535]
Event: 25.567 Thread 0x00000203465decc0 Exception <a 'sun/nio/fs/WindowsException'{0x000000009c4d4ed8}> (0x000000009c4d4ed8) 
thrown [s\src\hotspot\share\prims\jni.cpp, line 535]
Event: 25.567 Thread 0x00000203465decc0 Exception <a 'sun/nio/fs/WindowsException'{0x000000009c4d5fb8}> (0x000000009c4d5fb8) 
thrown [s\src\hotspot\share\prims\jni.cpp, line 535]
Event: 25.573 Thread 0x00000203465decc0 Exception <a 'java/lang/NoSuchMethodError'{0x000000009c373a00}: static Lcom/android/build/api/variant/impl/SerializableSingleOutputHandler;.<clinit>()V> (0x000000009c373a00) 
thrown [s\src\hotspot\share\prims\jni.cpp, line 1135]
Event: 25.594 Thread 0x000002034455b990 Exception <a 'java/lang/NoSuchMethodError'{0x000000009c3fa6a8}: static [Ljava/rmi/server/ObjID;.<clinit>()V> (0x000000009c3fa6a8) 
thrown [s\src\hotspot\share\prims\jni.cpp, line 1135]
Event: 25.598 Thread 0x000002034455b990 Exception <a 'java/lang/NoSuchMethodError'{0x000000009c11f000}: static [B.<clinit>()V> (0x000000009c11f000) 
thrown [s\src\hotspot\share\prims\jni.cpp, line 1135]
Event: 25.607 Thread 0x0000020344f02750 Exception <a 'java/lang/NoSuchMethodError'{0x000000009c2393f0}: 'java.lang.Object java.lang.invoke.DirectMethodHandle$Holder.newInvokeSpecial(java.lang.Object, java.lang.Object, int, java.lang.Object, long)'> (0x000000009c2393f0) 
thrown [s\src\hotspot\share\interpreter\linkResolver.cpp, line 784]
Event: 25.623 Thread 0x000002034455b990 Exception <a 'java/lang/NoSuchMethodError'{0x000000009bf77040}: static Lorg/jetbrains/kotlin/daemon/common/CompileService$CallResult;.<clinit>()V> (0x000000009bf77040) 
thrown [s\src\hotspot\share\prims\jni.cpp, line 1135]
Event: 25.624 Thread 0x00000203465d9770 Exception <a 'sun/nio/fs/WindowsException'{0x000000009bf73570}> (0x000000009bf73570) 
thrown [s\src\hotspot\share\prims\jni.cpp, line 535]
Event: 25.624 Thread 0x00000203465d9770 Exception <a 'sun/nio/fs/WindowsException'{0x000000009bf9e370}> (0x000000009bf9e370) 
thrown [s\src\hotspot\share\prims\jni.cpp, line 535]
Event: 25.624 Thread 0x00000203465d9770 Exception <a 'sun/nio/fs/WindowsException'{0x000000009bf9e508}> (0x000000009bf9e508) 
thrown [s\src\hotspot\share\prims\jni.cpp, line 535]
Event: 25.624 Thread 0x000002034455b990 Exception <a 'java/lang/NoSuchMethodError'{0x000000009bf83098}: static Lorg/jetbrains/kotlin/daemon/common/CompileService$CallResult$Good;.<clinit>()V> (0x000000009bf83098) 
thrown [s\src\hotspot\share\prims\jni.cpp, line 1135]
Event: 25.626 Thread 0x000002034455b990 Exception <a 'java/lang/NoSuchMethodError'{0x000000009bf90148}: static Lorg/jetbrains/kotlin/daemon/common/DaemonJVMOptions;.<clinit>()V> (0x000000009bf90148) 
thrown [s\src\hotspot\share\prims\jni.cpp, line 1135]
Event: 25.639 Thread 0x000002034455b990 Exception <a 'java/lang/NoSuchMethodError'{0x000000009bed8b10}: static Lorg/jetbrains/kotlin/daemon/common/CompileService$CallResult$Ok;.<clinit>()V> (0x000000009bed8b10) 
thrown [s\src\hotspot\share\prims\jni.cpp, line 1135]
Event: 25.656 Thread 0x00000203465e0070 Exception <a 'sun/nio/fs/WindowsException'{0x000000009bc2c0d8}> (0x000000009bc2c0d8) 
thrown [s\src\hotspot\share\prims\jni.cpp, line 535]
Event: 25.668 Thread 0x0000020346602aa0 Exception <a 'sun/nio/fs/WindowsException'{0x000000009bbad198}> (0x000000009bbad198) 
thrown [s\src\hotspot\share\prims\jni.cpp, line 535]
Event: 25.700 Thread 0x000002034455b990 Exception <a 'java/lang/NoSuchMethodError'{0x000000009b6e1110}: static [Ljava/lang/Integer;.<clinit>()V> (0x000000009b6e1110) 
thrown [s\src\hotspot\share\prims\jni.cpp, line 1135]
Event: 27.307 Thread 0x00000203465db840 Exception <a 'sun/nio/fs/WindowsException'{0x00000000a08524c8}> (0x00000000a08524c8) 
thrown [s\src\hotspot\share\prims\jni.cpp, line 535]

ZGC Phase Switch (0 events):
No events

VM Operations (20 events):
Event: 24.329 Executing VM operation: G1CollectForAllocation (G1 Evacuation Pause) done
Event: 24.418 Executing VM operation: G1TryInitiateConcMark (G1 Humongous Allocation)
Event: 24.440 Executing VM operation: G1TryInitiateConcMark (G1 Humongous Allocation) done
Event: 24.543 Executing VM operation: G1TryInitiateConcMark (G1 Humongous Allocation)
Event: 24.553 Executing VM operation: G1TryInitiateConcMark (G1 Humongous Allocation) done
Event: 25.009 Executing VM operation: G1PauseRemark
Event: 25.019 Executing VM operation: G1PauseRemark done
Event: 25.124 Executing VM operation: G1PauseCleanup
Event: 25.125 Executing VM operation: G1PauseCleanup done
Event: 25.515 Executing VM operation: HandshakeAllThreads (Deoptimize)
Event: 25.517 Executing VM operation: HandshakeAllThreads (Deoptimize) done
Event: 25.629 Executing VM operation: ICBufferFull
Event: 25.629 Executing VM operation: ICBufferFull done
Event: 26.023 Executing VM operation: G1CollectForAllocation (G1 Evacuation Pause)
Event: 26.143 Executing VM operation: G1CollectForAllocation (G1 Evacuation Pause) done
Event: 26.649 Executing VM operation: G1CollectForAllocation (G1 Evacuation Pause)
Event: 26.847 Executing VM operation: G1CollectForAllocation (G1 Evacuation Pause) done
Event: 26.873 Executing VM operation: G1TryInitiateConcMark (G1 Humongous Allocation)
Event: 26.906 Executing VM operation: G1TryInitiateConcMark (G1 Humongous Allocation) done
Event: 27.476 Executing VM operation: G1CollectForAllocation (G1 Evacuation Pause)

Memory protections (0 events):
No events

Nmethod flushes (20 events):
Event: 25.017 Thread 0x0000020339d57e50 flushing  nmethod 0x0000020326302410
Event: 25.017 Thread 0x0000020339d57e50 flushing  nmethod 0x0000020326389c90
Event: 25.017 Thread 0x0000020339d57e50 flushing  nmethod 0x000002032638a790
Event: 25.017 Thread 0x0000020339d57e50 flushing  nmethod 0x000002032638db10
Event: 25.017 Thread 0x0000020339d57e50 flushing  nmethod 0x00000203263d5390
Event: 25.017 Thread 0x0000020339d57e50 flushing  nmethod 0x000002032643a810
Event: 25.017 Thread 0x0000020339d57e50 flushing  nmethod 0x000002032643d790
Event: 25.017 Thread 0x0000020339d57e50 flushing  nmethod 0x000002032643f510
Event: 25.017 Thread 0x0000020339d57e50 flushing  nmethod 0x0000020326440290
Event: 25.017 Thread 0x0000020339d57e50 flushing  nmethod 0x0000020326763a90
Event: 25.017 Thread 0x0000020339d57e50 flushing  nmethod 0x0000020326911c90
Event: 25.017 Thread 0x0000020339d57e50 flushing  nmethod 0x000002032694d990
Event: 25.017 Thread 0x0000020339d57e50 flushing  nmethod 0x0000020326bd8d90
Event: 25.017 Thread 0x0000020339d57e50 flushing  nmethod 0x0000020326bdb790
Event: 25.017 Thread 0x0000020339d57e50 flushing  nmethod 0x0000020326be3c10
Event: 25.017 Thread 0x0000020339d57e50 flushing  nmethod 0x0000020326de5690
Event: 25.017 Thread 0x0000020339d57e50 flushing  nmethod 0x0000020326deae90
Event: 25.017 Thread 0x0000020339d57e50 flushing  nmethod 0x0000020327097c90
Event: 25.017 Thread 0x0000020339d57e50 flushing  nmethod 0x00000203271e2290
Event: 25.017 Thread 0x0000020339d57e50 flushing  nmethod 0x00000203272ec810

Events (20 events):
Event: 21.326 Thread 0x000002034455d3d0 Thread added: 0x00000203465fcec0
Event: 21.527 Thread 0x000002034455d3d0 Thread added: 0x00000203465fe900
Event: 21.527 Thread 0x000002034455d3d0 Thread added: 0x00000203465f8000
Event: 23.881 Thread 0x0000020344562290 Thread exited: 0x0000020344562290
Event: 25.245 Thread 0x000002034455ee10 Thread added: 0x000002034094e6a0
Event: 25.246 Thread 0x000002034455ee10 Thread added: 0x000002033e4000d0
Event: 25.247 Thread 0x000002034455ee10 Thread added: 0x0000020341377f80
Event: 25.267 Thread 0x000002034094e6a0 Thread added: 0x00000203465df9e0
Event: 25.268 Thread 0x00000203465df9e0 Thread added: 0x00000203405f4080
Event: 25.268 Thread 0x00000203405f4080 Thread added: 0x0000020344f00d10
Event: 25.269 Thread 0x0000020344f00d10 Thread added: 0x0000020344efcb70
Event: 25.269 Thread 0x000002033e4000d0 Thread added: 0x0000020344efbe50
Event: 25.567 Thread 0x000002034455b990 Thread added: 0x0000020344eff2d0
Event: 25.579 Thread 0x000002034455b990 Thread added: 0x0000020344f02750
Event: 25.586 Loaded shared library C:\Program Files\Android\Android Studio\jbr\bin\rmi.dll
Event: 25.589 Thread 0x000002034455b990 Thread added: 0x0000020344f02de0
Event: 25.688 Thread 0x000002034455b990 Thread added: 0x0000020344f020c0
Event: 25.688 Thread 0x000002034455b990 Thread added: 0x0000020344f00680
Event: 25.723 Thread 0x0000020344f020c0 Thread added: 0x0000020344effff0
Event: 26.858 Thread 0x0000020346602aa0 Thread added: 0x0000020344f03470


Dynamic libraries:
0x00007ff7d4bf0000 - 0x00007ff7d4bfa000 	C:\Program Files\Android\Android Studio\jbr\bin\java.exe
0x00007ffeb70b0000 - 0x00007ffeb72a8000 	C:\Windows\SYSTEM32\ntdll.dll
0x00007ffeb53f0000 - 0x00007ffeb54ad000 	C:\Windows\System32\KERNEL32.DLL
0x00007ffeb4a90000 - 0x00007ffeb4d5e000 	C:\Windows\System32\KERNELBASE.dll
0x00007ffeb4e80000 - 0x00007ffeb4f80000 	C:\Windows\System32\ucrtbase.dll
0x00007ffeab840000 - 0x00007ffeab85b000 	C:\Program Files\Android\Android Studio\jbr\bin\VCRUNTIME140.dll
0x00007ffeabab0000 - 0x00007ffeabac8000 	C:\Program Files\Android\Android Studio\jbr\bin\jli.dll
0x00007ffeb5da0000 - 0x00007ffeb5f40000 	C:\Windows\System32\USER32.dll
0x00007ffeb50e0000 - 0x00007ffeb5102000 	C:\Windows\System32\win32u.dll
0x00007ffeb6b00000 - 0x00007ffeb6b2a000 	C:\Windows\System32\GDI32.dll
0x00007ffeb4fd0000 - 0x00007ffeb50db000 	C:\Windows\System32\gdi32full.dll
0x00007ffea40f0000 - 0x00007ffea438a000 	C:\Windows\WinSxS\amd64_microsoft.windows.common-controls_6595b64144ccf1df_6.0.19041.1110_none_60b5254171f9507e\COMCTL32.dll
0x00007ffeb47d0000 - 0x00007ffeb486d000 	C:\Windows\System32\msvcp_win.dll
0x00007ffeb5720000 - 0x00007ffeb57be000 	C:\Windows\System32\msvcrt.dll
0x00007ffeb53c0000 - 0x00007ffeb53f0000 	C:\Windows\System32\IMM32.DLL
0x00007ffeaf510000 - 0x00007ffeaf51c000 	C:\Program Files\Android\Android Studio\jbr\bin\vcruntime140_1.dll
0x00007ffeab940000 - 0x00007ffeab9cd000 	C:\Program Files\Android\Android Studio\jbr\bin\msvcp140.dll
0x00007ffe2a400000 - 0x00007ffe2b083000 	C:\Program Files\Android\Android Studio\jbr\bin\server\jvm.dll
0x00007ffeb5a90000 - 0x00007ffeb5b3e000 	C:\Windows\System32\ADVAPI32.dll
0x00007ffeb51f0000 - 0x00007ffeb528c000 	C:\Windows\System32\sechost.dll
0x00007ffeb57c0000 - 0x00007ffeb58e5000 	C:\Windows\System32\RPCRT4.dll
0x00007ffeb5b40000 - 0x00007ffeb5bab000 	C:\Windows\System32\WS2_32.dll
0x00007ffeb3da0000 - 0x00007ffeb3deb000 	C:\Windows\SYSTEM32\POWRPROF.dll
0x00007ffea6f90000 - 0x00007ffea6fb7000 	C:\Windows\SYSTEM32\WINMM.dll
0x00007ffea2e90000 - 0x00007ffea2e9a000 	C:\Windows\SYSTEM32\VERSION.dll
0x00007ffeb3c10000 - 0x00007ffeb3c22000 	C:\Windows\SYSTEM32\UMPDC.dll
0x00007ffeb26c0000 - 0x00007ffeb26d2000 	C:\Windows\SYSTEM32\kernel.appcore.dll
0x00007ffeabad0000 - 0x00007ffeabada000 	C:\Program Files\Android\Android Studio\jbr\bin\jimage.dll
0x00007ffea2460000 - 0x00007ffea2644000 	C:\Windows\SYSTEM32\DBGHELP.DLL
0x00007ffea22d0000 - 0x00007ffea22fc000 	C:\Windows\SYSTEM32\dbgcore.DLL
0x00007ffeb4870000 - 0x00007ffeb48f2000 	C:\Windows\System32\bcryptPrimitives.dll
0x00007ffeabaa0000 - 0x00007ffeabaae000 	C:\Program Files\Android\Android Studio\jbr\bin\instrument.dll
0x00007ffea7630000 - 0x00007ffea7650000 	C:\Program Files\Android\Android Studio\jbr\bin\java.dll
0x00007ffea75c0000 - 0x00007ffea75d8000 	C:\Program Files\Android\Android Studio\jbr\bin\zip.dll
0x00007ffeb63b0000 - 0x00007ffeb6af3000 	C:\Windows\System32\SHELL32.dll
0x00007ffeb28c0000 - 0x00007ffeb3055000 	C:\Windows\SYSTEM32\windows.storage.dll
0x00007ffeb6b30000 - 0x00007ffeb6e84000 	C:\Windows\System32\combase.dll
0x00007ffeb4230000 - 0x00007ffeb4260000 	C:\Windows\SYSTEM32\Wldp.dll
0x00007ffeb6e90000 - 0x00007ffeb6f3d000 	C:\Windows\System32\SHCORE.dll
0x00007ffeb5510000 - 0x00007ffeb5565000 	C:\Windows\System32\shlwapi.dll
0x00007ffeb4710000 - 0x00007ffeb472f000 	C:\Windows\SYSTEM32\profapi.dll
0x00007ffea87a0000 - 0x00007ffea87b0000 	C:\Program Files\Android\Android Studio\jbr\bin\net.dll
0x00007ffeac490000 - 0x00007ffeac59a000 	C:\Windows\SYSTEM32\WINHTTP.dll
0x00007ffeb3f90000 - 0x00007ffeb3ffa000 	C:\Windows\system32\mswsock.dll
0x00007ffea7250000 - 0x00007ffea7266000 	C:\Program Files\Android\Android Studio\jbr\bin\nio.dll
0x00007ffea7100000 - 0x00007ffea7110000 	C:\Program Files\Android\Android Studio\jbr\bin\verify.dll
0x00007ffea4a10000 - 0x00007ffea4a37000 	C:\Users\HP I7\.gradle\native\c067742578af261105cb4f569cf0c3c89f3d7b1fecec35dd04571415982c5e48\windows-amd64\native-platform.dll
0x00007ffe89e20000 - 0x00007ffe89f64000 	C:\Users\HP I7\.gradle\native\100fb08df4bc3b14c8652ba06237920a3bd2aa13389f12d3474272988ae205f9\windows-amd64\native-platform-file-events.dll
0x00007ffea7240000 - 0x00007ffea7249000 	C:\Program Files\Android\Android Studio\jbr\bin\management.dll
0x00007ffea7230000 - 0x00007ffea723b000 	C:\Program Files\Android\Android Studio\jbr\bin\management_ext.dll
0x00007ffeb5d00000 - 0x00007ffeb5d08000 	C:\Windows\System32\PSAPI.DLL
0x00007ffeb4180000 - 0x00007ffeb4198000 	C:\Windows\SYSTEM32\CRYPTSP.dll
0x00007ffeb38a0000 - 0x00007ffeb38d4000 	C:\Windows\system32\rsaenh.dll
0x00007ffeb4900000 - 0x00007ffeb4927000 	C:\Windows\System32\bcrypt.dll
0x00007ffeb46d0000 - 0x00007ffeb46fe000 	C:\Windows\SYSTEM32\USERENV.dll
0x00007ffeb41a0000 - 0x00007ffeb41ac000 	C:\Windows\SYSTEM32\CRYPTBASE.dll
0x00007ffeb3c30000 - 0x00007ffeb3c6b000 	C:\Windows\SYSTEM32\IPHLPAPI.DLL
0x00007ffeb5a80000 - 0x00007ffeb5a88000 	C:\Windows\System32\NSI.dll
0x00007ffea74d0000 - 0x00007ffea74d9000 	C:\Program Files\Android\Android Studio\jbr\bin\extnet.dll
0x00007ffea7680000 - 0x00007ffea7687000 	C:\Windows\system32\wshunix.dll
0x00007ffeb34d0000 - 0x00007ffeb3503000 	C:\Windows\SYSTEM32\ntmarta.dll
0x00007ffeaf6b0000 - 0x00007ffeaf6b7000 	C:\Program Files\Android\Android Studio\jbr\bin\rmi.dll

dbghelp: loaded successfully - version: 4.0.5 - missing functions: none
symbol engine: initialized successfully - sym options: 0x614 - pdb path: .;C:\Program Files\Android\Android Studio\jbr\bin;C:\Windows\SYSTEM32;C:\Windows\WinSxS\amd64_microsoft.windows.common-controls_6595b64144ccf1df_6.0.19041.1110_none_60b5254171f9507e;C:\Program Files\Android\Android Studio\jbr\bin\server;C:\Users\HP I7\.gradle\native\c067742578af261105cb4f569cf0c3c89f3d7b1fecec35dd04571415982c5e48\windows-amd64;C:\Users\HP I7\.gradle\native\100fb08df4bc3b14c8652ba06237920a3bd2aa13389f12d3474272988ae205f9\windows-amd64

VM Arguments:
jvm_args: --add-opens=java.base/java.util=ALL-UNNAMED --add-opens=java.base/java.lang=ALL-UNNAMED --add-opens=java.base/java.lang.invoke=ALL-UNNAMED --add-opens=java.prefs/java.util.prefs=ALL-UNNAMED --add-exports=jdk.compiler/com.sun.tools.javac.api=ALL-UNNAMED --add-exports=jdk.compiler/com.sun.tools.javac.util=ALL-UNNAMED --add-opens=java.base/java.nio.charset=ALL-UNNAMED --add-opens=java.base/java.net=ALL-UNNAMED --add-opens=java.base/java.util.concurrent.atomic=ALL-UNNAMED -Xmx2048m -Dfile.encoding=UTF-8 -Duser.country=DZ -Duser.language=ar -Duser.variant -javaagent:C:\Users\HP I7\.gradle\wrapper\dists\gradle-8.10.2-bin\a04bxjujx95o3nb99gddekhwo\gradle-8.10.2\lib\agents\gradle-instrumentation-agent-8.10.2.jar 
java_command: org.gradle.launcher.daemon.bootstrap.GradleDaemon 8.10.2
java_class_path (initial): C:\Users\HP I7\.gradle\wrapper\dists\gradle-8.10.2-bin\a04bxjujx95o3nb99gddekhwo\gradle-8.10.2\lib\gradle-daemon-main-8.10.2.jar
Launcher Type: SUN_STANDARD

[Global flags]
     intx CICompilerCount                          = 4                                         {product} {ergonomic}
     uint ConcGCThreads                            = 2                                         {product} {ergonomic}
     uint G1ConcRefinementThreads                  = 8                                         {product} {ergonomic}
   size_t G1HeapRegionSize                         = 1048576                                   {product} {ergonomic}
    uintx GCDrainStackTargetSize                   = 64                                        {product} {ergonomic}
   size_t InitialHeapSize                          = 134217728                                 {product} {ergonomic}
   size_t MarkStackSize                            = 4194304                                   {product} {ergonomic}
   size_t MaxHeapSize                              = 2147483648                                {product} {command line}
   size_t MaxNewSize                               = 1287651328                                {product} {ergonomic}
   size_t MinHeapDeltaBytes                        = 1048576                                   {product} {ergonomic}
   size_t MinHeapSize                              = 8388608                                   {product} {ergonomic}
    uintx NonNMethodCodeHeapSize                   = 5839372                                {pd product} {ergonomic}
    uintx NonProfiledCodeHeapSize                  = 122909434                              {pd product} {ergonomic}
    uintx ProfiledCodeHeapSize                     = 122909434                              {pd product} {ergonomic}
    uintx ReservedCodeCacheSize                    = 251658240                              {pd product} {ergonomic}
     bool SegmentedCodeCache                       = true                                      {product} {ergonomic}
   size_t SoftMaxHeapSize                          = 2147483648                             {manageable} {ergonomic}
     bool UseCompressedOops                        = true                           {product lp64_product} {ergonomic}
     bool UseG1GC                                  = true                                      {product} {ergonomic}
     bool UseLargePagesIndividualAllocation        = false                                  {pd product} {ergonomic}

Logging:
Log output configuration:
 #0: stdout all=warning uptime,level,tags foldmultilines=false
 #1: stderr all=off uptime,level,tags foldmultilines=false

Environment Variables:
PATH=C:\Program Files\Common Files\Oracle\Java\javapath;C:\Program Files (x86)\Common Files\Oracle\Java\javapath;C:\Windows\system32;C:\Windows;C:\Windows\System32\Wbem;C:\Windows\System32\WindowsPowerShell\v1.0\;C:\Windows\System32\OpenSSH\;C:\xampp\php;C:\ProgramData\ComposerSetup\bin;C:\Program Files\Git\cmd;C:\Program Files\nodejs\;C:\Users\HP I7\Downloads\mongosh-2.4.2-win32-x64 (1)\mongosh-2.4.2-win32-x64;C:\Users\HP I7\Downloads\mongosh-2.4.2-win32-x64 (1)\mongosh-2.4.2-win32-x64\bin;C:\Users\HP I7\AppData\Local\Microsoft\WindowsApps;C:\Users\HP I7\AppData\Local\Programs\Microsoft VS Code\bin;C:\Users\HP I7\AppData\Roaming\Composer\vendor\bin;C:\Users\HP I7\AppData\Roaming\npm;C:\Users\HP I7\Downloads\mongosh-2.4.2-win32-x64 (1);C:\Users\HP I7\Downloads\mongosh-2.4.2-win32-x64 (1)\mongosh-2.4.2-win32-x64
USERNAME=HP I7
OS=Windows_NT
PROCESSOR_IDENTIFIER=Intel64 Family 6 Model 60 Stepping 3, GenuineIntel
TMP=C:\Users\HPI7~1\AppData\Local\Temp
TEMP=C:\Users\HPI7~1\AppData\Local\Temp




Periodic native trim disabled

JNI global refs:
JNI global refs: 30, weak refs: 87

JNI global refs memory usage: 835, weak refs: 1465

Process memory usage:
Resident Set Size: 494008K (5% of 8283224K total physical memory with 426656K free physical memory)

OOME stack traces (most recent first):
Classloader memory used:
Loader org.gradle.internal.classloader.VisitableURLClassLoader$InstrumentingVisitableURLClassLoader: 48898K
Loader org.gradle.internal.classloader.VisitableURLClassLoader                         : 44121K
Loader bootstrap                                                                       : 31926K
Loader org.gradle.initialization.MixInLegacyTypesClassLoader                           : 12158K
Loader jdk.internal.reflect.DelegatingClassLoader                                      : 643K
Loader jdk.internal.loader.ClassLoaders$PlatformClassLoader                            : 551K
Loader org.gradle.internal.classloader.VisitableURLClassLoader                         : 324K
Loader jdk.internal.loader.ClassLoaders$AppClassLoader                                 : 234K
Loader sun.reflect.misc.MethodUtil                                                     : 2952B

Classes loaded by more than one classloader:
Class Program                                                                         : loaded 5 times (x 68B)
Class Build_gradle                                                                    : loaded 3 times (x 126B)
Class Build_gradle$1                                                                  : loaded 3 times (x 70B)
Class com.google.common.collect.RegularImmutableMap$KeySet                            : loaded 2 times (x 146B)
Class org.gradle.internal.classloader.FilteringClassLoader                            : loaded 2 times (x 101B)
Class [Lcom.google.common.collect.MapMakerInternalMap$Segment;                        : loaded 2 times (x 65B)
Class com.google.common.io.FileWriteMode                                              : loaded 2 times (x 75B)
Class [Lcom.google.common.base.AbstractIterator$State;                                : loaded 2 times (x 65B)
Class com.google.common.base.CharMatcher$IsEither                                     : loaded 2 times (x 107B)
Class org.gradle.internal.classloader.ClassLoaderHierarchy                            : loaded 2 times (x 66B)
Class com.google.common.collect.AbstractMapBasedMultimap$WrappedCollection            : loaded 2 times (x 120B)
Class com.google.common.collect.ImmutableEnumSet                                      : loaded 2 times (x 142B)
Class com.google.common.util.concurrent.ExecutionError                                : loaded 2 times (x 78B)
Class com.google.common.collect.ImmutableList$1                                       : loaded 2 times (x 93B)
Class org.gradle.api.internal.classpath.ManifestUtil                                  : loaded 2 times (x 67B)
Class com.google.common.collect.RegularImmutableMap                                   : loaded 2 times (x 117B)
Class com.google.common.collect.ImmutableMap$MapViewOfValuesAsSingletonSets           : loaded 2 times (x 121B)
Class com.google.common.reflect.TypeCapture                                           : loaded 2 times (x 67B)
Class com.google.common.collect.TransformedListIterator                               : loaded 2 times (x 89B)
Class [Lorg.objectweb.asm.Symbol;                                                     : loaded 2 times (x 65B)
Class org.objectweb.asm.ClassVisitor                                                  : loaded 2 times (x 84B)
Class com.google.common.collect.UnmodifiableListIterator                              : loaded 2 times (x 91B)
Class com.google.common.collect.MapMakerInternalMap$StrongKeyDummyValueEntry$LinkedStrongKeyDummyValueEntry: loaded 2 times (x 78B)
Class com.google.common.collect.MapMakerInternalMap$Strength                          : loaded 2 times (x 76B)
Class com.google.common.base.Platform$JdkPatternCompiler                              : loaded 2 times (x 71B)
Class org.objectweb.asm.MethodTooLargeException                                       : loaded 2 times (x 79B)
Class [Lcom.google.common.cache.CacheBuilder$OneWeigher;                              : loaded 2 times (x 65B)
Class com.google.common.base.Suppliers                                                : loaded 2 times (x 67B)
Class org.gradle.internal.classloader.DefaultClassLoaderFactory                       : loaded 2 times (x 78B)
Class org.apache.commons.io.file.PathUtils                                            : loaded 2 times (x 67B)
Class [Lcom.google.common.collect.AbstractIterator$State;                             : loaded 2 times (x 65B)
Class com.google.common.base.CharMatcher$None                                         : loaded 2 times (x 108B)
Class org.gradle.internal.classloader.ClassLoaderVisitor                              : loaded 2 times (x 72B)
Class [Lcom.google.common.collect.ImmutableMapEntry;                                  : loaded 2 times (x 65B)
Class org.gradle.api.internal.classpath.EffectiveClassPath                            : loaded 2 times (x 86B)
Class [Lorg.apache.commons.io.StandardLineSeparator;                                  : loaded 2 times (x 65B)
Class org.apache.commons.io.output.StringBuilderWriter                                : loaded 2 times (x 96B)
Class com.google.common.collect.AbstractIterator$1                                    : loaded 2 times (x 67B)
Class com.google.common.collect.ImmutableRangeSet                                     : loaded 2 times (x 111B)
Class com.google.common.collect.ImmutableEnumMap                                      : loaded 2 times (x 121B)
Class com.google.common.collect.ListMultimap                                          : loaded 2 times (x 66B)
Class com.google.common.collect.ImmutableSet$SerializedForm                           : loaded 2 times (x 69B)
Class com.google.common.collect.Iterators$EmptyModifiableIterator                     : loaded 2 times (x 82B)
Class com.google.common.collect.Sets$1                                                : loaded 2 times (x 135B)
Class org.objectweb.asm.AnnotationVisitor                                             : loaded 2 times (x 74B)
Class com.google.common.base.Splitter                                                 : loaded 2 times (x 68B)
Class org.gradle.api.internal.DefaultClassPathProvider                                : loaded 2 times (x 72B)
Class com.google.common.collect.MapMakerInternalMap$Strength$1                        : loaded 2 times (x 76B)
Class com.google.common.collect.Maps$ViewCachingAbstractMap                           : loaded 2 times (x 121B)
Class com.google.common.collect.Sets$2                                                : loaded 2 times (x 135B)
Class [Lorg.gradle.api.internal.ClassPathProvider;                                    : loaded 2 times (x 65B)
Class org.gradle.api.internal.ClassPathProvider                                       : loaded 2 times (x 66B)
Class com.google.common.reflect.Types$ClassOwnership$1                                : loaded 2 times (x 76B)
Class com.google.common.collect.MapMakerInternalMap$Strength$2                        : loaded 2 times (x 76B)
Class [Lorg.objectweb.asm.AnnotationVisitor;                                          : loaded 2 times (x 65B)
Class com.google.common.collect.Sets$3                                                : loaded 2 times (x 135B)
Class com.google.common.util.concurrent.AbstractFuture$SafeAtomicHelper               : loaded 2 times (x 75B)
Class com.google.common.cache.LocalCache$LocalLoadingCache                            : loaded 2 times (x 130B)
Class com.google.common.base.AbstractIterator$State                                   : loaded 2 times (x 75B)
Class org.gradle.internal.service.UnknownServiceException                             : loaded 2 times (x 79B)
Class com.google.common.reflect.Types$ClassOwnership$2                                : loaded 2 times (x 76B)
Class com.google.common.reflect.TypeResolver                                          : loaded 2 times (x 68B)
Class com.google.common.collect.MapMakerInternalMap$StrongValueEntry                  : loaded 2 times (x 66B)
Class com.google.common.collect.Sets$4                                                : loaded 2 times (x 135B)
Class org.objectweb.asm.ModuleVisitor                                                 : loaded 2 times (x 77B)
Class com.google.common.cache.LocalCache$Strength$1                                   : loaded 2 times (x 77B)
Class org.apache.commons.io.output.QueueOutputStream                                  : loaded 2 times (x 83B)
Class com.google.common.reflect.Types$ClassOwnership$3                                : loaded 2 times (x 67B)
Class com.google.common.util.concurrent.SettableFuture                                : loaded 2 times (x 110B)
Class com.google.common.cache.LocalCache$Strength$2                                   : loaded 2 times (x 77B)
Class com.google.common.collect.Interners$InternerImpl                                : loaded 2 times (x 71B)
Class com.google.common.collect.Interner                                              : loaded 2 times (x 66B)
Class com.google.common.collect.TransformedIterator                                   : loaded 2 times (x 76B)
Class com.google.common.cache.LocalCache$Strength$3                                   : loaded 2 times (x 77B)
Class com.google.common.collect.MapDifference                                         : loaded 2 times (x 66B)
Class com.google.common.base.Splitter$1                                               : loaded 2 times (x 73B)
Class com.google.common.reflect.Invokable                                             : loaded 2 times (x 99B)
Class com.google.common.collect.MapMaker$Dummy                                        : loaded 2 times (x 75B)
Class org.objectweb.asm.FieldWriter                                                   : loaded 2 times (x 74B)
Class com.google.common.cache.CacheBuilder$NullListener                               : loaded 2 times (x 78B)
Class org.gradle.internal.classpath.TransformedClassPath                              : loaded 2 times (x 92B)
Class org.gradle.internal.classloader.InstrumentingClassLoader                        : loaded 2 times (x 66B)
Class org.apache.commons.io.output.UnsynchronizedByteArrayOutputStream                : loaded 2 times (x 98B)
Class com.google.common.reflect.Types$ParameterizedTypeImpl                           : loaded 2 times (x 77B)
Class com.google.common.collect.ImmutableListMultimap                                 : loaded 2 times (x 172B)
Class com.google.common.collect.ImmutableRangeSet$AsSet                               : loaded 2 times (x 295B)
Class com.google.common.cache.CacheLoader$FunctionToCacheLoader                       : loaded 2 times (x 71B)
Class com.google.common.collect.Iterators$ArrayItr                                    : loaded 2 times (x 93B)
Class com.google.common.collect.ImmutableCollection$Builder                           : loaded 2 times (x 72B)
Class org.apache.commons.io.output.ByteArrayOutputStream                              : loaded 2 times (x 98B)
Class com.google.common.reflect.TypeResolver$TypeVariableKey                          : loaded 2 times (x 68B)
Class com.google.common.collect.EmptyImmutableListMultimap                            : loaded 2 times (x 172B)
Class com.google.common.collect.BaseImmutableMultimap                                 : loaded 2 times (x 119B)
Class com.google.common.base.Joiner                                                   : loaded 2 times (x 75B)
Class com.google.common.base.MoreObjects                                              : loaded 2 times (x 67B)
Class [Lorg.objectweb.asm.Type;                                                       : loaded 2 times (x 65B)
Class com.google.common.collect.Platform                                              : loaded 2 times (x 67B)
Class com.google.common.collect.UnmodifiableIterator                                  : loaded 2 times (x 76B)
Class org.gradle.internal.service.ServiceLocator                                      : loaded 2 times (x 66B)
Class org.apache.commons.io.FileExistsException                                       : loaded 2 times (x 78B)
Class com.google.common.base.Ascii                                                    : loaded 2 times (x 67B)
Class com.google.common.collect.SingletonImmutableBiMap                               : loaded 2 times (x 139B)
Class com.google.common.cache.LocalCache$1                                            : loaded 2 times (x 85B)
Class com.google.common.collect.AbstractMapEntry                                      : loaded 2 times (x 77B)
Class com.google.common.reflect.TypeToken$SimpleTypeToken                             : loaded 2 times (x 69B)
Class com.google.common.collect.MapMakerInternalMap$AbstractStrongKeyEntry            : loaded 2 times (x 76B)
Class com.google.common.collect.Sets$ImprovedAbstractSet                              : loaded 2 times (x 131B)
Class com.google.common.collect.ImmutableList$Builder                                 : loaded 2 times (x 73B)
Class com.google.common.cache.LocalCache$2                                            : loaded 2 times (x 138B)
Class com.google.common.collect.AbstractMultimap                                      : loaded 2 times (x 119B)
Class com.google.common.collect.ImmutableRangeSet$1                                   : loaded 2 times (x 205B)
Class com.google.common.util.concurrent.AbstractFuture$UnsafeAtomicHelper$1           : loaded 2 times (x 72B)
Class com.google.common.collect.RegularImmutableAsList                                : loaded 2 times (x 212B)
Class com.google.common.base.Optional                                                 : loaded 2 times (x 76B)
Class com.google.common.collect.Range                                                 : loaded 2 times (x 83B)
Class com.google.common.util.concurrent.AbstractFuture$Trusted                        : loaded 2 times (x 66B)
Class com.google.common.collect.Iterators                                             : loaded 2 times (x 67B)
Class com.google.common.base.CharMatcher$RangesMatcher                                : loaded 2 times (x 108B)
Class com.google.common.io.ByteSink$AsCharSink                                        : loaded 2 times (x 76B)
Class com.google.common.util.concurrent.UncheckedExecutionException                   : loaded 2 times (x 78B)
Class com.google.common.collect.Lists$StringAsImmutableList                           : loaded 2 times (x 203B)
Class org.gradle.kotlin.dsl.VersionCatalogAccessorsKt                                 : loaded 2 times (x 67B)
Class com.google.common.collect.ImmutableSortedSetFauxverideShim                      : loaded 2 times (x 143B)
Class com.google.common.base.CharMatcher$JavaLetterOrDigit                            : loaded 2 times (x 107B)
Class org.gradle.internal.InternalTransformer                                         : loaded 2 times (x 66B)
Class com.google.common.collect.AbstractMapBasedMultimap$KeySet$1                     : loaded 2 times (x 78B)
Class org.objectweb.asm.ClassWriter                                                   : loaded 2 times (x 102B)
Class com.google.common.cache.CacheLoader$UnsupportedLoadingOperationException        : loaded 2 times (x 78B)
Class com.google.common.base.CharMatcher$And                                          : loaded 2 times (x 108B)
Class org.gradle.internal.classloader.ClasspathUtil$1                                 : loaded 2 times (x 72B)
Class com.google.common.collect.FluentIterable$1                                      : loaded 2 times (x 77B)
Class com.google.common.base.Objects                                                  : loaded 2 times (x 67B)
Class org.objectweb.asm.FieldVisitor                                                  : loaded 2 times (x 73B)
Class com.google.common.collect.IndexedImmutableSet                                   : loaded 2 times (x 146B)
Class com.google.common.collect.ImmutableMap$1                                        : loaded 2 times (x 77B)
Class com.google.common.collect.BiMap                                                 : loaded 2 times (x 66B)
Class org.gradle.api.internal.classpath.DefaultModuleRegistry$DefaultModule           : loaded 2 times (x 82B)
Class com.google.common.reflect.Reflection                                            : loaded 2 times (x 67B)
Class com.google.common.base.Absent                                                   : loaded 2 times (x 76B)
Class com.google.common.collect.FluentIterable$2                                      : loaded 2 times (x 77B)
Class com.google.common.primitives.Ints                                               : loaded 2 times (x 67B)
Class com.google.common.base.Equivalence$Identity                                     : loaded 2 times (x 78B)
Class com.google.common.collect.FluentIterable$3                                      : loaded 2 times (x 77B)
Class com.google.common.math.MathPreconditions                                        : loaded 2 times (x 67B)
Class com.google.common.collect.Multiset                                              : loaded 2 times (x 66B)
Class com.google.common.collect.ArrayListMultimapGwtSerializationDependencies         : loaded 2 times (x 168B)
Class com.google.common.collect.ObjectArrays                                          : loaded 2 times (x 67B)
Class com.google.common.collect.AbstractIndexedListIterator                           : loaded 2 times (x 92B)
Class org.apache.commons.io.output.NullOutputStream                                   : loaded 2 times (x 81B)
Class com.google.common.collect.ImmutableMapEntrySet                                  : loaded 2 times (x 147B)
Class org.gradle.api.internal.classpath.Module                                        : loaded 2 times (x 66B)
Class com.google.common.cache.Weigher                                                 : loaded 2 times (x 66B)
Class org.gradle.api.internal.classpath.UnknownModuleException                        : loaded 2 times (x 78B)
Class com.google.common.base.Stopwatch                                                : loaded 2 times (x 68B)
Class com.google.common.cache.LocalCache$Strength                                     : loaded 2 times (x 77B)
Class com.google.common.cache.Cache                                                   : loaded 2 times (x 66B)
Class org.apache.commons.io.filefilter.IOFileFilter                                   : loaded 2 times (x 66B)
Class com.google.common.io.AppendableWriter                                           : loaded 2 times (x 96B)
Class com.google.common.io.Files$2                                                    : loaded 2 times (x 72B)
Class com.google.common.util.concurrent.AbstractFuture$Cancellation                   : loaded 2 times (x 68B)
Class com.google.common.collect.ImmutableMap$Builder                                  : loaded 2 times (x 78B)
Class com.google.common.base.NullnessCasts                                            : loaded 2 times (x 67B)
Class com.google.common.base.Present                                                  : loaded 2 times (x 77B)
Class com.google.common.collect.AbstractMapBasedMultimap$WrappedCollection$WrappedIterator: loaded 2 times (x 80B)
Class com.google.common.cache.RemovalListener                                         : loaded 2 times (x 66B)
Class org.gradle.api.internal.DefaultClassPathRegistry                                : loaded 2 times (x 72B)
Class org.apache.commons.io.file.DeleteOption                                         : loaded 2 times (x 66B)
Class com.google.common.reflect.Invokable$ConstructorInvokable                        : loaded 2 times (x 103B)
Class com.google.common.collect.ImmutableMultimap$Keys                                : loaded 2 times (x 162B)
Class com.google.common.primitives.IntsMethodsForWeb                                  : loaded 2 times (x 67B)
Class com.google.common.collect.Multimap                                              : loaded 2 times (x 66B)
Class org.gradle.api.internal.ClassPathRegistry                                       : loaded 2 times (x 66B)
Class org.gradle.internal.classpath.DefaultClassPath$ImmutableUniqueList              : loaded 2 times (x 195B)
Class com.google.common.collect.NullnessCasts                                         : loaded 2 times (x 67B)
Class org.apache.commons.io.IOUtils                                                   : loaded 2 times (x 67B)
Class com.google.common.reflect.TypeToken                                             : loaded 2 times (x 69B)
Class com.google.common.collect.MapMakerInternalMap$Segment                           : loaded 2 times (x 138B)
Class com.google.common.base.ExtraObjectsMethodsForWeb                                : loaded 2 times (x 67B)
Class com.google.common.base.PairwiseEquivalence                                      : loaded 2 times (x 79B)
Class com.google.common.io.ByteSink                                                   : loaded 2 times (x 72B)
Class com.google.common.cache.CacheBuilder                                            : loaded 2 times (x 68B)
Class com.google.common.collect.SingletonImmutableList                                : loaded 2 times (x 203B)
Class Settings_gradle$1                                                               : loaded 2 times (x 70B)
Class org.gradle.internal.classpath.ClassPath                                         : loaded 2 times (x 66B)
Class org.gradle.api.UncheckedIOException                                             : loaded 2 times (x 78B)
Class [Lcom.google.common.reflect.Types$JavaVersion;                                  : loaded 2 times (x 65B)
Class com.google.common.collect.Interners$InternerBuilder                             : loaded 2 times (x 72B)
Class com.google.common.io.Files$FileByteSource                                       : loaded 2 times (x 81B)
Class com.google.common.collect.ImmutableList$ReverseImmutableList                    : loaded 2 times (x 204B)
Class com.google.common.base.JdkPattern                                               : loaded 2 times (x 71B)
Class com.google.common.io.CharStreams$NullWriter                                     : loaded 2 times (x 95B)
Class org.objectweb.asm.SymbolTable$Entry                                             : loaded 2 times (x 70B)
Class com.google.common.util.concurrent.AbstractFuture$AtomicHelper                   : loaded 2 times (x 74B)
Class org.objectweb.asm.Edge                                                          : loaded 2 times (x 68B)
Class com.google.common.base.Suppliers$SupplierOfInstance                             : loaded 2 times (x 75B)
Class com.google.common.collect.Iterators$1                                           : loaded 2 times (x 77B)
Class com.google.common.reflect.TypeToken$1                                           : loaded 2 times (x 106B)
Class com.google.common.cache.LocalCache$ComputingValueReference                      : loaded 2 times (x 92B)
Class com.google.common.collect.SingletonImmutableSet                                 : loaded 2 times (x 142B)
Class com.google.common.collect.ImmutableMap$IteratorBasedImmutableMap                : loaded 2 times (x 121B)
Class com.google.common.reflect.TypeToken$2                                           : loaded 2 times (x 106B)
Class com.google.common.cache.LocalCache$Segment                                      : loaded 2 times (x 150B)
Class com.google.common.collect.SortedIterable                                        : loaded 2 times (x 66B)
Class [Lorg.objectweb.asm.SymbolTable$Entry;                                          : loaded 2 times (x 65B)
Class com.google.common.cache.CacheLoader                                             : loaded 2 times (x 70B)
Class com.google.common.collect.Iterators$4                                           : loaded 2 times (x 78B)
Class com.google.common.collect.ImmutableBiMap                                        : loaded 2 times (x 139B)
Class com.google.common.collect.AbstractListMultimap                                  : loaded 2 times (x 168B)
Class org.gradle.internal.installation.GradleInstallation$1                           : loaded 2 times (x 71B)
Class org.gradle.api.internal.classpath.ModuleRegistry                                : loaded 2 times (x 66B)
Class org.apache.commons.io.output.NullWriter                                         : loaded 2 times (x 95B)
Class com.google.common.util.concurrent.internal.InternalFutureFailureAccess          : loaded 2 times (x 68B)
Class com.google.common.collect.Iterators$5                                           : loaded 2 times (x 78B)
Class com.google.common.collect.ImmutableSet$JdkBackedSetBuilderImpl                  : loaded 2 times (x 72B)
Class com.google.common.base.Splitter$SplittingIterator                               : loaded 2 times (x 80B)
Class com.google.common.collect.ImmutableMultimap$Values                              : loaded 2 times (x 122B)
Class com.google.common.io.Closer$SuppressingSuppressor                               : loaded 2 times (x 71B)
Class com.google.common.util.concurrent.AbstractFuture$UnsafeAtomicHelper             : loaded 2 times (x 74B)
Class com.google.common.cache.LocalCache$LocalManualCache$1                           : loaded 2 times (x 71B)
Class com.google.common.base.CharMatcher$ForPredicate                                 : loaded 2 times (x 108B)
Class com.google.common.collect.ImmutableCollection                                   : loaded 2 times (x 121B)
Class com.google.common.base.CharMatcher$AnyOf                                        : loaded 2 times (x 108B)
Class org.gradle.api.internal.classpath.DefaultModuleRegistry                         : loaded 2 times (x 82B)
Class com.google.common.util.concurrent.ListenableFuture                              : loaded 2 times (x 66B)
Class com.google.common.cache.ReferenceEntry                                          : loaded 2 times (x 66B)
Class com.google.common.collect.ImmutableSet$CachingAsList                            : loaded 2 times (x 143B)
Class com.google.common.base.Converter                                                : loaded 2 times (x 86B)
Class com.google.common.collect.Lists                                                 : loaded 2 times (x 67B)
Class com.google.common.base.CharMatcher$Any                                          : loaded 2 times (x 108B)
Class com.google.common.util.concurrent.AbstractFuture                                : loaded 2 times (x 102B)
Class com.google.common.base.FunctionalEquivalence                                    : loaded 2 times (x 79B)
Class com.google.common.collect.Iterators$9                                           : loaded 2 times (x 77B)
Class com.google.common.collect.AbstractMapBasedMultimap                              : loaded 2 times (x 135B)
Class com.google.common.collect.ImmutableAsList                                       : loaded 2 times (x 205B)
Class com.google.common.reflect.TypeResolver$TypeTable                                : loaded 2 times (x 69B)
Class com.google.common.io.CharStreams                                                : loaded 2 times (x 67B)
Class com.google.common.collect.ImmutableMultiset                                     : loaded 2 times (x 159B)
Class org.objectweb.asm.RecordComponentVisitor                                        : loaded 2 times (x 73B)
Class com.google.common.cache.CacheLoader$SupplierToCacheLoader                       : loaded 2 times (x 71B)
Class com.google.common.reflect.TypeResolver$TypeTable$1                              : loaded 2 times (x 69B)
Class com.google.common.collect.Maps$EntryTransformer                                 : loaded 2 times (x 66B)
Class org.gradle.internal.service.ServiceLookupException                              : loaded 2 times (x 78B)
Class com.google.common.collect.ImmutableSortedSet                                    : loaded 2 times (x 295B)
Class [Lcom.google.common.cache.LocalCache$EntryFactory;                              : loaded 2 times (x 65B)
Class com.google.common.base.CharMatcher$JavaLetter                                   : loaded 2 times (x 107B)
Class org.gradle.internal.classloader.ClassLoaderFactory                              : loaded 2 times (x 66B)
Class org.apache.commons.io.CloseableURLConnection                                    : loaded 2 times (x 113B)
Class com.google.common.collect.ImmutableMap$SerializedForm                           : loaded 2 times (x 69B)
Class com.google.common.cache.LocalCache$LocalManualCache                             : loaded 2 times (x 95B)
Class com.google.common.base.CharMatcher$IsNot                                        : loaded 2 times (x 107B)
Class com.google.common.base.CommonPattern                                            : loaded 2 times (x 70B)
Class org.gradle.internal.service.CachingServiceLocator                               : loaded 2 times (x 78B)
Class com.google.common.collect.AbstractMapBasedMultimap$KeySet                       : loaded 2 times (x 133B)
Class com.google.common.collect.RegularImmutableSortedSet                             : loaded 2 times (x 295B)
Class com.google.common.math.IntMath                                                  : loaded 2 times (x 67B)
Class com.google.common.reflect.Types$TypeVariableInvocationHandler                   : loaded 2 times (x 71B)
Class com.google.common.collect.MapMakerInternalMap$InternalEntry                     : loaded 2 times (x 66B)
Class com.google.common.collect.Iterators$10                                          : loaded 2 times (x 77B)
Class com.google.common.collect.ImmutableMapEntry                                     : loaded 2 times (x 81B)
Class com.google.common.base.CharMatcher$JavaDigit                                    : loaded 2 times (x 107B)
Class com.google.common.collect.ImmutableMultimap                                     : loaded 2 times (x 143B)
Class com.google.common.base.Equivalence                                              : loaded 2 times (x 78B)
Class com.google.common.collect.ImmutableMapEntry$NonTerminalImmutableMapEntry        : loaded 2 times (x 81B)
Class com.google.common.base.Function                                                 : loaded 2 times (x 66B)
Class com.google.common.collect.IndexedImmutableSet$1                                 : loaded 2 times (x 208B)
Class org.apache.commons.io.output.AbstractByteArrayOutputStream                      : loaded 2 times (x 98B)
Class com.google.common.cache.CacheBuilder$OneWeigher                                 : loaded 2 times (x 78B)
Class com.google.common.collect.RegularImmutableList                                  : loaded 2 times (x 208B)
Class com.google.common.reflect.Types$ClassOwnership$1LocalClass                      : loaded 2 times (x 67B)
Class com.google.common.collect.ImmutableBiMapFauxverideShim                          : loaded 2 times (x 116B)
Class org.gradle.internal.classloader.ClasspathUtil                                   : loaded 2 times (x 67B)
Class com.google.common.base.Charsets                                                 : loaded 2 times (x 67B)
Class com.google.common.util.concurrent.Uninterruptibles                              : loaded 2 times (x 67B)
Class com.google.common.collect.Maps                                                  : loaded 2 times (x 67B)
Class com.google.common.base.CharMatcher$JavaUpperCase                                : loaded 2 times (x 107B)
Class org.gradle.api.specs.Spec                                                       : loaded 2 times (x 66B)
Class org.apache.commons.io.file.PathFilter                                           : loaded 2 times (x 66B)
Class com.google.common.reflect.Types$JavaVersion                                     : loaded 2 times (x 79B)
Class com.google.common.collect.MapMaker                                              : loaded 2 times (x 68B)
Class [Lcom.google.common.collect.ImmutableEntry;                                     : loaded 2 times (x 65B)
Class com.google.common.cache.LocalCache$LoadingValueReference                        : loaded 2 times (x 92B)
Class com.google.common.collect.AbstractIterator                                      : loaded 2 times (x 78B)
Class com.google.common.reflect.Invokable$MethodInvokable                             : loaded 2 times (x 103B)
Class com.google.common.io.LineReader$1                                               : loaded 2 times (x 71B)
Class com.google.common.collect.CollectSpliterators                                   : loaded 2 times (x 67B)
Class com.google.common.collect.AbstractMapBasedMultimap$AsMap                        : loaded 2 times (x 124B)
Class com.google.common.collect.MapMakerInternalMap$StrongKeyDummyValueEntry          : loaded 2 times (x 78B)
Class com.google.common.base.Platform                                                 : loaded 2 times (x 67B)
Class com.google.common.collect.AbstractMapBasedMultimap$WrappedList                  : loaded 2 times (x 201B)
Class [Lorg.objectweb.asm.AnnotationWriter;                                           : loaded 2 times (x 65B)
Class com.google.common.primitives.Ints$IntConverter                                  : loaded 2 times (x 86B)
Class com.google.common.collect.Maps$8                                                : loaded 2 times (x 78B)
Class [Lcom.google.common.collect.Iterators$EmptyModifiableIterator;                  : loaded 2 times (x 65B)
Class com.google.common.collect.ImmutableRangeSet$Builder                             : loaded 2 times (x 73B)
Class com.google.common.collect.Sets$SetView                                          : loaded 2 times (x 134B)
Class com.google.common.cache.LocalCache$StrongValueReference                         : loaded 2 times (x 86B)
Class com.google.common.util.concurrent.AbstractFuture$SynchronizedHelper             : loaded 2 times (x 74B)
Class com.google.common.base.CharMatcher$Invisible                                    : loaded 2 times (x 108B)
Class com.google.common.graph.SuccessorsFunction                                      : loaded 2 times (x 66B)
Class org.objectweb.asm.Type                                                          : loaded 2 times (x 68B)
Class org.gradle.internal.classloader.VisitableURLClassLoader$InstrumentingVisitableURLClassLoader: loaded 2 times (x 119B)
Class org.apache.commons.io.FileUtils                                                 : loaded 2 times (x 67B)
Class com.google.common.collect.MapMakerInternalMap$StrongKeyDummyValueEntry$Helper   : loaded 2 times (x 75B)
Class com.google.common.io.Files$FileByteSink                                         : loaded 2 times (x 73B)
Class org.objectweb.asm.ByteVector                                                    : loaded 2 times (x 75B)
Class [Lcom.google.common.cache.CacheBuilder$NullListener;                            : loaded 2 times (x 65B)
Class com.google.common.math.IntMath$1                                                : loaded 2 times (x 67B)
Class org.gradle.internal.classloader.VisitableURLClassLoader$Spec                    : loaded 2 times (x 70B)
Class org.gradle.internal.classpath.DefaultClassPath                                  : loaded 2 times (x 86B)
Class com.google.common.reflect.Types$ClassOwnership                                  : loaded 2 times (x 76B)
Class org.objectweb.asm.Symbol                                                        : loaded 2 times (x 69B)
Class com.google.common.base.AbstractIterator                                         : loaded 2 times (x 76B)
Class com.google.common.io.Java8Compatibility                                         : loaded 2 times (x 67B)
Class com.google.common.io.Closer                                                     : loaded 2 times (x 74B)
Class com.google.common.collect.RegularImmutableMap$Values                            : loaded 2 times (x 203B)
Class com.google.common.collect.ImmutableSet                                          : loaded 2 times (x 141B)
Class com.google.common.base.CharMatcher$BitSetMatcher                                : loaded 2 times (x 108B)
Class com.google.common.base.CharMatcher$Ascii                                        : loaded 2 times (x 108B)
Class org.gradle.internal.classloader.ClassLoaderSpec                                 : loaded 2 times (x 67B)
Class org.objectweb.asm.AnnotationWriter                                              : loaded 2 times (x 75B)
Class com.google.common.cache.CacheStats                                              : loaded 2 times (x 67B)
Class com.google.common.collect.ImmutableMultisetGwtSerializationDependencies         : loaded 2 times (x 121B)
Class com.google.common.collect.Interners                                             : loaded 2 times (x 67B)
Class com.google.common.io.Closer$Suppressor                                          : loaded 2 times (x 66B)
Class com.google.common.io.LineProcessor                                              : loaded 2 times (x 66B)
Class org.objectweb.asm.RecordComponentWriter                                         : loaded 2 times (x 74B)
Class com.google.common.util.concurrent.AbstractFuture$Listener                       : loaded 2 times (x 68B)
Class com.google.common.base.CharMatcher$Or                                           : loaded 2 times (x 108B)
Class Settings_gradle$1$1                                                             : loaded 2 times (x 70B)
Class org.objectweb.asm.Attribute                                                     : loaded 2 times (x 73B)
Class com.google.common.base.Supplier                                                 : loaded 2 times (x 66B)
Class org.gradle.internal.classloader.VisitableURLClassLoader                         : loaded 2 times (x 113B)
Class com.google.common.collect.ImmutableList$SerializedForm                          : loaded 2 times (x 69B)
Class com.google.common.util.concurrent.AbstractFuture$Waiter                         : loaded 2 times (x 68B)
Class Settings_gradle                                                                 : loaded 2 times (x 124B)
Class org.gradle.internal.Cast                                                        : loaded 2 times (x 67B)
Class org.gradle.api.Action                                                           : loaded 2 times (x 66B)
Class com.google.common.collect.MapMakerInternalMap                                   : loaded 2 times (x 157B)
Class com.google.common.base.Strings                                                  : loaded 2 times (x 67B)
Class com.google.common.collect.Sets                                                  : loaded 2 times (x 67B)
Class org.objectweb.asm.Handler                                                       : loaded 2 times (x 68B)
Class com.google.common.base.Ticker                                                   : loaded 2 times (x 68B)
Class com.google.common.base.CharMatcher$FastMatcher                                  : loaded 2 times (x 107B)
Class [Lcom.google.common.cache.LocalCache$Segment;                                   : loaded 2 times (x 65B)
Class [Lcom.google.common.cache.LocalCache$Strength;                                  : loaded 2 times (x 65B)
Class com.google.common.cache.CacheBuilder$1                                          : loaded 2 times (x 81B)
Class com.google.common.collect.ImmutableMap                                          : loaded 2 times (x 116B)
Class com.google.common.base.Predicate                                                : loaded 2 times (x 66B)
Class org.gradle.internal.classpath.DefaultClassPath$ImmutableUniqueList$Builder      : loaded 2 times (x 71B)
Class com.google.common.collect.MapMakerInternalMap$WeakValueReference                : loaded 2 times (x 66B)
Class com.google.common.collect.AbstractRangeSet                                      : loaded 2 times (x 110B)
Class com.google.common.cache.LocalCache                                              : loaded 2 times (x 183B)
Class com.google.common.cache.CacheBuilder$2                                          : loaded 2 times (x 68B)
Class com.google.common.base.CharMatcher$NegatedFastMatcher                           : loaded 2 times (x 109B)
Class [Lcom.google.common.collect.AbstractMapEntry;                                   : loaded 2 times (x 65B)
Class com.google.common.collect.ImmutableEntry                                        : loaded 2 times (x 78B)
Class com.google.common.collect.ArrayListMultimap                                     : loaded 2 times (x 168B)
Class com.google.common.base.AbstractIterator$1                                       : loaded 2 times (x 67B)
Class com.google.common.base.CharMatcher$Digit                                        : loaded 2 times (x 108B)
Class org.gradle.api.GradleException                                                  : loaded 2 times (x 78B)
Class org.apache.commons.io.StandardLineSeparator                                     : loaded 2 times (x 75B)
Class com.google.common.base.Suppliers$MemoizingSupplier                              : loaded 2 times (x 75B)
Class com.google.common.collect.CollectPreconditions                                  : loaded 2 times (x 67B)
Class com.google.common.base.CharMatcher$JavaIsoControl                               : loaded 2 times (x 108B)
Class [Lcom.google.common.collect.MapMakerInternalMap$Strength;                       : loaded 2 times (x 65B)
Class [Lcom.google.common.io.FileWriteMode;                                           : loaded 2 times (x 65B)
Class com.google.common.collect.SortedMapDifference                                   : loaded 2 times (x 66B)
Class com.google.common.base.CharMatcher$JavaLowerCase                                : loaded 2 times (x 107B)
Class com.google.common.collect.Iterables$4                                           : loaded 2 times (x 77B)
Class com.google.common.collect.MapMakerInternalMap$StrongKeyDummyValueSegment        : loaded 2 times (x 138B)
Class com.google.common.io.Files                                                      : loaded 2 times (x 67B)
Class com.google.common.cache.LocalCache$EntryFactory                                 : loaded 2 times (x 79B)
Class com.google.common.reflect.Types$NativeTypeVariableEquals                        : loaded 2 times (x 67B)
Class com.google.common.reflect.TypeParameter                                         : loaded 2 times (x 68B)
Class [Lcom.google.common.collect.MapMaker$Dummy;                                     : loaded 2 times (x 65B)
Class com.google.common.cache.LocalCache$AbstractReferenceEntry                       : loaded 2 times (x 103B)
Class com.google.common.base.Splitter$1$1                                             : loaded 2 times (x 82B)
Class com.google.common.base.CharMatcher$Whitespace                                   : loaded 2 times (x 108B)
Class org.gradle.internal.IoActions                                                   : loaded 2 times (x 67B)
Class com.google.common.collect.ImmutableMapKeySet                                    : loaded 2 times (x 146B)
Class com.google.common.collect.ImmutableRangeSet$ComplementRanges                    : loaded 2 times (x 203B)
Class org.objectweb.asm.SymbolTable                                                   : loaded 2 times (x 68B)
Class com.google.common.cache.CacheLoader$InvalidCacheLoadException                   : loaded 2 times (x 78B)
Class com.google.common.collect.ImmutableSet$RegularSetBuilderImpl                    : loaded 2 times (x 73B)
Class com.google.common.base.CharMatcher$SingleWidth                                  : loaded 2 times (x 108B)
Class org.gradle.internal.classloader.SystemClassLoaderSpec                           : loaded 2 times (x 67B)
Class com.google.common.collect.FluentIterable                                        : loaded 2 times (x 77B)
Class com.google.common.cache.LocalCache$StrongEntry                                  : loaded 2 times (x 104B)
Class com.google.common.util.concurrent.AbstractFuture$TrustedFuture                  : loaded 2 times (x 110B)
Class com.google.common.cache.LoadingCache                                            : loaded 2 times (x 66B)
Class com.google.common.base.Suppliers$NonSerializableMemoizingSupplier               : loaded 2 times (x 75B)
Class org.objectweb.asm.MethodWriter                                                  : loaded 2 times (x 102B)
Class [Lcom.google.common.cache.Weigher;                                              : loaded 2 times (x 65B)
Class com.google.common.collect.RegularImmutableMap$BucketOverflowException           : loaded 2 times (x 78B)
Class com.google.common.collect.ImmutableMultimap$1                                   : loaded 2 times (x 78B)
Class com.google.common.collect.AbstractMapBasedMultimap$RandomAccessWrappedList      : loaded 2 times (x 201B)
Class com.google.common.reflect.Types$JavaVersion$1                                   : loaded 2 times (x 79B)
Class com.google.common.collect.AbstractIterator$State                                : loaded 2 times (x 75B)
Class com.google.common.collect.ImmutableMultimap$2                                   : loaded 2 times (x 77B)
Class com.google.common.collect.RegularImmutableBiMap                                 : loaded 2 times (x 144B)
Class com.google.common.cache.LocalCache$ValueReference                               : loaded 2 times (x 66B)
Class com.google.common.base.CharMatcher$Negated                                      : loaded 2 times (x 109B)
Class com.google.common.base.CharMatcher$Is                                           : loaded 2 times (x 107B)
Class com.google.common.reflect.Types$JavaVersion$2                                   : loaded 2 times (x 79B)
Class com.google.common.reflect.Types                                                 : loaded 2 times (x 67B)
Class com.google.common.base.PatternCompiler                                          : loaded 2 times (x 66B)
Class com.google.common.util.concurrent.AbstractFuture$Failure                        : loaded 2 times (x 68B)
Class com.google.common.base.Equivalence$Equals                                       : loaded 2 times (x 78B)
Class com.google.common.collect.Hashing                                               : loaded 2 times (x 67B)
Class com.google.common.base.Preconditions                                            : loaded 2 times (x 67B)
Class [Lorg.apache.commons.io.file.DeleteOption;                                      : loaded 2 times (x 65B)
Class com.google.common.reflect.Types$JavaVersion$3                                   : loaded 2 times (x 79B)
Class com.google.common.collect.ImmutableSetMultimap                                  : loaded 2 times (x 176B)
Class com.google.common.io.CharSink                                                   : loaded 2 times (x 75B)
Class com.google.common.base.Joiner$1                                                 : loaded 2 times (x 76B)
Class org.objectweb.asm.Label                                                         : loaded 2 times (x 69B)
Class org.objectweb.asm.CurrentFrame                                                  : loaded 2 times (x 69B)
Class org.objectweb.asm.ClassTooLargeException                                        : loaded 2 times (x 79B)
Class com.google.common.collect.PeekingIterator                                       : loaded 2 times (x 66B)
Class com.google.common.base.CharMatcher                                              : loaded 2 times (x 107B)
Class com.google.common.reflect.Types$JavaVersion$4                                   : loaded 2 times (x 79B)
Class com.google.common.collect.MapMakerInternalMap$InternalEntryHelper               : loaded 2 times (x 66B)
Class com.google.common.collect.Maps$IteratorBasedAbstractMap                         : loaded 2 times (x 121B)
Class com.google.common.collect.Table                                                 : loaded 2 times (x 66B)
Class com.google.common.collect.RangeGwtSerializationDependencies                     : loaded 2 times (x 67B)
Class com.google.common.base.Joiner$2                                                 : loaded 2 times (x 75B)
Class org.objectweb.asm.Frame                                                         : loaded 2 times (x 69B)
Class org.objectweb.asm.MethodVisitor                                                 : loaded 2 times (x 101B)
Class com.google.common.cache.LocalCache$EntryFactory$1                               : loaded 2 times (x 79B)
Class [Lcom.google.common.cache.RemovalListener;                                      : loaded 2 times (x 65B)
Class com.google.common.base.CharMatcher$1                                            : loaded 2 times (x 109B)
Class com.google.common.base.CharMatcher$NamedFastMatcher                             : loaded 2 times (x 108B)
Class com.google.common.reflect.Types$JavaVersion$5                                   : loaded 2 times (x 67B)
Class [Lcom.google.common.reflect.Types$ClassOwnership;                               : loaded 2 times (x 65B)
Class com.google.common.collect.RangeSet                                              : loaded 2 times (x 66B)
Class com.google.common.cache.LocalCache$EntryFactory$2                               : loaded 2 times (x 79B)
Class org.gradle.api.internal.classpath.GlobalCacheRootsProvider                      : loaded 2 times (x 66B)
Class com.google.common.collect.CollectCollectors                                     : loaded 2 times (x 67B)
Class org.objectweb.asm.ModuleWriter                                                  : loaded 2 times (x 78B)
Class com.google.common.cache.LocalCache$EntryFactory$3                               : loaded 2 times (x 79B)
Class com.google.common.base.Ticker$1                                                 : loaded 2 times (x 68B)
Class com.google.common.collect.ImmutableMapEntrySet$RegularEntrySet                  : loaded 2 times (x 147B)
Class com.google.common.collect.Maps$BiMapConverter                                   : loaded 2 times (x 86B)
Class com.google.common.collect.SetMultimap                                           : loaded 2 times (x 66B)
Class com.google.common.cache.LocalCache$EntryFactory$4                               : loaded 2 times (x 79B)
Class com.google.common.collect.ImmutableSet$Builder                                  : loaded 2 times (x 81B)
Class com.google.common.base.CharMatcher$InRange                                      : loaded 2 times (x 107B)
Class com.google.common.cache.LocalCache$EntryFactory$5                               : loaded 2 times (x 79B)
Class com.google.common.io.LineReader                                                 : loaded 2 times (x 68B)
Class org.apache.commons.io.output.AppendableWriter                                   : loaded 2 times (x 96B)
Class com.google.common.cache.LocalCache$EntryFactory$6                               : loaded 2 times (x 79B)
Class org.gradle.internal.installation.CurrentGradleInstallationLocator               : loaded 2 times (x 67B)
Class org.apache.commons.io.output.ThresholdingOutputStream                           : loaded 2 times (x 90B)
Class com.google.common.collect.ImmutableMultimap$Builder                             : loaded 2 times (x 79B)
Class com.google.common.collect.Maps$KeySet                                           : loaded 2 times (x 133B)
Class com.google.common.cache.LocalCache$EntryFactory$7                               : loaded 2 times (x 79B)
Class com.google.common.collect.ImmutableSet$EmptySetBuilderImpl                      : loaded 2 times (x 72B)
Class com.google.common.collect.ImmutableList                                         : loaded 2 times (x 202B)
Class org.gradle.internal.service.DefaultServiceLocator                               : loaded 2 times (x 79B)
Class com.google.common.collect.ImmutableMultimap$EntryCollection                     : loaded 2 times (x 123B)
Class com.google.common.collect.Maps$EntrySet                                         : loaded 2 times (x 132B)
Class com.google.common.cache.LocalCache$EntryFactory$8                               : loaded 2 times (x 79B)
Class com.google.common.collect.ImmutableSet$SetBuilderImpl                           : loaded 2 times (x 72B)
Class org.gradle.internal.installation.CurrentGradleInstallation                      : loaded 2 times (x 69B)
Class com.google.common.cache.CacheLoader$1                                           : loaded 2 times (x 71B)
Class com.google.common.collect.ForwardingObject                                      : loaded 2 times (x 68B)
Class com.google.common.collect.ImmutableList$SubList                                 : loaded 2 times (x 204B)
Class org.gradle.util.internal.GUtil                                                  : loaded 2 times (x 67B)
Class com.google.common.io.ByteSource                                                 : loaded 2 times (x 80B)
Class com.google.common.util.concurrent.AbstractFuture$SetFuture                      : loaded 2 times (x 71B)
Class com.google.common.cache.AbstractCache$StatsCounter                              : loaded 2 times (x 66B)
Class com.google.common.reflect.Types$TypeVariableImpl                                : loaded 2 times (x 68B)
Class com.google.common.io.LineBuffer                                                 : loaded 2 times (x 71B)
Class com.google.common.collect.MapMakerInternalMap$1                                 : loaded 2 times (x 79B)
Class com.google.common.collect.Iterators$MergingIterator                             : loaded 2 times (x 77B)
Class com.google.common.collect.RegularImmutableSet                                   : loaded 2 times (x 144B)
Class org.gradle.internal.installation.GradleInstallation                             : loaded 2 times (x 71B)
Class com.google.common.collect.Iterables                                             : loaded 2 times (x 67B)
Class com.google.common.base.Splitter$Strategy                                        : loaded 2 times (x 66B)

---------------  S Y S T E M  ---------------

OS:
 Windows 10 , 64 bit Build 19041 (10.0.19041.1889)
OS uptime: 14 days 15:08 hours

CPU: total 8 (initial active 8) (4 cores per cpu, 2 threads per core) family 6 model 60 stepping 3 microcode 0x27, cx8, cmov, fxsr, ht, mmx, sse, sse2, sse3, ssse3, sse4.1, sse4.2, popcnt, lzcnt, tsc, tscinvbit, avx, avx2, aes, erms, clmul, bmi1, bmi2, fma, vzeroupper, clflush, rdtscp, f16c
Processor Information for all 8 processors :
  Max Mhz: 2701, Current Mhz: 2701, Mhz Limit: 2701

Memory: 4k page, system-wide physical 8089M (426M free)
TotalPageFile size 22649M (AvailPageFile size 1M)
current process WorkingSet (physical memory assigned to process): 503M, peak: 638M
current process commit charge ("private bytes"): 1501M, peak: 1506M

vm_info: OpenJDK 64-Bit Server VM (21.0.4+-12508038-b607.1) for windows-amd64 JRE (21.0.4+-12508038-b607.1), built on 2024-10-16T17:23:34Z by "builder" with MS VC++ 16.10 / 16.11 (VS2019)

END.
