#
# There is insufficient memory for the Java Runtime Environment to continue.
# Native memory allocation (mmap) failed to map 565182464 bytes. Error detail: G1 virtual space
# Possible reasons:
#   The system is out of physical RAM or swap space
#   This process is running with CompressedOops enabled, and the Java Heap may be blocking the growth of the native heap
# Possible solutions:
#   Reduce memory load on the system
#   Increase physical memory or swap space
#   Check if swap backing store is full
#   Decrease Java heap size (-Xmx/-Xms)
#   Decrease number of Java threads
#   Decrease Java thread stack sizes (-Xss)
#   Set larger code cache with -XX:ReservedCodeCacheSize=
#   JVM is running with Unscaled Compressed Oops mode in which the Java heap is
#     placed in the first 4GB address space. The Java Heap base address is the
#     maximum limit for the native heap growth. Please use -XX:HeapBaseMinAddress
#     to set the Java Heap base and to place the Java Heap above 4GB virtual address.
# This output file may be truncated or incomplete.
#
#  Out of Memory Error (os_windows.cpp:3828), pid=22252, tid=10900
#
# JRE version: OpenJDK Runtime Environment (21.0.4) (build 21.0.4+-12508038-b607.1)
# Java VM: OpenJDK 64-Bit Server VM (21.0.4+-12508038-b607.1, mixed mode, tiered, compressed oops, compressed class ptrs, g1 gc, windows-amd64)
# No core dump will be written. Minidumps are not enabled by default on client versions of Windows
#

---------------  S U M M A R Y ------------

Command Line: --add-opens=java.base/java.util=ALL-UNNAMED --add-opens=java.base/java.lang=ALL-UNNAMED --add-opens=java.base/java.lang.invoke=ALL-UNNAMED --add-opens=java.prefs/java.util.prefs=ALL-UNNAMED --add-exports=jdk.compiler/com.sun.tools.javac.api=ALL-UNNAMED --add-exports=jdk.compiler/com.sun.tools.javac.util=ALL-UNNAMED --add-opens=java.base/java.nio.charset=ALL-UNNAMED --add-opens=java.base/java.net=ALL-UNNAMED --add-opens=java.base/java.util.concurrent.atomic=ALL-UNNAMED -Xmx2048m -Dfile.encoding=UTF-8 -Duser.country=DZ -Duser.language=ar -Duser.variant -javaagent:C:\Users\HP I7\.gradle\wrapper\dists\gradle-8.10.2-bin\a04bxjujx95o3nb99gddekhwo\gradle-8.10.2\lib\agents\gradle-instrumentation-agent-8.10.2.jar org.gradle.launcher.daemon.bootstrap.GradleDaemon 8.10.2

Host: Intel(R) Core(TM) i7-4800MQ CPU @ 2.70GHz, 8 cores, 7G,  Windows 10 , 64 bit Build 19041 (10.0.19041.1889)
Time: Tue May  6 13:56:40 2025  Windows 10 , 64 bit Build 19041 (10.0.19041.1889) elapsed time: 828.263431 seconds (0d 0h 13m 48s)

---------------  T H R E A D  ---------------

Current thread (0x00000276e150d4d0):  VMThread "VM Thread"          [id=10900, stack(0x0000007819b00000,0x0000007819c00000) (1024K)]

Stack: [0x0000007819b00000,0x0000007819c00000]
Native frames: (J=compiled Java code, j=interpreted, Vv=VM code, C=native code)
V  [jvm.dll+0x6ce539]
V  [jvm.dll+0x85bf03]
V  [jvm.dll+0x85e45e]
V  [jvm.dll+0x85eb43]
V  [jvm.dll+0x27dd06]
V  [jvm.dll+0x6cada5]
V  [jvm.dll+0x6bf27a]
V  [jvm.dll+0x3541fb]
V  [jvm.dll+0x35be36]
V  [jvm.dll+0x3adbc6]
V  [jvm.dll+0x3ade98]
V  [jvm.dll+0x32691c]
V  [jvm.dll+0x3269a7]
V  [jvm.dll+0x36c78c]
V  [jvm.dll+0x36af3e]
V  [jvm.dll+0x326071]
V  [jvm.dll+0x36a650]
V  [jvm.dll+0x8648c8]
V  [jvm.dll+0x865c44]
V  [jvm.dll+0x866180]
V  [jvm.dll+0x866413]
V  [jvm.dll+0x804418]
V  [jvm.dll+0x6cce0d]
C  [ucrtbase.dll+0x21bb2]
C  [KERNEL32.DLL+0x17034]
C  [ntdll.dll+0x526a1]

VM_Operation (0x00000078220fe590): G1CollectForAllocation, mode: safepoint, requested by thread 0x00000276f6759580


---------------  P R O C E S S  ---------------

Threads class SMR info:
_java_thread_list=0x00000276e8cc9110, length=154, elements={
0x00000276c7e62750, 0x00000276e169e970, 0x00000276e16814b0, 0x00000276e16a0330,
0x00000276e16a0d90, 0x00000276e16aab90, 0x00000276e16846c0, 0x00000276e16858c0,
0x00000276e16ad810, 0x00000276e17fd940, 0x00000276e19b64f0, 0x00000276e79c6830,
0x00000276e7a3cd60, 0x00000276e7a48090, 0x00000276e7b519b0, 0x00000276e7b54110,
0x00000276e7b52040, 0x00000276e805bce0, 0x00000276e805c370, 0x00000276e805a930,
0x00000276e90449f0, 0x00000276f6756100, 0x00000276f6752c80, 0x00000276ed54e050,
0x00000276ed54ed70, 0x00000276ed54f400, 0x00000276ed54fa90, 0x00000276ed550120,
0x00000276e9305130, 0x00000276e9304410, 0x00000276e9309960, 0x00000276e9304aa0,
0x00000276e93057c0, 0x00000276e9305e50, 0x00000276e9045da0, 0x00000276e9046430,
0x00000276f7ebc6f0, 0x00000276f3ff83e0, 0x00000276f3fe5c90, 0x00000276f3fe7040,
0x00000276f3fe76d0, 0x00000276f3fe0740, 0x00000276f3fe6320, 0x00000276f3fe83f0,
0x00000276f3fe69b0, 0x00000276f3fe2ea0, 0x00000276f3fe8a80, 0x00000276f3feb870,
0x00000276f3fec590, 0x00000276f3fe9e30, 0x00000276f3fea4c0, 0x00000276f3fedfd0,
0x00000276f3fee660, 0x00000276f3fe97a0, 0x00000276f3feecf0, 0x00000276f3fe7d60,
0x00000276f3fecc20, 0x00000276f3fed2b0, 0x00000276f3feab50, 0x00000276f3ff00a0,
0x00000276f3fef380, 0x00000276f3fed940, 0x00000276f3fefa10, 0x00000276f3fe9110,
0x00000276f3ff1450, 0x00000276f3ff1ae0, 0x00000276f3ff48d0, 0x00000276f3ff0730,
0x00000276f3ff8a70, 0x00000276f3ff69a0, 0x00000276f3ff4240, 0x00000276f3ff4f60,
0x00000276f3ff2800, 0x00000276f3ff7030, 0x00000276f3ff9100, 0x00000276f3ff2170,
0x00000276f3ff76c0, 0x00000276f3ff3bb0, 0x00000276f3ff9790, 0x00000276f3ff2e90,
0x00000276f3ffdfc0, 0x00000276f3ffe650, 0x00000276f3ffab40, 0x00000276f3ffd930,
0x00000276f3ffece0, 0x00000276f3fff370, 0x00000276f3ffcc10, 0x00000276f3ffa4b0,
0x00000276f3ffb860, 0x00000276f3ffbef0, 0x00000276f3ffc580, 0x00000276f3ffd2a0,
0x00000276e9227820, 0x00000276e922aca0, 0x00000276e92298f0, 0x00000276f6faafb0,
0x00000276e922c050, 0x00000276e9225750, 0x00000276e9228540, 0x00000276e922c6e0,
0x00000276e9227190, 0x00000276e9227eb0, 0x00000276e922e7b0, 0x00000276e92301f0,
0x00000276e9232fe0, 0x00000276e922da90, 0x00000276e922d400, 0x00000276e922ee40,
0x00000276e9231c30, 0x00000276e922f4d0, 0x00000276e9230880, 0x00000276e9233670,
0x00000276e9230f10, 0x00000276e922e120, 0x00000276e92315a0, 0x00000276e922fb60,
0x00000276e9233d00, 0x00000276e9234390, 0x00000276e92322c0, 0x00000276e9232950,
0x00000276f6753310, 0x00000276f6756790, 0x00000276f6754030, 0x00000276f67553e0,
0x00000276f67574b0, 0x00000276f67518d0, 0x00000276f67546c0, 0x00000276f6754d50,
0x00000276f67525f0, 0x00000276f6750520, 0x00000276f67539a0, 0x00000276f6755a70,
0x00000276f6757b40, 0x00000276f6750bb0, 0x00000276f67581d0, 0x00000276f676e430,
0x00000276f676f7e0, 0x00000276f676c360, 0x00000276f676f150, 0x00000276f676c9f0,
0x00000276f676dda0, 0x00000276f676bcd0, 0x00000276f676eac0, 0x00000276f676a920,
0x00000276f676b640, 0x00000276f7ec6470, 0x00000276f675ca00, 0x00000276f6759580,
0x00000276f675afc0, 0x00000276f675b650, 0x00000276f675d720, 0x00000276f675f160,
0x00000276f6759c10, 0x00000276f675ddb0
}

Java Threads: ( => current thread )
  0x00000276c7e62750 JavaThread "main"                              [_thread_blocked, id=18132, stack(0x0000007819400000,0x0000007819500000) (1024K)]
  0x00000276e169e970 JavaThread "Reference Handler"          daemon [_thread_blocked, id=8216, stack(0x0000007819c00000,0x0000007819d00000) (1024K)]
  0x00000276e16814b0 JavaThread "Finalizer"                  daemon [_thread_blocked, id=16716, stack(0x0000007819d00000,0x0000007819e00000) (1024K)]
  0x00000276e16a0330 JavaThread "Signal Dispatcher"          daemon [_thread_blocked, id=8300, stack(0x0000007819e00000,0x0000007819f00000) (1024K)]
  0x00000276e16a0d90 JavaThread "Attach Listener"            daemon [_thread_blocked, id=29616, stack(0x0000007819f00000,0x000000781a000000) (1024K)]
  0x00000276e16aab90 JavaThread "Service Thread"             daemon [_thread_blocked, id=7604, stack(0x000000781a000000,0x000000781a100000) (1024K)]
  0x00000276e16846c0 JavaThread "Monitor Deflation Thread"   daemon [_thread_blocked, id=25668, stack(0x000000781a100000,0x000000781a200000) (1024K)]
  0x00000276e16858c0 JavaThread "C2 CompilerThread0"         daemon [_thread_blocked, id=6920, stack(0x000000781a200000,0x000000781a300000) (1024K)]
  0x00000276e16ad810 JavaThread "C1 CompilerThread0"         daemon [_thread_blocked, id=6084, stack(0x000000781a300000,0x000000781a400000) (1024K)]
  0x00000276e17fd940 JavaThread "Common-Cleaner"             daemon [_thread_blocked, id=7968, stack(0x000000781a400000,0x000000781a500000) (1024K)]
  0x00000276e19b64f0 JavaThread "Notification Thread"        daemon [_thread_blocked, id=8064, stack(0x000000781a500000,0x000000781a600000) (1024K)]
  0x00000276e79c6830 JavaThread "Daemon health stats"               [_thread_blocked, id=13604, stack(0x000000781ac00000,0x000000781ad00000) (1024K)]
  0x00000276e7a3cd60 JavaThread "Incoming local TCP Connector on port 57732"        [_thread_in_native, id=34568, stack(0x000000781ad00000,0x000000781ae00000) (1024K)]
  0x00000276e7a48090 JavaThread "Daemon periodic checks"            [_thread_blocked, id=15492, stack(0x000000781ae00000,0x000000781af00000) (1024K)]
  0x00000276e7b519b0 JavaThread "Cache worker for journal cache (C:\Users\HP I7\.gradle\caches\journal-1)"        [_thread_blocked, id=19116, stack(0x000000781b900000,0x000000781ba00000) (1024K)]
  0x00000276e7b54110 JavaThread "File lock request listener"        [_thread_in_native, id=25592, stack(0x000000781ba00000,0x000000781bb00000) (1024K)]
  0x00000276e7b52040 JavaThread "Cache worker for file hash cache (C:\Users\HP I7\.gradle\caches\8.10.2\fileHashes)"        [_thread_blocked, id=31548, stack(0x000000781bb00000,0x000000781bc00000) (1024K)]
  0x00000276e805bce0 JavaThread "File watcher server"        daemon [_thread_blocked, id=38820, stack(0x000000781bf00000,0x000000781c000000) (1024K)]
  0x00000276e805c370 JavaThread "File watcher consumer"      daemon [_thread_blocked, id=9528, stack(0x000000781c000000,0x000000781c100000) (1024K)]
  0x00000276e805a930 JavaThread "Cache worker for file content cache (C:\Users\HP I7\.gradle\caches\8.10.2\fileContent)"        [_thread_blocked, id=36576, stack(0x000000781c200000,0x000000781c300000) (1024K)]
  0x00000276e90449f0 JavaThread "Memory manager"                    [_thread_blocked, id=6448, stack(0x000000781ef00000,0x000000781f000000) (1024K)]
  0x00000276f6756100 JavaThread "Daemon Thread 3"                   [_thread_blocked, id=16776, stack(0x0000007819100000,0x0000007819200000) (1024K)]
  0x00000276f6752c80 JavaThread "Daemon worker Thread 3"            [_thread_blocked, id=27588, stack(0x000000781a600000,0x000000781a700000) (1024K)]
  0x00000276ed54e050 JavaThread "ForkJoinPool.commonPool-worker-8" daemon [_thread_blocked, id=14944, stack(0x0000007822a00000,0x0000007822b00000) (1024K)]
  0x00000276ed54ed70 JavaThread "ForkJoinPool.commonPool-worker-9" daemon [_thread_blocked, id=16592, stack(0x0000007822b00000,0x0000007822c00000) (1024K)]
  0x00000276ed54f400 JavaThread "ForkJoinPool.commonPool-worker-11" daemon [_thread_blocked, id=36588, stack(0x0000007822d00000,0x0000007822e00000) (1024K)]
  0x00000276ed54fa90 JavaThread "ForkJoinPool.commonPool-worker-13" daemon [_thread_blocked, id=8948, stack(0x0000007822f00000,0x0000007823000000) (1024K)]
  0x00000276ed550120 JavaThread "ForkJoinPool.commonPool-worker-14" daemon [_thread_blocked, id=25876, stack(0x0000007823000000,0x0000007823100000) (1024K)]
  0x00000276e9305130 JavaThread "RMI Scheduler(0)"           daemon [_thread_blocked, id=29156, stack(0x000000781b400000,0x000000781b500000) (1024K)]
  0x00000276e9304410 JavaThread "RMI GC Daemon"              daemon [_thread_blocked, id=35436, stack(0x0000007821400000,0x0000007821500000) (1024K)]
  0x00000276e9309960 JavaThread "RMI TCP Accept-0"           daemon [_thread_in_native, id=17952, stack(0x0000007823300000,0x0000007823400000) (1024K)]
  0x00000276e9304aa0 JavaThread "RMI Reaper"                        [_thread_blocked, id=33084, stack(0x0000007823400000,0x0000007823500000) (1024K)]
  0x00000276e93057c0 JavaThread "RMI TCP Connection(idle)"   daemon [_thread_blocked, id=29744, stack(0x0000007823600000,0x0000007823700000) (1024K)]
  0x00000276e9305e50 JavaThread "RMI TCP Connection(idle)"   daemon [_thread_blocked, id=1608, stack(0x0000007823700000,0x0000007823800000) (1024K)]
  0x00000276e9045da0 JavaThread "RMI TCP Connection(idle)"   daemon [_thread_blocked, id=11548, stack(0x0000007823500000,0x0000007823600000) (1024K)]
  0x00000276e9046430 JavaThread "RMI TCP Connection(7)-127.0.0.1" daemon [_thread_in_native, id=29800, stack(0x0000007823900000,0x0000007823a00000) (1024K)]
  0x00000276f7ebc6f0 JavaThread "VFS cleanup Thread 3"              [_thread_blocked, id=13468, stack(0x000000781af00000,0x000000781b000000) (1024K)]
  0x00000276f3ff83e0 JavaThread "included builds"                   [_thread_blocked, id=15516, stack(0x000000781e400000,0x000000781e500000) (1024K)]
  0x00000276f3fe5c90 JavaThread "Handler for socket connection from /127.0.0.1:57732 to /127.0.0.1:57936"        [_thread_in_native, id=21940, stack(0x000000781b000000,0x000000781b100000) (1024K)]
  0x00000276f3fe7040 JavaThread "Cancel handler"                    [_thread_blocked, id=24084, stack(0x000000781b100000,0x000000781b200000) (1024K)]
  0x00000276f3fe76d0 JavaThread "Asynchronous log dispatcher for DefaultDaemonConnection: socket connection from /127.0.0.1:57732 to /127.0.0.1:57936"        [_thread_blocked, id=26692, stack(0x000000781b200000,0x000000781b300000) (1024K)]
  0x00000276f3fe0740 JavaThread "Stdin handler"                     [_thread_blocked, id=8856, stack(0x000000781b300000,0x000000781b400000) (1024K)]
  0x00000276f3fe6320 JavaThread "Daemon client event forwarder"        [_thread_blocked, id=29948, stack(0x000000781b500000,0x000000781b600000) (1024K)]
  0x00000276f3fe83f0 JavaThread "Cache worker for file hash cache (D:\Final Task\.gradle\8.10.2\fileHashes)"        [_thread_blocked, id=12332, stack(0x000000781bc00000,0x000000781bd00000) (1024K)]
  0x00000276f3fe69b0 JavaThread "Cache worker for Build Output Cleanup Cache (D:\Final Task\.gradle\buildOutputCleanup)"        [_thread_blocked, id=33700, stack(0x000000781bd00000,0x000000781be00000) (1024K)]
  0x00000276f3fe2ea0 JavaThread "Cache worker for checksums cache (D:\Final Task\.gradle\8.10.2\checksums)"        [_thread_blocked, id=34280, stack(0x000000781be00000,0x000000781bf00000) (1024K)]
  0x00000276f3fe8a80 JavaThread "Cache worker for cache directory md-rule (C:\Users\HP I7\.gradle\caches\8.10.2\md-rule)"        [_thread_blocked, id=28492, stack(0x000000781c100000,0x000000781c200000) (1024K)]
  0x00000276f3feb870 JavaThread "Cache worker for cache directory md-supplier (C:\Users\HP I7\.gradle\caches\8.10.2\md-supplier)"        [_thread_blocked, id=29264, stack(0x000000781c300000,0x000000781c400000) (1024K)]
  0x00000276f3fec590 JavaThread "Unconstrained build operations"        [_thread_blocked, id=23624, stack(0x000000781c500000,0x000000781c600000) (1024K)]
  0x00000276f3fe9e30 JavaThread "Unconstrained build operations Thread 2"        [_thread_blocked, id=27336, stack(0x000000781c600000,0x000000781c700000) (1024K)]
  0x00000276f3fea4c0 JavaThread "Unconstrained build operations Thread 3"        [_thread_blocked, id=28360, stack(0x000000781c700000,0x000000781c800000) (1024K)]
  0x00000276f3fedfd0 JavaThread "Unconstrained build operations Thread 4"        [_thread_blocked, id=8528, stack(0x000000781c800000,0x000000781c900000) (1024K)]
  0x00000276f3fee660 JavaThread "Unconstrained build operations Thread 5"        [_thread_blocked, id=16516, stack(0x000000781c900000,0x000000781ca00000) (1024K)]
  0x00000276f3fe97a0 JavaThread "Unconstrained build operations Thread 6"        [_thread_blocked, id=29764, stack(0x000000781ca00000,0x000000781cb00000) (1024K)]
  0x00000276f3feecf0 JavaThread "Unconstrained build operations Thread 7"        [_thread_blocked, id=35388, stack(0x000000781cb00000,0x000000781cc00000) (1024K)]
  0x00000276f3fe7d60 JavaThread "Unconstrained build operations Thread 8"        [_thread_blocked, id=28040, stack(0x000000781cc00000,0x000000781cd00000) (1024K)]
  0x00000276f3fecc20 JavaThread "Unconstrained build operations Thread 9"        [_thread_blocked, id=36916, stack(0x000000781cd00000,0x000000781ce00000) (1024K)]
  0x00000276f3fed2b0 JavaThread "Unconstrained build operations Thread 10"        [_thread_blocked, id=17388, stack(0x000000781ce00000,0x000000781cf00000) (1024K)]
  0x00000276f3feab50 JavaThread "Unconstrained build operations Thread 11"        [_thread_blocked, id=30964, stack(0x000000781cf00000,0x000000781d000000) (1024K)]
  0x00000276f3ff00a0 JavaThread "Unconstrained build operations Thread 12"        [_thread_blocked, id=32676, stack(0x000000781d000000,0x000000781d100000) (1024K)]
  0x00000276f3fef380 JavaThread "Unconstrained build operations Thread 13"        [_thread_blocked, id=4912, stack(0x000000781d100000,0x000000781d200000) (1024K)]
  0x00000276f3fed940 JavaThread "Unconstrained build operations Thread 14"        [_thread_blocked, id=30452, stack(0x000000781d200000,0x000000781d300000) (1024K)]
  0x00000276f3fefa10 JavaThread "Unconstrained build operations Thread 15"        [_thread_blocked, id=27816, stack(0x000000781d300000,0x000000781d400000) (1024K)]
  0x00000276f3fe9110 JavaThread "Unconstrained build operations Thread 16"        [_thread_blocked, id=23576, stack(0x000000781d400000,0x000000781d500000) (1024K)]
  0x00000276f3ff1450 JavaThread "Unconstrained build operations Thread 17"        [_thread_blocked, id=28296, stack(0x000000781d500000,0x000000781d600000) (1024K)]
  0x00000276f3ff1ae0 JavaThread "Unconstrained build operations Thread 18"        [_thread_blocked, id=17232, stack(0x000000781d600000,0x000000781d700000) (1024K)]
  0x00000276f3ff48d0 JavaThread "Unconstrained build operations Thread 19"        [_thread_blocked, id=17012, stack(0x000000781d700000,0x000000781d800000) (1024K)]
  0x00000276f3ff0730 JavaThread "Unconstrained build operations Thread 20"        [_thread_blocked, id=22216, stack(0x000000781d800000,0x000000781d900000) (1024K)]
  0x00000276f3ff8a70 JavaThread "Unconstrained build operations Thread 21"        [_thread_blocked, id=33476, stack(0x000000781d900000,0x000000781da00000) (1024K)]
  0x00000276f3ff69a0 JavaThread "Unconstrained build operations Thread 22"        [_thread_blocked, id=28508, stack(0x000000781da00000,0x000000781db00000) (1024K)]
  0x00000276f3ff4240 JavaThread "Unconstrained build operations Thread 23"        [_thread_blocked, id=38644, stack(0x000000781db00000,0x000000781dc00000) (1024K)]
  0x00000276f3ff4f60 JavaThread "Unconstrained build operations Thread 24"        [_thread_blocked, id=7840, stack(0x000000781dc00000,0x000000781dd00000) (1024K)]
  0x00000276f3ff2800 JavaThread "Unconstrained build operations Thread 25"        [_thread_blocked, id=5552, stack(0x000000781dd00000,0x000000781de00000) (1024K)]
  0x00000276f3ff7030 JavaThread "Unconstrained build operations Thread 26"        [_thread_blocked, id=1848, stack(0x000000781de00000,0x000000781df00000) (1024K)]
  0x00000276f3ff9100 JavaThread "Unconstrained build operations Thread 27"        [_thread_blocked, id=33392, stack(0x000000781df00000,0x000000781e000000) (1024K)]
  0x00000276f3ff2170 JavaThread "Unconstrained build operations Thread 28"        [_thread_blocked, id=37744, stack(0x000000781e000000,0x000000781e100000) (1024K)]
  0x00000276f3ff76c0 JavaThread "build event listener"              [_thread_blocked, id=21804, stack(0x000000781e100000,0x000000781e200000) (1024K)]
  0x00000276f3ff3bb0 JavaThread "build event listener"              [_thread_blocked, id=36772, stack(0x000000781e200000,0x000000781e300000) (1024K)]
  0x00000276f3ff9790 JavaThread "included builds"                   [_thread_blocked, id=9948, stack(0x000000781e500000,0x000000781e600000) (1024K)]
  0x00000276f3ff2e90 JavaThread "Execution worker"                  [_thread_blocked, id=38124, stack(0x000000781e600000,0x000000781e700000) (1024K)]
  0x00000276f3ffdfc0 JavaThread "Execution worker Thread 2"         [_thread_blocked, id=33628, stack(0x000000781e700000,0x000000781e800000) (1024K)]
  0x00000276f3ffe650 JavaThread "Execution worker Thread 3"         [_thread_blocked, id=28680, stack(0x000000781e800000,0x000000781e900000) (1024K)]
  0x00000276f3ffab40 JavaThread "Execution worker Thread 4"         [_thread_blocked, id=28008, stack(0x000000781e900000,0x000000781ea00000) (1024K)]
  0x00000276f3ffd930 JavaThread "Execution worker Thread 5"         [_thread_blocked, id=30824, stack(0x000000781ea00000,0x000000781eb00000) (1024K)]
  0x00000276f3ffece0 JavaThread "Execution worker Thread 6"         [_thread_blocked, id=32640, stack(0x000000781eb00000,0x000000781ec00000) (1024K)]
  0x00000276f3fff370 JavaThread "Execution worker Thread 7"         [_thread_blocked, id=32252, stack(0x000000781ec00000,0x000000781ed00000) (1024K)]
  0x00000276f3ffcc10 JavaThread "Cache worker for execution history cache (D:\Final Task\.gradle\8.10.2\executionHistory)"        [_thread_blocked, id=3732, stack(0x000000781ed00000,0x000000781ee00000) (1024K)]
  0x00000276f3ffa4b0 JavaThread "Unconstrained build operations Thread 29"        [_thread_blocked, id=7084, stack(0x000000781ee00000,0x000000781ef00000) (1024K)]
  0x00000276f3ffb860 JavaThread "Unconstrained build operations Thread 30"        [_thread_blocked, id=29864, stack(0x000000781f000000,0x000000781f100000) (1024K)]
  0x00000276f3ffbef0 JavaThread "Unconstrained build operations Thread 31"        [_thread_blocked, id=24648, stack(0x000000781f100000,0x000000781f200000) (1024K)]
  0x00000276f3ffc580 JavaThread "Unconstrained build operations Thread 32"        [_thread_blocked, id=34996, stack(0x000000781f200000,0x000000781f300000) (1024K)]
  0x00000276f3ffd2a0 JavaThread "Unconstrained build operations Thread 33"        [_thread_blocked, id=22972, stack(0x000000781f300000,0x000000781f400000) (1024K)]
  0x00000276e9227820 JavaThread "Unconstrained build operations Thread 34"        [_thread_blocked, id=5044, stack(0x000000781f400000,0x000000781f500000) (1024K)]
  0x00000276e922aca0 JavaThread "Unconstrained build operations Thread 35"        [_thread_blocked, id=11952, stack(0x000000781f500000,0x000000781f600000) (1024K)]
  0x00000276e92298f0 JavaThread "WorkerExecutor Queue"              [_thread_blocked, id=17920, stack(0x000000781f600000,0x000000781f700000) (1024K)]
  0x00000276f6faafb0 JavaThread "C2 CompilerThread1"         daemon [_thread_blocked, id=21164, stack(0x000000781c400000,0x000000781c500000) (1024K)]
  0x00000276e922c050 JavaThread "WorkerExecutor Queue Thread 2"        [_thread_blocked, id=2992, stack(0x000000781e300000,0x000000781e400000) (1024K)]
  0x00000276e9225750 JavaThread "WorkerExecutor Queue Thread 3"        [_thread_blocked, id=30500, stack(0x000000781f700000,0x000000781f800000) (1024K)]
  0x00000276e9228540 JavaThread "WorkerExecutor Queue Thread 4"        [_thread_in_native, id=31492, stack(0x000000781f800000,0x000000781f900000) (1024K)]
  0x00000276e922c6e0 JavaThread "WorkerExecutor Queue Thread 6"        [_thread_blocked, id=3648, stack(0x000000781fa00000,0x000000781fb00000) (1024K)]
  0x00000276e9227190 JavaThread "WorkerExecutor Queue Thread 7"        [_thread_blocked, id=13636, stack(0x000000781fb00000,0x000000781fc00000) (1024K)]
  0x00000276e9227eb0 JavaThread "WorkerExecutor Queue Thread 8"        [_thread_blocked, id=11520, stack(0x000000781fc00000,0x000000781fd00000) (1024K)]
  0x00000276e922e7b0 JavaThread "Unconstrained build operations Thread 36"        [_thread_blocked, id=6324, stack(0x000000781fd00000,0x000000781fe00000) (1024K)]
  0x00000276e92301f0 JavaThread "Unconstrained build operations Thread 37"        [_thread_blocked, id=37364, stack(0x000000781fe00000,0x000000781ff00000) (1024K)]
  0x00000276e9232fe0 JavaThread "Unconstrained build operations Thread 38"        [_thread_blocked, id=32568, stack(0x000000781ff00000,0x0000007820000000) (1024K)]
  0x00000276e922da90 JavaThread "Unconstrained build operations Thread 39"        [_thread_blocked, id=28792, stack(0x0000007820000000,0x0000007820100000) (1024K)]
  0x00000276e922d400 JavaThread "Unconstrained build operations Thread 40"        [_thread_blocked, id=15408, stack(0x0000007820100000,0x0000007820200000) (1024K)]
  0x00000276e922ee40 JavaThread "Unconstrained build operations Thread 41"        [_thread_blocked, id=1856, stack(0x0000007820200000,0x0000007820300000) (1024K)]
  0x00000276e9231c30 JavaThread "Unconstrained build operations Thread 42"        [_thread_blocked, id=34388, stack(0x0000007820300000,0x0000007820400000) (1024K)]
  0x00000276e922f4d0 JavaThread "Unconstrained build operations Thread 43"        [_thread_blocked, id=5284, stack(0x0000007820400000,0x0000007820500000) (1024K)]
  0x00000276e9230880 JavaThread "WorkerExecutor Queue Thread 9"        [_thread_blocked, id=26020, stack(0x0000007820500000,0x0000007820600000) (1024K)]
  0x00000276e9233670 JavaThread "pool-13-thread-1"                  [_thread_blocked, id=16476, stack(0x0000007820600000,0x0000007820700000) (1024K)]
  0x00000276e9230f10 JavaThread "Unconstrained build operations Thread 44"        [_thread_blocked, id=34888, stack(0x0000007820700000,0x0000007820800000) (1024K)]
  0x00000276e922e120 JavaThread "Unconstrained build operations Thread 45"        [_thread_blocked, id=13628, stack(0x0000007820800000,0x0000007820900000) (1024K)]
  0x00000276e92315a0 JavaThread "Unconstrained build operations Thread 46"        [_thread_blocked, id=31480, stack(0x0000007820900000,0x0000007820a00000) (1024K)]
  0x00000276e922fb60 JavaThread "Unconstrained build operations Thread 47"        [_thread_blocked, id=28472, stack(0x0000007820a00000,0x0000007820b00000) (1024K)]
  0x00000276e9233d00 JavaThread "Unconstrained build operations Thread 48"        [_thread_blocked, id=34960, stack(0x0000007820b00000,0x0000007820c00000) (1024K)]
  0x00000276e9234390 JavaThread "Unconstrained build operations Thread 49"        [_thread_blocked, id=31216, stack(0x0000007820c00000,0x0000007820d00000) (1024K)]
  0x00000276e92322c0 JavaThread "Unconstrained build operations Thread 50"        [_thread_blocked, id=11908, stack(0x0000007820d00000,0x0000007820e00000) (1024K)]
  0x00000276e9232950 JavaThread "stderr"                            [_thread_in_native, id=3784, stack(0x0000007820e00000,0x0000007820f00000) (1024K)]
  0x00000276f6753310 JavaThread "stdout"                            [_thread_in_native, id=21048, stack(0x0000007820f00000,0x0000007821000000) (1024K)]
  0x00000276f6756790 JavaThread "Unconstrained build operations Thread 51"        [_thread_blocked, id=6736, stack(0x0000007821000000,0x0000007821100000) (1024K)]
  0x00000276f6754030 JavaThread "Unconstrained build operations Thread 52"        [_thread_blocked, id=25252, stack(0x0000007821100000,0x0000007821200000) (1024K)]
  0x00000276f67553e0 JavaThread "Unconstrained build operations Thread 53"        [_thread_blocked, id=26212, stack(0x0000007821200000,0x0000007821300000) (1024K)]
  0x00000276f67574b0 JavaThread "Unconstrained build operations Thread 54"        [_thread_blocked, id=30320, stack(0x0000007821300000,0x0000007821400000) (1024K)]
  0x00000276f67518d0 JavaThread "Unconstrained build operations Thread 55"        [_thread_blocked, id=36352, stack(0x0000007821500000,0x0000007821600000) (1024K)]
  0x00000276f67546c0 JavaThread "Unconstrained build operations Thread 56"        [_thread_blocked, id=11288, stack(0x0000007821600000,0x0000007821700000) (1024K)]
  0x00000276f6754d50 JavaThread "Unconstrained build operations Thread 57"        [_thread_blocked, id=28116, stack(0x0000007821700000,0x0000007821800000) (1024K)]
  0x00000276f67525f0 JavaThread "Unconstrained build operations Thread 58"        [_thread_blocked, id=7624, stack(0x0000007821800000,0x0000007821900000) (1024K)]
  0x00000276f6750520 JavaThread "Unconstrained build operations Thread 59"        [_thread_blocked, id=8292, stack(0x0000007821900000,0x0000007821a00000) (1024K)]
  0x00000276f67539a0 JavaThread "Unconstrained build operations Thread 60"        [_thread_blocked, id=28276, stack(0x0000007821a00000,0x0000007821b00000) (1024K)]
  0x00000276f6755a70 JavaThread "Unconstrained build operations Thread 61"        [_thread_blocked, id=38768, stack(0x0000007821b00000,0x0000007821c00000) (1024K)]
  0x00000276f6757b40 JavaThread "Unconstrained build operations Thread 62"        [_thread_blocked, id=8672, stack(0x0000007821c00000,0x0000007821d00000) (1024K)]
  0x00000276f6750bb0 JavaThread "stderr"                            [_thread_in_native, id=24972, stack(0x0000007821d00000,0x0000007821e00000) (1024K)]
  0x00000276f67581d0 JavaThread "stdout"                            [_thread_in_native, id=25468, stack(0x0000007821e00000,0x0000007821f00000) (1024K)]
  0x00000276f676e430 JavaThread "Unconstrained build operations Thread 63"        [_thread_blocked, id=28748, stack(0x0000007822700000,0x0000007822800000) (1024K)]
  0x00000276f676f7e0 JavaThread "Unconstrained build operations Thread 64"        [_thread_blocked, id=17304, stack(0x0000007822800000,0x0000007822900000) (1024K)]
  0x00000276f676c360 JavaThread "Unconstrained build operations Thread 65"        [_thread_blocked, id=28288, stack(0x0000007822900000,0x0000007822a00000) (1024K)]
  0x00000276f676f150 JavaThread "Unconstrained build operations Thread 66"        [_thread_blocked, id=20676, stack(0x0000007822c00000,0x0000007822d00000) (1024K)]
  0x00000276f676c9f0 JavaThread "Unconstrained build operations Thread 67"        [_thread_blocked, id=21240, stack(0x0000007822e00000,0x0000007822f00000) (1024K)]
  0x00000276f676dda0 JavaThread "Unconstrained build operations Thread 68"        [_thread_blocked, id=14268, stack(0x0000007823100000,0x0000007823200000) (1024K)]
  0x00000276f676bcd0 JavaThread "Unconstrained build operations Thread 69"        [_thread_blocked, id=19012, stack(0x0000007823200000,0x0000007823300000) (1024K)]
  0x00000276f676eac0 JavaThread "Unconstrained build operations Thread 70"        [_thread_blocked, id=32352, stack(0x0000007823800000,0x0000007823900000) (1024K)]
  0x00000276f676a920 JavaThread "Unconstrained build operations Thread 71"        [_thread_blocked, id=24580, stack(0x0000007823a00000,0x0000007823b00000) (1024K)]
  0x00000276f676b640 JavaThread "Unconstrained build operations Thread 72"        [_thread_blocked, id=28196, stack(0x0000007823b00000,0x0000007823c00000) (1024K)]
  0x00000276f7ec6470 JavaThread "RMI RenewClean-[127.0.0.1:17083,org.jetbrains.kotlin.daemon.common.LoopbackNetworkInterface$ClientLoopbackSocketFactory@2d742e5e]" daemon [_thread_blocked, id=14004, stack(0x000000781f900000,0x000000781fa00000) (1024K)]
  0x00000276f675ca00 JavaThread "ForkJoinPool-4-worker-1"    daemon [_thread_blocked, id=32424, stack(0x0000007821f00000,0x0000007822000000) (1024K)]
  0x00000276f6759580 JavaThread "ForkJoinPool-4-worker-2"    daemon [_thread_blocked, id=26316, stack(0x0000007822000000,0x0000007822100000) (1024K)]
  0x00000276f675afc0 JavaThread "ForkJoinPool-4-worker-3"    daemon [_thread_blocked, id=13556, stack(0x0000007822100000,0x0000007822200000) (1024K)]
  0x00000276f675b650 JavaThread "ForkJoinPool-4-worker-4"    daemon [_thread_blocked, id=1340, stack(0x0000007822200000,0x0000007822300000) (1024K)]
  0x00000276f675d720 JavaThread "ForkJoinPool-4-worker-5"    daemon [_thread_blocked, id=35616, stack(0x0000007822300000,0x0000007822400000) (1024K)]
  0x00000276f675f160 JavaThread "ForkJoinPool-4-worker-6"    daemon [_thread_blocked, id=27580, stack(0x0000007822400000,0x0000007822500000) (1024K)]
  0x00000276f6759c10 JavaThread "ForkJoinPool-4-worker-7"    daemon [_thread_blocked, id=9880, stack(0x0000007822500000,0x0000007822600000) (1024K)]
  0x00000276f675ddb0 JavaThread "ForkJoinPool-4-worker-8"    daemon [_thread_blocked, id=35316, stack(0x0000007822600000,0x0000007822700000) (1024K)]
Total: 154

Other Threads:
=>0x00000276e150d4d0 VMThread "VM Thread"                           [id=10900, stack(0x0000007819b00000,0x0000007819c00000) (1024K)]
  0x00000276e1479030 WatcherThread "VM Periodic Task Thread"        [id=19776, stack(0x0000007819a00000,0x0000007819b00000) (1024K)]
  0x00000276c7ebbda0 WorkerThread "GC Thread#0"                     [id=17164, stack(0x0000007819500000,0x0000007819600000) (1024K)]
  0x00000276e65e05a0 WorkerThread "GC Thread#1"                     [id=31016, stack(0x000000781a800000,0x000000781a900000) (1024K)]
  0x00000276e6270590 WorkerThread "GC Thread#2"                     [id=10000, stack(0x000000781a900000,0x000000781aa00000) (1024K)]
  0x00000276e6ed7d30 WorkerThread "GC Thread#3"                     [id=25568, stack(0x000000781aa00000,0x000000781ab00000) (1024K)]
  0x00000276e6ed84e0 WorkerThread "GC Thread#4"                     [id=13308, stack(0x000000781ab00000,0x000000781ac00000) (1024K)]
  0x00000276e7233010 WorkerThread "GC Thread#5"                     [id=36492, stack(0x000000781a700000,0x000000781a800000) (1024K)]
  0x00000276e7c237b0 WorkerThread "GC Thread#6"                     [id=32912, stack(0x000000781b600000,0x000000781b700000) (1024K)]
  0x00000276e7c23b50 WorkerThread "GC Thread#7"                     [id=1524, stack(0x000000781b700000,0x000000781b800000) (1024K)]
  0x00000276c7ecce00 ConcurrentGCThread "G1 Main Marker"            [id=32872, stack(0x0000007819600000,0x0000007819700000) (1024K)]
  0x00000276c7ecdfb0 WorkerThread "G1 Conc#0"                       [id=18120, stack(0x0000007819700000,0x0000007819800000) (1024K)]
  0x00000276e7c46e40 WorkerThread "G1 Conc#1"                       [id=22828, stack(0x000000781b800000,0x000000781b900000) (1024K)]
  0x00000276c7f3e650 ConcurrentGCThread "G1 Refine#0"               [id=35504, stack(0x0000007819800000,0x0000007819900000) (1024K)]
  0x00000276e13412a0 ConcurrentGCThread "G1 Service"                [id=18348, stack(0x0000007819900000,0x0000007819a00000) (1024K)]
Total: 15

Threads with active compile tasks:
C2 CompilerThread0   828331 42336       4       com.android.tools.r8.dex.C::a (836 bytes)
C2 CompilerThread1   828331 42402 %     4       com.android.tools.r8.dex.C::a @ 78 (844 bytes)
Total: 2

VM state: at safepoint (normal execution)

VM Mutex/Monitor currently owned by a thread:  ([mutex/lock_event])
[0x00007ffe2afa72f8] Threads_lock - owner thread: 0x00000276e150d4d0
[0x00007ffe2afa73f8] Heap_lock - owner thread: 0x00000276f6759580

Heap address: 0x0000000080000000, size: 2048 MB, Compressed Oops mode: 32-bit

CDS archive(s) not mapped
Compressed class space mapped at: 0x0000000100000000-0x0000000140000000, reserved size: 1073741824
Narrow klass base: 0x0000000000000000, Narrow klass shift: 3, Narrow klass range: 0x140000000

GC Precious Log:
 CardTable entry size: 512
 Card Set container configuration: InlinePtr #cards 5 size 8 Array Of Cards #cards 12 size 40 Howl #buckets 4 coarsen threshold 1843 Howl Bitmap #cards 512 size 80 coarsen threshold 460 Card regions per heap region 1 cards per card region 2048
 CPUs: 8 total, 8 available
 Memory: 8089M
 Large Page Support: Disabled
 NUMA Support: Disabled
 Compressed Oops: Enabled (32-bit)
 Heap Region Size: 1M
 Heap Min Capacity: 8M
 Heap Initial Capacity: 128M
 Heap Max Capacity: 2G
 Pre-touch: Disabled
 Parallel Workers: 8
 Concurrent Workers: 2
 Concurrent Refinement Workers: 8
 Periodic GC: Disabled

Heap:
 garbage-first heap   total 717824K, used 425984K [0x0000000080000000, 0x0000000100000000)
  region size 1024K, 13 young (13312K), 13 survivors (13312K)
 Metaspace       used 189183K, committed 191936K, reserved 1245184K
  class space    used 24017K, committed 25408K, reserved 1048576K

Heap Regions: E=young(eden), S=young(survivor), O=old, HS=humongous(starts), HC=humongous(continues), CS=collection set, F=free, TAMS=top-at-mark-start, PB=parsable bottom
|   0|0x0000000080000000, 0x0000000080100000, 0x0000000080100000|100%| O|  |TAMS 0x0000000080100000| PB 0x0000000080000000| Untracked 
|   1|0x0000000080100000, 0x0000000080200000, 0x0000000080200000|100%| O|  |TAMS 0x0000000080200000| PB 0x0000000080100000| Untracked 
|   2|0x0000000080200000, 0x0000000080300000, 0x0000000080300000|100%|HS|  |TAMS 0x0000000080300000| PB 0x0000000080200000| Complete 
|   3|0x0000000080300000, 0x0000000080400000, 0x0000000080400000|100%|HC|  |TAMS 0x0000000080400000| PB 0x0000000080300000| Complete 
|   4|0x0000000080400000, 0x0000000080500000, 0x0000000080500000|100%|HC|  |TAMS 0x0000000080500000| PB 0x0000000080400000| Complete 
|   5|0x0000000080500000, 0x0000000080600000, 0x0000000080600000|100%|HC|  |TAMS 0x0000000080600000| PB 0x0000000080500000| Complete 
|   6|0x0000000080600000, 0x0000000080700000, 0x0000000080700000|100%| O|  |TAMS 0x0000000080700000| PB 0x0000000080600000| Untracked 
|   7|0x0000000080700000, 0x0000000080800000, 0x0000000080800000|100%| O|  |TAMS 0x0000000080800000| PB 0x0000000080700000| Untracked 
|   8|0x0000000080800000, 0x0000000080900000, 0x0000000080900000|100%| O|  |TAMS 0x0000000080900000| PB 0x0000000080800000| Untracked 
|   9|0x0000000080900000, 0x0000000080a00000, 0x0000000080a00000|100%|HS|  |TAMS 0x0000000080a00000| PB 0x0000000080900000| Complete 
|  10|0x0000000080a00000, 0x0000000080b00000, 0x0000000080b00000|100%| O|  |TAMS 0x0000000080b00000| PB 0x0000000080a00000| Untracked 
|  11|0x0000000080b00000, 0x0000000080c00000, 0x0000000080c00000|100%| O|  |TAMS 0x0000000080c00000| PB 0x0000000080b00000| Untracked 
|  12|0x0000000080c00000, 0x0000000080d00000, 0x0000000080d00000|100%| O|  |TAMS 0x0000000080d00000| PB 0x0000000080c00000| Untracked 
|  13|0x0000000080d00000, 0x0000000080e00000, 0x0000000080e00000|100%| O|  |TAMS 0x0000000080e00000| PB 0x0000000080d00000| Untracked 
|  14|0x0000000080e00000, 0x0000000080f00000, 0x0000000080f00000|100%| O|  |TAMS 0x0000000080f00000| PB 0x0000000080e00000| Untracked 
|  15|0x0000000080f00000, 0x0000000081000000, 0x0000000081000000|100%| O|  |TAMS 0x0000000081000000| PB 0x0000000080f00000| Untracked 
|  16|0x0000000081000000, 0x0000000081100000, 0x0000000081100000|100%| O|  |TAMS 0x0000000081100000| PB 0x0000000081000000| Untracked 
|  17|0x0000000081100000, 0x0000000081200000, 0x0000000081200000|100%| O|  |TAMS 0x0000000081200000| PB 0x0000000081100000| Untracked 
|  18|0x0000000081200000, 0x0000000081300000, 0x0000000081300000|100%| O|  |TAMS 0x0000000081300000| PB 0x0000000081200000| Untracked 
|  19|0x0000000081300000, 0x0000000081400000, 0x0000000081400000|100%| O|  |TAMS 0x0000000081400000| PB 0x0000000081300000| Untracked 
|  20|0x0000000081400000, 0x0000000081500000, 0x0000000081500000|100%| O|  |TAMS 0x0000000081500000| PB 0x0000000081400000| Untracked 
|  21|0x0000000081500000, 0x0000000081600000, 0x0000000081600000|100%| O|  |TAMS 0x0000000081600000| PB 0x0000000081500000| Untracked 
|  22|0x0000000081600000, 0x0000000081700000, 0x0000000081700000|100%| O|  |TAMS 0x0000000081700000| PB 0x0000000081600000| Untracked 
|  23|0x0000000081700000, 0x0000000081800000, 0x0000000081800000|100%| O|  |TAMS 0x0000000081800000| PB 0x0000000081700000| Untracked 
|  24|0x0000000081800000, 0x0000000081900000, 0x0000000081900000|100%| O|  |TAMS 0x0000000081900000| PB 0x0000000081800000| Untracked 
|  25|0x0000000081900000, 0x0000000081a00000, 0x0000000081a00000|100%| O|  |TAMS 0x0000000081a00000| PB 0x0000000081900000| Untracked 
|  26|0x0000000081a00000, 0x0000000081b00000, 0x0000000081b00000|100%| O|  |TAMS 0x0000000081b00000| PB 0x0000000081a00000| Untracked 
|  27|0x0000000081b00000, 0x0000000081c00000, 0x0000000081c00000|100%| O|  |TAMS 0x0000000081c00000| PB 0x0000000081b00000| Untracked 
|  28|0x0000000081c00000, 0x0000000081d00000, 0x0000000081d00000|100%| O|  |TAMS 0x0000000081d00000| PB 0x0000000081c00000| Untracked 
|  29|0x0000000081d00000, 0x0000000081e00000, 0x0000000081e00000|100%| O|  |TAMS 0x0000000081e00000| PB 0x0000000081d00000| Untracked 
|  30|0x0000000081e00000, 0x0000000081f00000, 0x0000000081f00000|100%| O|  |TAMS 0x0000000081f00000| PB 0x0000000081e00000| Untracked 
|  31|0x0000000081f00000, 0x0000000082000000, 0x0000000082000000|100%| O|  |TAMS 0x0000000082000000| PB 0x0000000081f00000| Untracked 
|  32|0x0000000082000000, 0x0000000082100000, 0x0000000082100000|100%| O|  |TAMS 0x0000000082100000| PB 0x0000000082000000| Untracked 
|  33|0x0000000082100000, 0x0000000082200000, 0x0000000082200000|100%| O|  |TAMS 0x0000000082200000| PB 0x0000000082100000| Untracked 
|  34|0x0000000082200000, 0x0000000082300000, 0x0000000082300000|100%| O|  |TAMS 0x0000000082300000| PB 0x0000000082200000| Untracked 
|  35|0x0000000082300000, 0x0000000082400000, 0x0000000082400000|100%| O|  |TAMS 0x0000000082400000| PB 0x0000000082300000| Untracked 
|  36|0x0000000082400000, 0x0000000082500000, 0x0000000082500000|100%| O|  |TAMS 0x0000000082500000| PB 0x0000000082400000| Untracked 
|  37|0x0000000082500000, 0x0000000082600000, 0x0000000082600000|100%| O|  |TAMS 0x0000000082600000| PB 0x0000000082500000| Untracked 
|  38|0x0000000082600000, 0x0000000082700000, 0x0000000082700000|100%| O|  |TAMS 0x0000000082700000| PB 0x0000000082600000| Untracked 
|  39|0x0000000082700000, 0x0000000082800000, 0x0000000082800000|100%| O|  |TAMS 0x0000000082800000| PB 0x0000000082700000| Untracked 
|  40|0x0000000082800000, 0x0000000082900000, 0x0000000082900000|100%| O|  |TAMS 0x0000000082900000| PB 0x0000000082800000| Untracked 
|  41|0x0000000082900000, 0x0000000082a00000, 0x0000000082a00000|100%| O|  |TAMS 0x0000000082a00000| PB 0x0000000082900000| Untracked 
|  42|0x0000000082a00000, 0x0000000082b00000, 0x0000000082b00000|100%| O|  |TAMS 0x0000000082b00000| PB 0x0000000082a00000| Untracked 
|  43|0x0000000082b00000, 0x0000000082c00000, 0x0000000082c00000|100%| O|  |TAMS 0x0000000082c00000| PB 0x0000000082b00000| Untracked 
|  44|0x0000000082c00000, 0x0000000082d00000, 0x0000000082d00000|100%| O|  |TAMS 0x0000000082d00000| PB 0x0000000082c00000| Untracked 
|  45|0x0000000082d00000, 0x0000000082e00000, 0x0000000082e00000|100%| O|  |TAMS 0x0000000082e00000| PB 0x0000000082d00000| Untracked 
|  46|0x0000000082e00000, 0x0000000082f00000, 0x0000000082f00000|100%|HS|  |TAMS 0x0000000082f00000| PB 0x0000000082e00000| Complete 
|  47|0x0000000082f00000, 0x0000000083000000, 0x0000000083000000|100%|HS|  |TAMS 0x0000000083000000| PB 0x0000000082f00000| Complete 
|  48|0x0000000083000000, 0x0000000083100000, 0x0000000083100000|100%|HS|  |TAMS 0x0000000083100000| PB 0x0000000083000000| Complete 
|  49|0x0000000083100000, 0x0000000083200000, 0x0000000083200000|100%|HC|  |TAMS 0x0000000083200000| PB 0x0000000083100000| Complete 
|  50|0x0000000083200000, 0x0000000083300000, 0x0000000083300000|100%|HS|  |TAMS 0x0000000083300000| PB 0x0000000083200000| Complete 
|  51|0x0000000083300000, 0x0000000083400000, 0x0000000083400000|100%|HC|  |TAMS 0x0000000083400000| PB 0x0000000083300000| Complete 
|  52|0x0000000083400000, 0x0000000083500000, 0x0000000083500000|100%|HS|  |TAMS 0x0000000083500000| PB 0x0000000083400000| Complete 
|  53|0x0000000083500000, 0x0000000083600000, 0x0000000083600000|100%|HS|  |TAMS 0x0000000083600000| PB 0x0000000083500000| Complete 
|  54|0x0000000083600000, 0x0000000083700000, 0x0000000083700000|100%| O|  |TAMS 0x0000000083700000| PB 0x0000000083600000| Untracked 
|  55|0x0000000083700000, 0x0000000083800000, 0x0000000083800000|100%|HS|  |TAMS 0x0000000083800000| PB 0x0000000083700000| Complete 
|  56|0x0000000083800000, 0x0000000083900000, 0x0000000083900000|100%|HS|  |TAMS 0x0000000083900000| PB 0x0000000083800000| Complete 
|  57|0x0000000083900000, 0x0000000083a00000, 0x0000000083a00000|100%| O|  |TAMS 0x0000000083a00000| PB 0x0000000083900000| Untracked 
|  58|0x0000000083a00000, 0x0000000083b00000, 0x0000000083b00000|100%| O|  |TAMS 0x0000000083b00000| PB 0x0000000083a00000| Untracked 
|  59|0x0000000083b00000, 0x0000000083c00000, 0x0000000083c00000|100%| O|  |TAMS 0x0000000083c00000| PB 0x0000000083b00000| Untracked 
|  60|0x0000000083c00000, 0x0000000083d00000, 0x0000000083d00000|100%| O|  |TAMS 0x0000000083d00000| PB 0x0000000083c00000| Untracked 
|  61|0x0000000083d00000, 0x0000000083e00000, 0x0000000083e00000|100%| O|  |TAMS 0x0000000083e00000| PB 0x0000000083d00000| Untracked 
|  62|0x0000000083e00000, 0x0000000083f00000, 0x0000000083f00000|100%| O|  |TAMS 0x0000000083f00000| PB 0x0000000083e00000| Untracked 
|  63|0x0000000083f00000, 0x0000000084000000, 0x0000000084000000|100%| O|  |TAMS 0x0000000084000000| PB 0x0000000083f00000| Untracked 
|  64|0x0000000084000000, 0x0000000084100000, 0x0000000084100000|100%| O|  |TAMS 0x0000000084100000| PB 0x0000000084000000| Untracked 
|  65|0x0000000084100000, 0x0000000084200000, 0x0000000084200000|100%| O|  |TAMS 0x0000000084200000| PB 0x0000000084100000| Untracked 
|  66|0x0000000084200000, 0x0000000084300000, 0x0000000084300000|100%|HS|  |TAMS 0x0000000084300000| PB 0x0000000084200000| Complete 
|  67|0x0000000084300000, 0x0000000084400000, 0x0000000084400000|100%| O|  |TAMS 0x0000000084400000| PB 0x0000000084300000| Untracked 
|  68|0x0000000084400000, 0x0000000084500000, 0x0000000084500000|100%| O|  |TAMS 0x0000000084500000| PB 0x0000000084400000| Untracked 
|  69|0x0000000084500000, 0x0000000084600000, 0x0000000084600000|100%|HS|  |TAMS 0x0000000084600000| PB 0x0000000084500000| Complete 
|  70|0x0000000084600000, 0x0000000084700000, 0x0000000084700000|100%| O|  |TAMS 0x0000000084700000| PB 0x0000000084600000| Untracked 
|  71|0x0000000084700000, 0x0000000084800000, 0x0000000084800000|100%| O|  |TAMS 0x0000000084800000| PB 0x0000000084700000| Untracked 
|  72|0x0000000084800000, 0x0000000084900000, 0x0000000084900000|100%| O|  |TAMS 0x0000000084900000| PB 0x0000000084800000| Untracked 
|  73|0x0000000084900000, 0x0000000084a00000, 0x0000000084a00000|100%| O|  |TAMS 0x0000000084a00000| PB 0x0000000084900000| Untracked 
|  74|0x0000000084a00000, 0x0000000084b00000, 0x0000000084b00000|100%| O|  |TAMS 0x0000000084b00000| PB 0x0000000084a00000| Untracked 
|  75|0x0000000084b00000, 0x0000000084c00000, 0x0000000084c00000|100%| O|  |TAMS 0x0000000084c00000| PB 0x0000000084b00000| Untracked 
|  76|0x0000000084c00000, 0x0000000084d00000, 0x0000000084d00000|100%| O|  |TAMS 0x0000000084d00000| PB 0x0000000084c00000| Untracked 
|  77|0x0000000084d00000, 0x0000000084e00000, 0x0000000084e00000|100%| O|  |TAMS 0x0000000084e00000| PB 0x0000000084d00000| Untracked 
|  78|0x0000000084e00000, 0x0000000084f00000, 0x0000000084f00000|100%| O|  |TAMS 0x0000000084f00000| PB 0x0000000084e00000| Untracked 
|  79|0x0000000084f00000, 0x0000000085000000, 0x0000000085000000|100%| O|  |TAMS 0x0000000085000000| PB 0x0000000084f00000| Untracked 
|  80|0x0000000085000000, 0x0000000085100000, 0x0000000085100000|100%| O|  |TAMS 0x0000000085100000| PB 0x0000000085000000| Untracked 
|  81|0x0000000085100000, 0x0000000085200000, 0x0000000085200000|100%| O|  |TAMS 0x0000000085200000| PB 0x0000000085100000| Untracked 
|  82|0x0000000085200000, 0x0000000085300000, 0x0000000085300000|100%| O|  |TAMS 0x0000000085300000| PB 0x0000000085200000| Untracked 
|  83|0x0000000085300000, 0x0000000085400000, 0x0000000085400000|100%| O|  |TAMS 0x0000000085400000| PB 0x0000000085300000| Untracked 
|  84|0x0000000085400000, 0x0000000085500000, 0x0000000085500000|100%| O|  |TAMS 0x0000000085500000| PB 0x0000000085400000| Untracked 
|  85|0x0000000085500000, 0x0000000085600000, 0x0000000085600000|100%| O|  |TAMS 0x0000000085600000| PB 0x0000000085500000| Untracked 
|  86|0x0000000085600000, 0x0000000085700000, 0x0000000085700000|100%| O|  |TAMS 0x0000000085700000| PB 0x0000000085600000| Untracked 
|  87|0x0000000085700000, 0x0000000085800000, 0x0000000085800000|100%| O|  |TAMS 0x0000000085800000| PB 0x0000000085700000| Untracked 
|  88|0x0000000085800000, 0x0000000085900000, 0x0000000085900000|100%| O|  |TAMS 0x0000000085900000| PB 0x0000000085800000| Untracked 
|  89|0x0000000085900000, 0x0000000085a00000, 0x0000000085a00000|100%| O|  |TAMS 0x0000000085a00000| PB 0x0000000085900000| Untracked 
|  90|0x0000000085a00000, 0x0000000085b00000, 0x0000000085b00000|100%| O|  |TAMS 0x0000000085b00000| PB 0x0000000085a00000| Untracked 
|  91|0x0000000085b00000, 0x0000000085c00000, 0x0000000085c00000|100%| O|  |TAMS 0x0000000085c00000| PB 0x0000000085b00000| Untracked 
|  92|0x0000000085c00000, 0x0000000085d00000, 0x0000000085d00000|100%| O|  |TAMS 0x0000000085d00000| PB 0x0000000085c00000| Untracked 
|  93|0x0000000085d00000, 0x0000000085e00000, 0x0000000085e00000|100%| O|  |TAMS 0x0000000085e00000| PB 0x0000000085d00000| Untracked 
|  94|0x0000000085e00000, 0x0000000085f00000, 0x0000000085f00000|100%| O|  |TAMS 0x0000000085f00000| PB 0x0000000085e00000| Untracked 
|  95|0x0000000085f00000, 0x0000000086000000, 0x0000000086000000|100%| O|  |TAMS 0x0000000086000000| PB 0x0000000085f00000| Untracked 
|  96|0x0000000086000000, 0x0000000086100000, 0x0000000086100000|100%| O|  |TAMS 0x0000000086100000| PB 0x0000000086000000| Untracked 
|  97|0x0000000086100000, 0x0000000086200000, 0x0000000086200000|100%| O|  |TAMS 0x0000000086200000| PB 0x0000000086100000| Untracked 
|  98|0x0000000086200000, 0x0000000086300000, 0x0000000086300000|100%| O|  |TAMS 0x0000000086300000| PB 0x0000000086200000| Untracked 
|  99|0x0000000086300000, 0x0000000086400000, 0x0000000086400000|100%| O|  |TAMS 0x0000000086400000| PB 0x0000000086300000| Untracked 
| 100|0x0000000086400000, 0x0000000086500000, 0x0000000086500000|100%| O|  |TAMS 0x0000000086500000| PB 0x0000000086400000| Untracked 
| 101|0x0000000086500000, 0x0000000086600000, 0x0000000086600000|100%| O|  |TAMS 0x0000000086600000| PB 0x0000000086500000| Untracked 
| 102|0x0000000086600000, 0x0000000086700000, 0x0000000086700000|100%| O|  |TAMS 0x0000000086700000| PB 0x0000000086600000| Untracked 
| 103|0x0000000086700000, 0x0000000086800000, 0x0000000086800000|100%| O|  |TAMS 0x0000000086800000| PB 0x0000000086700000| Untracked 
| 104|0x0000000086800000, 0x0000000086900000, 0x0000000086900000|100%| O|  |TAMS 0x0000000086900000| PB 0x0000000086800000| Untracked 
| 105|0x0000000086900000, 0x0000000086a00000, 0x0000000086a00000|100%| O|  |TAMS 0x0000000086a00000| PB 0x0000000086900000| Untracked 
| 106|0x0000000086a00000, 0x0000000086b00000, 0x0000000086b00000|100%| O|  |TAMS 0x0000000086b00000| PB 0x0000000086a00000| Untracked 
| 107|0x0000000086b00000, 0x0000000086c00000, 0x0000000086c00000|100%| O|  |TAMS 0x0000000086c00000| PB 0x0000000086b00000| Untracked 
| 108|0x0000000086c00000, 0x0000000086d00000, 0x0000000086d00000|100%| O|  |TAMS 0x0000000086d00000| PB 0x0000000086c00000| Untracked 
| 109|0x0000000086d00000, 0x0000000086e00000, 0x0000000086e00000|100%| O|  |TAMS 0x0000000086e00000| PB 0x0000000086d00000| Untracked 
| 110|0x0000000086e00000, 0x0000000086f00000, 0x0000000086f00000|100%| O|  |TAMS 0x0000000086f00000| PB 0x0000000086e00000| Untracked 
| 111|0x0000000086f00000, 0x0000000087000000, 0x0000000087000000|100%| O|  |TAMS 0x0000000086f00000| PB 0x0000000086f00000| Untracked 
| 112|0x0000000087000000, 0x0000000087100000, 0x0000000087100000|100%| O|  |TAMS 0x0000000087100000| PB 0x0000000087000000| Untracked 
| 113|0x0000000087100000, 0x0000000087200000, 0x0000000087200000|100%| O|  |TAMS 0x0000000087200000| PB 0x0000000087100000| Untracked 
| 114|0x0000000087200000, 0x0000000087300000, 0x0000000087300000|100%|HS|  |TAMS 0x0000000087200000| PB 0x0000000087200000| Complete 
| 115|0x0000000087300000, 0x0000000087400000, 0x0000000087400000|100%|HC|  |TAMS 0x0000000087300000| PB 0x0000000087300000| Complete 
| 116|0x0000000087400000, 0x0000000087500000, 0x0000000087500000|100%|HC|  |TAMS 0x0000000087400000| PB 0x0000000087400000| Complete 
| 117|0x0000000087500000, 0x0000000087600000, 0x0000000087600000|100%| O|  |TAMS 0x0000000087600000| PB 0x0000000087500000| Untracked 
| 118|0x0000000087600000, 0x0000000087700000, 0x0000000087700000|100%| O|  |TAMS 0x0000000087700000| PB 0x0000000087600000| Untracked 
| 119|0x0000000087700000, 0x0000000087800000, 0x0000000087800000|100%| O|  |TAMS 0x0000000087800000| PB 0x0000000087700000| Untracked 
| 120|0x0000000087800000, 0x0000000087900000, 0x0000000087900000|100%| O|  |TAMS 0x0000000087900000| PB 0x0000000087800000| Untracked 
| 121|0x0000000087900000, 0x0000000087a00000, 0x0000000087a00000|100%| O|  |TAMS 0x0000000087a00000| PB 0x0000000087900000| Untracked 
| 122|0x0000000087a00000, 0x0000000087b00000, 0x0000000087b00000|100%| O|  |TAMS 0x0000000087a00000| PB 0x0000000087a00000| Untracked 
| 123|0x0000000087b00000, 0x0000000087c00000, 0x0000000087c00000|100%| O|  |TAMS 0x0000000087c00000| PB 0x0000000087b00000| Untracked 
| 124|0x0000000087c00000, 0x0000000087d00000, 0x0000000087d00000|100%| O|  |TAMS 0x0000000087d00000| PB 0x0000000087c00000| Untracked 
| 125|0x0000000087d00000, 0x0000000087e00000, 0x0000000087e00000|100%| O|  |TAMS 0x0000000087e00000| PB 0x0000000087d00000| Untracked 
| 126|0x0000000087e00000, 0x0000000087f00000, 0x0000000087f00000|100%| O|  |TAMS 0x0000000087f00000| PB 0x0000000087e00000| Untracked 
| 127|0x0000000087f00000, 0x0000000088000000, 0x0000000088000000|100%| O|  |TAMS 0x0000000088000000| PB 0x0000000087f00000| Untracked 
| 128|0x0000000088000000, 0x0000000088100000, 0x0000000088100000|100%| O|  |TAMS 0x0000000088100000| PB 0x0000000088000000| Untracked 
| 129|0x0000000088100000, 0x0000000088200000, 0x0000000088200000|100%| O|  |TAMS 0x0000000088200000| PB 0x0000000088100000| Untracked 
| 130|0x0000000088200000, 0x0000000088300000, 0x0000000088300000|100%| O|  |TAMS 0x0000000088300000| PB 0x0000000088200000| Untracked 
| 131|0x0000000088300000, 0x0000000088400000, 0x0000000088400000|100%| O|  |TAMS 0x0000000088300000| PB 0x0000000088300000| Untracked 
| 132|0x0000000088400000, 0x0000000088500000, 0x0000000088500000|100%| O|  |TAMS 0x0000000088500000| PB 0x0000000088400000| Untracked 
| 133|0x0000000088500000, 0x0000000088600000, 0x0000000088600000|100%| O|  |TAMS 0x0000000088600000| PB 0x0000000088500000| Untracked 
| 134|0x0000000088600000, 0x0000000088700000, 0x0000000088700000|100%|HS|  |TAMS 0x0000000088700000| PB 0x0000000088600000| Complete 
| 135|0x0000000088700000, 0x0000000088800000, 0x0000000088800000|100%|HC|  |TAMS 0x0000000088800000| PB 0x0000000088700000| Complete 
| 136|0x0000000088800000, 0x0000000088900000, 0x0000000088900000|100%|HC|  |TAMS 0x0000000088900000| PB 0x0000000088800000| Complete 
| 137|0x0000000088900000, 0x0000000088a00000, 0x0000000088a00000|100%|HC|  |TAMS 0x0000000088a00000| PB 0x0000000088900000| Complete 
| 138|0x0000000088a00000, 0x0000000088b00000, 0x0000000088b00000|100%| O|  |TAMS 0x0000000088b00000| PB 0x0000000088a00000| Untracked 
| 139|0x0000000088b00000, 0x0000000088c00000, 0x0000000088c00000|100%| O|  |TAMS 0x0000000088c00000| PB 0x0000000088b00000| Untracked 
| 140|0x0000000088c00000, 0x0000000088d00000, 0x0000000088d00000|100%| O|  |TAMS 0x0000000088d00000| PB 0x0000000088c00000| Untracked 
| 141|0x0000000088d00000, 0x0000000088e00000, 0x0000000088e00000|100%| O|  |TAMS 0x0000000088e00000| PB 0x0000000088d00000| Untracked 
| 142|0x0000000088e00000, 0x0000000088f00000, 0x0000000088f00000|100%|HS|  |TAMS 0x0000000088f00000| PB 0x0000000088e00000| Complete 
| 143|0x0000000088f00000, 0x0000000089000000, 0x0000000089000000|100%|HC|  |TAMS 0x0000000089000000| PB 0x0000000088f00000| Complete 
| 144|0x0000000089000000, 0x0000000089100000, 0x0000000089100000|100%| O|  |TAMS 0x0000000089100000| PB 0x0000000089000000| Untracked 
| 145|0x0000000089100000, 0x0000000089200000, 0x0000000089200000|100%| O|  |TAMS 0x0000000089200000| PB 0x0000000089100000| Untracked 
| 146|0x0000000089200000, 0x0000000089300000, 0x0000000089300000|100%| O|  |TAMS 0x0000000089300000| PB 0x0000000089200000| Untracked 
| 147|0x0000000089300000, 0x0000000089400000, 0x0000000089400000|100%|HS|  |TAMS 0x0000000089400000| PB 0x0000000089300000| Complete 
| 148|0x0000000089400000, 0x0000000089500000, 0x0000000089500000|100%|HC|  |TAMS 0x0000000089500000| PB 0x0000000089400000| Complete 
| 149|0x0000000089500000, 0x0000000089600000, 0x0000000089600000|100%| O|  |TAMS 0x0000000089500000| PB 0x0000000089500000| Untracked 
| 150|0x0000000089600000, 0x0000000089700000, 0x0000000089700000|100%| O|  |TAMS 0x0000000089700000| PB 0x0000000089600000| Untracked 
| 151|0x0000000089700000, 0x0000000089800000, 0x0000000089800000|100%| O|  |TAMS 0x0000000089800000| PB 0x0000000089700000| Untracked 
| 152|0x0000000089800000, 0x0000000089900000, 0x0000000089900000|100%| O|  |TAMS 0x0000000089900000| PB 0x0000000089800000| Untracked 
| 153|0x0000000089900000, 0x0000000089a00000, 0x0000000089a00000|100%| O|  |TAMS 0x0000000089a00000| PB 0x0000000089900000| Untracked 
| 154|0x0000000089a00000, 0x0000000089b00000, 0x0000000089b00000|100%| O|  |TAMS 0x0000000089b00000| PB 0x0000000089a00000| Untracked 
| 155|0x0000000089b00000, 0x0000000089c00000, 0x0000000089c00000|100%| O|  |TAMS 0x0000000089c00000| PB 0x0000000089b00000| Untracked 
| 156|0x0000000089c00000, 0x0000000089d00000, 0x0000000089d00000|100%| O|  |TAMS 0x0000000089d00000| PB 0x0000000089c00000| Untracked 
| 157|0x0000000089d00000, 0x0000000089e00000, 0x0000000089e00000|100%| O|  |TAMS 0x0000000089e00000| PB 0x0000000089d00000| Untracked 
| 158|0x0000000089e00000, 0x0000000089f00000, 0x0000000089f00000|100%| O|  |TAMS 0x0000000089f00000| PB 0x0000000089e00000| Untracked 
| 159|0x0000000089f00000, 0x000000008a000000, 0x000000008a000000|100%| O|  |TAMS 0x000000008a000000| PB 0x0000000089f00000| Untracked 
| 160|0x000000008a000000, 0x000000008a100000, 0x000000008a100000|100%|HS|  |TAMS 0x000000008a100000| PB 0x000000008a000000| Complete 
| 161|0x000000008a100000, 0x000000008a200000, 0x000000008a200000|100%|HS|  |TAMS 0x000000008a200000| PB 0x000000008a100000| Complete 
| 162|0x000000008a200000, 0x000000008a300000, 0x000000008a300000|100%| O|  |TAMS 0x000000008a300000| PB 0x000000008a200000| Untracked 
| 163|0x000000008a300000, 0x000000008a400000, 0x000000008a400000|100%| O|  |TAMS 0x000000008a300000| PB 0x000000008a300000| Untracked 
| 164|0x000000008a400000, 0x000000008a500000, 0x000000008a500000|100%|HS|  |TAMS 0x000000008a500000| PB 0x000000008a400000| Complete 
| 165|0x000000008a500000, 0x000000008a600000, 0x000000008a600000|100%|HC|  |TAMS 0x000000008a600000| PB 0x000000008a500000| Complete 
| 166|0x000000008a600000, 0x000000008a700000, 0x000000008a700000|100%|HC|  |TAMS 0x000000008a700000| PB 0x000000008a600000| Complete 
| 167|0x000000008a700000, 0x000000008a800000, 0x000000008a800000|100%|HC|  |TAMS 0x000000008a800000| PB 0x000000008a700000| Complete 
| 168|0x000000008a800000, 0x000000008a900000, 0x000000008a900000|100%|HS|  |TAMS 0x000000008a900000| PB 0x000000008a800000| Complete 
| 169|0x000000008a900000, 0x000000008aa00000, 0x000000008aa00000|100%|HC|  |TAMS 0x000000008aa00000| PB 0x000000008a900000| Complete 
| 170|0x000000008aa00000, 0x000000008ab00000, 0x000000008ab00000|100%|HS|  |TAMS 0x000000008ab00000| PB 0x000000008aa00000| Complete 
| 171|0x000000008ab00000, 0x000000008ac00000, 0x000000008ac00000|100%|HC|  |TAMS 0x000000008ac00000| PB 0x000000008ab00000| Complete 
| 172|0x000000008ac00000, 0x000000008ad00000, 0x000000008ad00000|100%|HC|  |TAMS 0x000000008ad00000| PB 0x000000008ac00000| Complete 
| 173|0x000000008ad00000, 0x000000008ae00000, 0x000000008ae00000|100%|HC|  |TAMS 0x000000008ae00000| PB 0x000000008ad00000| Complete 
| 174|0x000000008ae00000, 0x000000008af00000, 0x000000008af00000|100%|HS|  |TAMS 0x000000008af00000| PB 0x000000008ae00000| Complete 
| 175|0x000000008af00000, 0x000000008b000000, 0x000000008b000000|100%|HS|  |TAMS 0x000000008b000000| PB 0x000000008af00000| Complete 
| 176|0x000000008b000000, 0x000000008b100000, 0x000000008b100000|100%|HS|  |TAMS 0x000000008b100000| PB 0x000000008b000000| Complete 
| 177|0x000000008b100000, 0x000000008b200000, 0x000000008b200000|100%|HC|  |TAMS 0x000000008b200000| PB 0x000000008b100000| Complete 
| 178|0x000000008b200000, 0x000000008b300000, 0x000000008b300000|100%|HC|  |TAMS 0x000000008b300000| PB 0x000000008b200000| Complete 
| 179|0x000000008b300000, 0x000000008b400000, 0x000000008b400000|100%|HS|  |TAMS 0x000000008b400000| PB 0x000000008b300000| Complete 
| 180|0x000000008b400000, 0x000000008b500000, 0x000000008b500000|100%| O|  |TAMS 0x000000008b500000| PB 0x000000008b400000| Untracked 
| 181|0x000000008b500000, 0x000000008b600000, 0x000000008b600000|100%| O|  |TAMS 0x000000008b600000| PB 0x000000008b500000| Untracked 
| 182|0x000000008b600000, 0x000000008b700000, 0x000000008b700000|100%| O|  |TAMS 0x000000008b700000| PB 0x000000008b600000| Untracked 
| 183|0x000000008b700000, 0x000000008b800000, 0x000000008b800000|100%| O|  |TAMS 0x000000008b800000| PB 0x000000008b700000| Untracked 
| 184|0x000000008b800000, 0x000000008b900000, 0x000000008b900000|100%| O|  |TAMS 0x000000008b800000| PB 0x000000008b800000| Untracked 
| 185|0x000000008b900000, 0x000000008ba00000, 0x000000008ba00000|100%| O|  |TAMS 0x000000008b900000| PB 0x000000008b900000| Untracked 
| 186|0x000000008ba00000, 0x000000008bb00000, 0x000000008bb00000|100%| O|  |TAMS 0x000000008ba00000| PB 0x000000008ba00000| Untracked 
| 187|0x000000008bb00000, 0x000000008bc00000, 0x000000008bc00000|100%| O|  |TAMS 0x000000008bc00000| PB 0x000000008bb00000| Untracked 
| 188|0x000000008bc00000, 0x000000008bd00000, 0x000000008bd00000|100%|HS|  |TAMS 0x000000008bd00000| PB 0x000000008bc00000| Complete 
| 189|0x000000008bd00000, 0x000000008be00000, 0x000000008be00000|100%|HS|  |TAMS 0x000000008be00000| PB 0x000000008bd00000| Complete 
| 190|0x000000008be00000, 0x000000008bf00000, 0x000000008bf00000|100%| O|  |TAMS 0x000000008bf00000| PB 0x000000008be00000| Untracked 
| 191|0x000000008bf00000, 0x000000008c000000, 0x000000008c000000|100%| O|  |TAMS 0x000000008c000000| PB 0x000000008bf00000| Untracked 
| 192|0x000000008c000000, 0x000000008c100000, 0x000000008c100000|100%| O|  |TAMS 0x000000008c100000| PB 0x000000008c000000| Untracked 
| 193|0x000000008c100000, 0x000000008c200000, 0x000000008c200000|100%|HS|  |TAMS 0x000000008c200000| PB 0x000000008c100000| Complete 
| 194|0x000000008c200000, 0x000000008c300000, 0x000000008c300000|100%|HC|  |TAMS 0x000000008c300000| PB 0x000000008c200000| Complete 
| 195|0x000000008c300000, 0x000000008c400000, 0x000000008c400000|100%| O|  |TAMS 0x000000008c400000| PB 0x000000008c300000| Untracked 
| 196|0x000000008c400000, 0x000000008c500000, 0x000000008c500000|100%| O|  |TAMS 0x000000008c500000| PB 0x000000008c400000| Untracked 
| 197|0x000000008c500000, 0x000000008c600000, 0x000000008c600000|100%| O|  |TAMS 0x000000008c600000| PB 0x000000008c500000| Untracked 
| 198|0x000000008c600000, 0x000000008c700000, 0x000000008c700000|100%| O|  |TAMS 0x000000008c600000| PB 0x000000008c600000| Untracked 
| 199|0x000000008c700000, 0x000000008c800000, 0x000000008c800000|100%| O|  |TAMS 0x000000008c800000| PB 0x000000008c700000| Untracked 
| 200|0x000000008c800000, 0x000000008c900000, 0x000000008c900000|100%| O|  |TAMS 0x000000008c800000| PB 0x000000008c800000| Untracked 
| 201|0x000000008c900000, 0x000000008ca00000, 0x000000008ca00000|100%|HS|  |TAMS 0x000000008ca00000| PB 0x000000008c900000| Complete 
| 202|0x000000008ca00000, 0x000000008cb00000, 0x000000008cb00000|100%|HC|  |TAMS 0x000000008cb00000| PB 0x000000008ca00000| Complete 
| 203|0x000000008cb00000, 0x000000008cc00000, 0x000000008cc00000|100%| O|  |TAMS 0x000000008cb00000| PB 0x000000008cb00000| Untracked 
| 204|0x000000008cc00000, 0x000000008cd00000, 0x000000008cd00000|100%| O|  |TAMS 0x000000008cd00000| PB 0x000000008cc00000| Untracked 
| 205|0x000000008cd00000, 0x000000008ce00000, 0x000000008ce00000|100%| O|  |TAMS 0x000000008ce00000| PB 0x000000008cd00000| Untracked 
| 206|0x000000008ce00000, 0x000000008cf00000, 0x000000008cf00000|100%| O|  |TAMS 0x000000008cf00000| PB 0x000000008ce00000| Untracked 
| 207|0x000000008cf00000, 0x000000008d000000, 0x000000008d000000|100%| O|  |TAMS 0x000000008d000000| PB 0x000000008cf00000| Untracked 
| 208|0x000000008d000000, 0x000000008d100000, 0x000000008d100000|100%| O|  |TAMS 0x000000008d100000| PB 0x000000008d000000| Untracked 
| 209|0x000000008d100000, 0x000000008d200000, 0x000000008d200000|100%| O|  |TAMS 0x000000008d200000| PB 0x000000008d100000| Untracked 
| 210|0x000000008d200000, 0x000000008d300000, 0x000000008d300000|100%|HS|  |TAMS 0x000000008d300000| PB 0x000000008d200000| Complete 
| 211|0x000000008d300000, 0x000000008d400000, 0x000000008d400000|100%| O|  |TAMS 0x000000008d300000| PB 0x000000008d300000| Untracked 
| 212|0x000000008d400000, 0x000000008d500000, 0x000000008d500000|100%| O|  |TAMS 0x000000008d500000| PB 0x000000008d400000| Untracked 
| 213|0x000000008d500000, 0x000000008d600000, 0x000000008d600000|100%| O|  |TAMS 0x000000008d500000| PB 0x000000008d500000| Untracked 
| 214|0x000000008d600000, 0x000000008d700000, 0x000000008d700000|100%|HS|  |TAMS 0x000000008d700000| PB 0x000000008d600000| Complete 
| 215|0x000000008d700000, 0x000000008d800000, 0x000000008d800000|100%| O|  |TAMS 0x000000008d800000| PB 0x000000008d700000| Untracked 
| 216|0x000000008d800000, 0x000000008d900000, 0x000000008d900000|100%| O|  |TAMS 0x000000008d900000| PB 0x000000008d800000| Untracked 
| 217|0x000000008d900000, 0x000000008da00000, 0x000000008da00000|100%| O|  |TAMS 0x000000008da00000| PB 0x000000008d900000| Untracked 
| 218|0x000000008da00000, 0x000000008db00000, 0x000000008db00000|100%| O|  |TAMS 0x000000008db00000| PB 0x000000008da00000| Untracked 
| 219|0x000000008db00000, 0x000000008dc00000, 0x000000008dc00000|100%|HS|  |TAMS 0x000000008dc00000| PB 0x000000008db00000| Complete 
| 220|0x000000008dc00000, 0x000000008dd00000, 0x000000008dd00000|100%|HC|  |TAMS 0x000000008dd00000| PB 0x000000008dc00000| Complete 
| 221|0x000000008dd00000, 0x000000008de00000, 0x000000008de00000|100%|HC|  |TAMS 0x000000008de00000| PB 0x000000008dd00000| Complete 
| 222|0x000000008de00000, 0x000000008df00000, 0x000000008df00000|100%|HC|  |TAMS 0x000000008df00000| PB 0x000000008de00000| Complete 
| 223|0x000000008df00000, 0x000000008e000000, 0x000000008e000000|100%|HS|  |TAMS 0x000000008e000000| PB 0x000000008df00000| Complete 
| 224|0x000000008e000000, 0x000000008e100000, 0x000000008e100000|100%|HC|  |TAMS 0x000000008e100000| PB 0x000000008e000000| Complete 
| 225|0x000000008e100000, 0x000000008e200000, 0x000000008e200000|100%|HS|  |TAMS 0x000000008e200000| PB 0x000000008e100000| Complete 
| 226|0x000000008e200000, 0x000000008e300000, 0x000000008e300000|100%| O|  |TAMS 0x000000008e300000| PB 0x000000008e200000| Untracked 
| 227|0x000000008e300000, 0x000000008e400000, 0x000000008e400000|100%| O|  |TAMS 0x000000008e300000| PB 0x000000008e300000| Untracked 
| 228|0x000000008e400000, 0x000000008e500000, 0x000000008e500000|100%| O|  |TAMS 0x000000008e500000| PB 0x000000008e400000| Untracked 
| 229|0x000000008e500000, 0x000000008e600000, 0x000000008e600000|100%| O|  |TAMS 0x000000008e600000| PB 0x000000008e500000| Untracked 
| 230|0x000000008e600000, 0x000000008e700000, 0x000000008e700000|100%| O|  |TAMS 0x000000008e700000| PB 0x000000008e600000| Untracked 
| 231|0x000000008e700000, 0x000000008e800000, 0x000000008e800000|100%|HS|  |TAMS 0x000000008e800000| PB 0x000000008e700000| Complete 
| 232|0x000000008e800000, 0x000000008e900000, 0x000000008e900000|100%| O|  |TAMS 0x000000008e900000| PB 0x000000008e800000| Untracked 
| 233|0x000000008e900000, 0x000000008ea00000, 0x000000008ea00000|100%| O|  |TAMS 0x000000008e900000| PB 0x000000008e900000| Untracked 
| 234|0x000000008ea00000, 0x000000008eb00000, 0x000000008eb00000|100%| O|  |TAMS 0x000000008ea00000| PB 0x000000008ea00000| Untracked 
| 235|0x000000008eb00000, 0x000000008ec00000, 0x000000008ec00000|100%| O|  |TAMS 0x000000008ec00000| PB 0x000000008eb00000| Untracked 
| 236|0x000000008ec00000, 0x000000008ed00000, 0x000000008ed00000|100%| O|  |TAMS 0x000000008ed00000| PB 0x000000008ec00000| Untracked 
| 237|0x000000008ed00000, 0x000000008ee00000, 0x000000008ee00000|100%| O|  |TAMS 0x000000008ee00000| PB 0x000000008ed00000| Untracked 
| 238|0x000000008ee00000, 0x000000008ef00000, 0x000000008ef00000|100%| O|  |TAMS 0x000000008ee00000| PB 0x000000008ee00000| Untracked 
| 239|0x000000008ef00000, 0x000000008f000000, 0x000000008f000000|100%| O|  |TAMS 0x000000008f000000| PB 0x000000008ef00000| Untracked 
| 240|0x000000008f000000, 0x000000008f100000, 0x000000008f100000|100%|HS|  |TAMS 0x000000008f100000| PB 0x000000008f000000| Complete 
| 241|0x000000008f100000, 0x000000008f200000, 0x000000008f200000|100%|HC|  |TAMS 0x000000008f200000| PB 0x000000008f100000| Complete 
| 242|0x000000008f200000, 0x000000008f300000, 0x000000008f300000|100%|HS|  |TAMS 0x000000008f300000| PB 0x000000008f200000| Complete 
| 243|0x000000008f300000, 0x000000008f400000, 0x000000008f400000|100%|HS|  |TAMS 0x000000008f400000| PB 0x000000008f300000| Complete 
| 244|0x000000008f400000, 0x000000008f500000, 0x000000008f500000|100%|HC|  |TAMS 0x000000008f500000| PB 0x000000008f400000| Complete 
| 245|0x000000008f500000, 0x000000008f600000, 0x000000008f600000|100%|HS|  |TAMS 0x000000008f600000| PB 0x000000008f500000| Complete 
| 246|0x000000008f600000, 0x000000008f700000, 0x000000008f700000|100%|HS|  |TAMS 0x000000008f700000| PB 0x000000008f600000| Complete 
| 247|0x000000008f700000, 0x000000008f800000, 0x000000008f800000|100%|HS|  |TAMS 0x000000008f800000| PB 0x000000008f700000| Complete 
| 248|0x000000008f800000, 0x000000008f900000, 0x000000008f900000|100%|HC|  |TAMS 0x000000008f900000| PB 0x000000008f800000| Complete 
| 249|0x000000008f900000, 0x000000008fa00000, 0x000000008fa00000|100%|HS|  |TAMS 0x000000008fa00000| PB 0x000000008f900000| Complete 
| 250|0x000000008fa00000, 0x000000008fb00000, 0x000000008fb00000|100%|HS|  |TAMS 0x000000008fb00000| PB 0x000000008fa00000| Complete 
| 251|0x000000008fb00000, 0x000000008fc00000, 0x000000008fc00000|100%|HC|  |TAMS 0x000000008fc00000| PB 0x000000008fb00000| Complete 
| 252|0x000000008fc00000, 0x000000008fd00000, 0x000000008fd00000|100%|HS|  |TAMS 0x000000008fd00000| PB 0x000000008fc00000| Complete 
| 253|0x000000008fd00000, 0x000000008fe00000, 0x000000008fe00000|100%|HC|  |TAMS 0x000000008fe00000| PB 0x000000008fd00000| Complete 
| 254|0x000000008fe00000, 0x000000008ff00000, 0x000000008ff00000|100%|HC|  |TAMS 0x000000008ff00000| PB 0x000000008fe00000| Complete 
| 255|0x000000008ff00000, 0x0000000090000000, 0x0000000090000000|100%|HS|  |TAMS 0x0000000090000000| PB 0x000000008ff00000| Complete 
| 256|0x0000000090000000, 0x0000000090100000, 0x0000000090100000|100%|HC|  |TAMS 0x0000000090100000| PB 0x0000000090000000| Complete 
| 257|0x0000000090100000, 0x0000000090200000, 0x0000000090200000|100%|HC|  |TAMS 0x0000000090200000| PB 0x0000000090100000| Complete 
| 258|0x0000000090200000, 0x0000000090300000, 0x0000000090300000|100%| O|  |TAMS 0x0000000090300000| PB 0x0000000090200000| Untracked 
| 259|0x0000000090300000, 0x0000000090400000, 0x0000000090400000|100%| O|  |TAMS 0x0000000090400000| PB 0x0000000090300000| Untracked 
| 260|0x0000000090400000, 0x0000000090500000, 0x0000000090500000|100%| O|  |TAMS 0x0000000090500000| PB 0x0000000090400000| Untracked 
| 261|0x0000000090500000, 0x0000000090600000, 0x0000000090600000|100%| O|  |TAMS 0x0000000090600000| PB 0x0000000090500000| Untracked 
| 262|0x0000000090600000, 0x0000000090700000, 0x0000000090700000|100%| O|  |TAMS 0x0000000090700000| PB 0x0000000090600000| Untracked 
| 263|0x0000000090700000, 0x0000000090800000, 0x0000000090800000|100%| O|  |TAMS 0x0000000090800000| PB 0x0000000090700000| Untracked 
| 264|0x0000000090800000, 0x0000000090900000, 0x0000000090900000|100%| O|  |TAMS 0x0000000090900000| PB 0x0000000090800000| Untracked 
| 265|0x0000000090900000, 0x0000000090a00000, 0x0000000090a00000|100%| O|  |TAMS 0x0000000090a00000| PB 0x0000000090900000| Untracked 
| 266|0x0000000090a00000, 0x0000000090b00000, 0x0000000090b00000|100%| O|  |TAMS 0x0000000090b00000| PB 0x0000000090a00000| Untracked 
| 267|0x0000000090b00000, 0x0000000090c00000, 0x0000000090c00000|100%| O|  |TAMS 0x0000000090c00000| PB 0x0000000090b00000| Untracked 
| 268|0x0000000090c00000, 0x0000000090d00000, 0x0000000090d00000|100%|HS|  |TAMS 0x0000000090d00000| PB 0x0000000090c00000| Complete 
| 269|0x0000000090d00000, 0x0000000090e00000, 0x0000000090e00000|100%|HC|  |TAMS 0x0000000090e00000| PB 0x0000000090d00000| Complete 
| 270|0x0000000090e00000, 0x0000000090f00000, 0x0000000090f00000|100%|HC|  |TAMS 0x0000000090f00000| PB 0x0000000090e00000| Complete 
| 271|0x0000000090f00000, 0x0000000091000000, 0x0000000091000000|100%|HC|  |TAMS 0x0000000091000000| PB 0x0000000090f00000| Complete 
| 272|0x0000000091000000, 0x0000000091100000, 0x0000000091100000|100%| O|  |TAMS 0x0000000091100000| PB 0x0000000091000000| Untracked 
| 273|0x0000000091100000, 0x0000000091200000, 0x0000000091200000|100%| O|  |TAMS 0x0000000091200000| PB 0x0000000091100000| Untracked 
| 274|0x0000000091200000, 0x0000000091300000, 0x0000000091300000|100%| O|  |TAMS 0x0000000091300000| PB 0x0000000091200000| Untracked 
| 275|0x0000000091300000, 0x0000000091400000, 0x0000000091400000|100%| O|  |TAMS 0x0000000091400000| PB 0x0000000091300000| Untracked 
| 276|0x0000000091400000, 0x0000000091500000, 0x0000000091500000|100%| O|  |TAMS 0x0000000091500000| PB 0x0000000091400000| Untracked 
| 277|0x0000000091500000, 0x0000000091600000, 0x0000000091600000|100%| O|  |TAMS 0x0000000091600000| PB 0x0000000091500000| Untracked 
| 278|0x0000000091600000, 0x0000000091700000, 0x0000000091700000|100%|HS|  |TAMS 0x0000000091700000| PB 0x0000000091600000| Complete 
| 279|0x0000000091700000, 0x0000000091800000, 0x0000000091800000|100%|HC|  |TAMS 0x0000000091800000| PB 0x0000000091700000| Complete 
| 280|0x0000000091800000, 0x0000000091900000, 0x0000000091900000|100%|HC|  |TAMS 0x0000000091900000| PB 0x0000000091800000| Complete 
| 281|0x0000000091900000, 0x0000000091a00000, 0x0000000091a00000|100%| O|  |TAMS 0x0000000091a00000| PB 0x0000000091900000| Untracked 
| 282|0x0000000091a00000, 0x0000000091b00000, 0x0000000091b00000|100%| O|  |TAMS 0x0000000091b00000| PB 0x0000000091a00000| Untracked 
| 283|0x0000000091b00000, 0x0000000091c00000, 0x0000000091c00000|100%| O|  |TAMS 0x0000000091c00000| PB 0x0000000091b00000| Untracked 
| 284|0x0000000091c00000, 0x0000000091d00000, 0x0000000091d00000|100%|HS|  |TAMS 0x0000000091d00000| PB 0x0000000091c00000| Complete 
| 285|0x0000000091d00000, 0x0000000091e00000, 0x0000000091e00000|100%|HC|  |TAMS 0x0000000091e00000| PB 0x0000000091d00000| Complete 
| 286|0x0000000091e00000, 0x0000000091f00000, 0x0000000091f00000|100%| O|  |TAMS 0x0000000091f00000| PB 0x0000000091e00000| Untracked 
| 287|0x0000000091f00000, 0x0000000092000000, 0x0000000092000000|100%|HS|  |TAMS 0x0000000092000000| PB 0x0000000091f00000| Complete 
| 288|0x0000000092000000, 0x0000000092100000, 0x0000000092100000|100%| O|  |TAMS 0x0000000092100000| PB 0x0000000092000000| Untracked 
| 289|0x0000000092100000, 0x0000000092200000, 0x0000000092200000|100%| O|  |TAMS 0x0000000092100000| PB 0x0000000092100000| Untracked 
| 290|0x0000000092200000, 0x0000000092300000, 0x0000000092300000|100%| O|  |TAMS 0x0000000092200000| PB 0x0000000092200000| Untracked 
| 291|0x0000000092300000, 0x0000000092400000, 0x0000000092400000|100%|HS|  |TAMS 0x0000000092400000| PB 0x0000000092300000| Complete 
| 292|0x0000000092400000, 0x0000000092500000, 0x0000000092500000|100%|HC|  |TAMS 0x0000000092500000| PB 0x0000000092400000| Complete 
| 293|0x0000000092500000, 0x0000000092600000, 0x0000000092600000|100%| O|  |TAMS 0x0000000092500000| PB 0x0000000092500000| Untracked 
| 294|0x0000000092600000, 0x0000000092700000, 0x0000000092700000|100%| O|  |TAMS 0x0000000092600000| PB 0x0000000092600000| Untracked 
| 295|0x0000000092700000, 0x0000000092800000, 0x0000000092800000|100%| O|  |TAMS 0x0000000092700000| PB 0x0000000092700000| Untracked 
| 296|0x0000000092800000, 0x0000000092900000, 0x0000000092900000|100%|HS|  |TAMS 0x0000000092900000| PB 0x0000000092800000| Complete 
| 297|0x0000000092900000, 0x0000000092a00000, 0x0000000092a00000|100%|HC|  |TAMS 0x0000000092a00000| PB 0x0000000092900000| Complete 
| 298|0x0000000092a00000, 0x0000000092b00000, 0x0000000092b00000|100%| O|  |TAMS 0x0000000092a00000| PB 0x0000000092a00000| Untracked 
| 299|0x0000000092b00000, 0x0000000092c00000, 0x0000000092c00000|100%|HS|  |TAMS 0x0000000092c00000| PB 0x0000000092b00000| Complete 
| 300|0x0000000092c00000, 0x0000000092d00000, 0x0000000092d00000|100%| O|  |TAMS 0x0000000092c00000| PB 0x0000000092c00000| Untracked 
| 301|0x0000000092d00000, 0x0000000092e00000, 0x0000000092e00000|100%| O|  |TAMS 0x0000000092d00000| PB 0x0000000092d00000| Untracked 
| 302|0x0000000092e00000, 0x0000000092f00000, 0x0000000092f00000|100%| O|  |TAMS 0x0000000092e00000| PB 0x0000000092e00000| Untracked 
| 303|0x0000000092f00000, 0x0000000093000000, 0x0000000093000000|100%|HS|  |TAMS 0x0000000093000000| PB 0x0000000092f00000| Complete 
| 304|0x0000000093000000, 0x0000000093100000, 0x0000000093100000|100%|HC|  |TAMS 0x0000000093100000| PB 0x0000000093000000| Complete 
| 305|0x0000000093100000, 0x0000000093200000, 0x0000000093200000|100%| O|  |TAMS 0x0000000093100000| PB 0x0000000093100000| Untracked 
| 306|0x0000000093200000, 0x0000000093300000, 0x0000000093300000|100%| O|  |TAMS 0x0000000093200000| PB 0x0000000093200000| Untracked 
| 307|0x0000000093300000, 0x0000000093400000, 0x0000000093400000|100%| O|  |TAMS 0x0000000093300000| PB 0x0000000093300000| Untracked 
| 308|0x0000000093400000, 0x0000000093500000, 0x0000000093500000|100%| O|  |TAMS 0x0000000093400000| PB 0x0000000093400000| Untracked 
| 309|0x0000000093500000, 0x0000000093600000, 0x0000000093600000|100%| O|  |TAMS 0x0000000093500000| PB 0x0000000093500000| Untracked 
| 310|0x0000000093600000, 0x0000000093700000, 0x0000000093700000|100%| O|  |TAMS 0x0000000093600000| PB 0x0000000093600000| Untracked 
| 311|0x0000000093700000, 0x0000000093800000, 0x0000000093800000|100%|HS|  |TAMS 0x0000000093800000| PB 0x0000000093700000| Complete 
| 312|0x0000000093800000, 0x0000000093900000, 0x0000000093900000|100%|HC|  |TAMS 0x0000000093900000| PB 0x0000000093800000| Complete 
| 313|0x0000000093900000, 0x0000000093a00000, 0x0000000093a00000|100%|HC|  |TAMS 0x0000000093a00000| PB 0x0000000093900000| Complete 
| 314|0x0000000093a00000, 0x0000000093b00000, 0x0000000093b00000|100%| O|  |TAMS 0x0000000093a00000| PB 0x0000000093a00000| Untracked 
| 315|0x0000000093b00000, 0x0000000093c00000, 0x0000000093c00000|100%| O|  |TAMS 0x0000000093b00000| PB 0x0000000093b00000| Untracked 
| 316|0x0000000093c00000, 0x0000000093d00000, 0x0000000093d00000|100%| O|  |TAMS 0x0000000093c00000| PB 0x0000000093c00000| Untracked 
| 317|0x0000000093d00000, 0x0000000093e00000, 0x0000000093e00000|100%| O|  |TAMS 0x0000000093d00000| PB 0x0000000093d00000| Untracked 
| 318|0x0000000093e00000, 0x0000000093f00000, 0x0000000093f00000|100%| O|  |TAMS 0x0000000093e00000| PB 0x0000000093e00000| Untracked 
| 319|0x0000000093f00000, 0x0000000094000000, 0x0000000094000000|100%| O|  |TAMS 0x0000000093f00000| PB 0x0000000093f00000| Untracked 
| 320|0x0000000094000000, 0x0000000094100000, 0x0000000094100000|100%|HS|  |TAMS 0x0000000094100000| PB 0x0000000094000000| Complete 
| 321|0x0000000094100000, 0x0000000094200000, 0x0000000094200000|100%|HC|  |TAMS 0x0000000094200000| PB 0x0000000094100000| Complete 
| 322|0x0000000094200000, 0x0000000094300000, 0x0000000094300000|100%|HC|  |TAMS 0x0000000094300000| PB 0x0000000094200000| Complete 
| 323|0x0000000094300000, 0x0000000094400000, 0x0000000094400000|100%| O|  |TAMS 0x0000000094300000| PB 0x0000000094300000| Untracked 
| 324|0x0000000094400000, 0x0000000094500000, 0x0000000094500000|100%|HS|  |TAMS 0x0000000094500000| PB 0x0000000094400000| Complete 
| 325|0x0000000094500000, 0x0000000094600000, 0x0000000094600000|100%| O|  |TAMS 0x0000000094500000| PB 0x0000000094500000| Untracked 
| 326|0x0000000094600000, 0x0000000094700000, 0x0000000094700000|100%|HS|  |TAMS 0x0000000094700000| PB 0x0000000094600000| Complete 
| 327|0x0000000094700000, 0x0000000094800000, 0x0000000094800000|100%|HS|  |TAMS 0x0000000094800000| PB 0x0000000094700000| Complete 
| 328|0x0000000094800000, 0x0000000094900000, 0x0000000094900000|100%| O|  |TAMS 0x0000000094800000| PB 0x0000000094800000| Untracked 
| 329|0x0000000094900000, 0x0000000094a00000, 0x0000000094a00000|100%| O|  |TAMS 0x0000000094900000| PB 0x0000000094900000| Untracked 
| 330|0x0000000094a00000, 0x0000000094b00000, 0x0000000094b00000|100%| O|  |TAMS 0x0000000094a00000| PB 0x0000000094a00000| Untracked 
| 331|0x0000000094b00000, 0x0000000094c00000, 0x0000000094c00000|100%| O|  |TAMS 0x0000000094b00000| PB 0x0000000094b00000| Untracked 
| 332|0x0000000094c00000, 0x0000000094d00000, 0x0000000094d00000|100%| O|  |TAMS 0x0000000094c00000| PB 0x0000000094c00000| Untracked 
| 333|0x0000000094d00000, 0x0000000094d00000, 0x0000000094e00000|  0%| F|  |TAMS 0x0000000094d00000| PB 0x0000000094d00000| Untracked 
| 334|0x0000000094e00000, 0x0000000094f00000, 0x0000000094f00000|100%|HS|  |TAMS 0x0000000094f00000| PB 0x0000000094e00000| Complete 
| 335|0x0000000094f00000, 0x0000000095000000, 0x0000000095000000|100%|HC|  |TAMS 0x0000000095000000| PB 0x0000000094f00000| Complete 
| 336|0x0000000095000000, 0x0000000095100000, 0x0000000095100000|100%|HS|  |TAMS 0x0000000095100000| PB 0x0000000095000000| Complete 
| 337|0x0000000095100000, 0x0000000095200000, 0x0000000095200000|100%|HC|  |TAMS 0x0000000095200000| PB 0x0000000095100000| Complete 
| 338|0x0000000095200000, 0x0000000095300000, 0x0000000095300000|100%|HS|  |TAMS 0x0000000095300000| PB 0x0000000095200000| Complete 
| 339|0x0000000095300000, 0x0000000095300000, 0x0000000095400000|  0%| F|  |TAMS 0x0000000095300000| PB 0x0000000095300000| Untracked 
| 340|0x0000000095400000, 0x0000000095400000, 0x0000000095500000|  0%| F|  |TAMS 0x0000000095400000| PB 0x0000000095400000| Untracked 
| 341|0x0000000095500000, 0x0000000095500000, 0x0000000095600000|  0%| F|  |TAMS 0x0000000095500000| PB 0x0000000095500000| Untracked 
| 342|0x0000000095600000, 0x0000000095600000, 0x0000000095700000|  0%| F|  |TAMS 0x0000000095600000| PB 0x0000000095600000| Untracked 
| 343|0x0000000095700000, 0x0000000095700000, 0x0000000095800000|  0%| F|  |TAMS 0x0000000095700000| PB 0x0000000095700000| Untracked 
| 344|0x0000000095800000, 0x0000000095800000, 0x0000000095900000|  0%| F|  |TAMS 0x0000000095800000| PB 0x0000000095800000| Untracked 
| 345|0x0000000095900000, 0x0000000095900000, 0x0000000095a00000|  0%| F|  |TAMS 0x0000000095900000| PB 0x0000000095900000| Untracked 
| 346|0x0000000095a00000, 0x0000000095a00000, 0x0000000095b00000|  0%| F|  |TAMS 0x0000000095a00000| PB 0x0000000095a00000| Untracked 
| 347|0x0000000095b00000, 0x0000000095b00000, 0x0000000095c00000|  0%| F|  |TAMS 0x0000000095b00000| PB 0x0000000095b00000| Untracked 
| 348|0x0000000095c00000, 0x0000000095c00000, 0x0000000095d00000|  0%| F|  |TAMS 0x0000000095c00000| PB 0x0000000095c00000| Untracked 
| 349|0x0000000095d00000, 0x0000000095d00000, 0x0000000095e00000|  0%| F|  |TAMS 0x0000000095d00000| PB 0x0000000095d00000| Untracked 
| 350|0x0000000095e00000, 0x0000000095e00000, 0x0000000095f00000|  0%| F|  |TAMS 0x0000000095e00000| PB 0x0000000095e00000| Untracked 
| 351|0x0000000095f00000, 0x0000000095f00000, 0x0000000096000000|  0%| F|  |TAMS 0x0000000095f00000| PB 0x0000000095f00000| Untracked 
| 352|0x0000000096000000, 0x0000000096000000, 0x0000000096100000|  0%| F|  |TAMS 0x0000000096000000| PB 0x0000000096000000| Untracked 
| 353|0x0000000096100000, 0x0000000096100000, 0x0000000096200000|  0%| F|  |TAMS 0x0000000096100000| PB 0x0000000096100000| Untracked 
| 354|0x0000000096200000, 0x0000000096200000, 0x0000000096300000|  0%| F|  |TAMS 0x0000000096200000| PB 0x0000000096200000| Untracked 
| 355|0x0000000096300000, 0x0000000096300000, 0x0000000096400000|  0%| F|  |TAMS 0x0000000096300000| PB 0x0000000096300000| Untracked 
| 356|0x0000000096400000, 0x0000000096400000, 0x0000000096500000|  0%| F|  |TAMS 0x0000000096400000| PB 0x0000000096400000| Untracked 
| 357|0x0000000096500000, 0x0000000096500000, 0x0000000096600000|  0%| F|  |TAMS 0x0000000096500000| PB 0x0000000096500000| Untracked 
| 358|0x0000000096600000, 0x0000000096600000, 0x0000000096700000|  0%| F|  |TAMS 0x0000000096600000| PB 0x0000000096600000| Untracked 
| 359|0x0000000096700000, 0x0000000096700000, 0x0000000096800000|  0%| F|  |TAMS 0x0000000096700000| PB 0x0000000096700000| Untracked 
| 360|0x0000000096800000, 0x0000000096800000, 0x0000000096900000|  0%| F|  |TAMS 0x0000000096800000| PB 0x0000000096800000| Untracked 
| 361|0x0000000096900000, 0x0000000096900000, 0x0000000096a00000|  0%| F|  |TAMS 0x0000000096900000| PB 0x0000000096900000| Untracked 
| 362|0x0000000096a00000, 0x0000000096a00000, 0x0000000096b00000|  0%| F|  |TAMS 0x0000000096a00000| PB 0x0000000096a00000| Untracked 
| 363|0x0000000096b00000, 0x0000000096b00000, 0x0000000096c00000|  0%| F|  |TAMS 0x0000000096b00000| PB 0x0000000096b00000| Untracked 
| 364|0x0000000096c00000, 0x0000000096c00000, 0x0000000096d00000|  0%| F|  |TAMS 0x0000000096c00000| PB 0x0000000096c00000| Untracked 
| 365|0x0000000096d00000, 0x0000000096d00000, 0x0000000096e00000|  0%| F|  |TAMS 0x0000000096d00000| PB 0x0000000096d00000| Untracked 
| 366|0x0000000096e00000, 0x0000000096e00000, 0x0000000096f00000|  0%| F|  |TAMS 0x0000000096e00000| PB 0x0000000096e00000| Untracked 
| 367|0x0000000096f00000, 0x0000000096f00000, 0x0000000097000000|  0%| F|  |TAMS 0x0000000096f00000| PB 0x0000000096f00000| Untracked 
| 368|0x0000000097000000, 0x0000000097000000, 0x0000000097100000|  0%| F|  |TAMS 0x0000000097000000| PB 0x0000000097000000| Untracked 
| 369|0x0000000097100000, 0x0000000097100000, 0x0000000097200000|  0%| F|  |TAMS 0x0000000097100000| PB 0x0000000097100000| Untracked 
| 370|0x0000000097200000, 0x0000000097200000, 0x0000000097300000|  0%| F|  |TAMS 0x0000000097200000| PB 0x0000000097200000| Untracked 
| 371|0x0000000097300000, 0x0000000097300000, 0x0000000097400000|  0%| F|  |TAMS 0x0000000097300000| PB 0x0000000097300000| Untracked 
| 372|0x0000000097400000, 0x0000000097400000, 0x0000000097500000|  0%| F|  |TAMS 0x0000000097400000| PB 0x0000000097400000| Untracked 
| 373|0x0000000097500000, 0x0000000097500000, 0x0000000097600000|  0%| F|  |TAMS 0x0000000097500000| PB 0x0000000097500000| Untracked 
| 374|0x0000000097600000, 0x0000000097600000, 0x0000000097700000|  0%| F|  |TAMS 0x0000000097600000| PB 0x0000000097600000| Untracked 
| 375|0x0000000097700000, 0x0000000097700000, 0x0000000097800000|  0%| F|  |TAMS 0x0000000097700000| PB 0x0000000097700000| Untracked 
| 376|0x0000000097800000, 0x0000000097800000, 0x0000000097900000|  0%| F|  |TAMS 0x0000000097800000| PB 0x0000000097800000| Untracked 
| 377|0x0000000097900000, 0x0000000097900000, 0x0000000097a00000|  0%| F|  |TAMS 0x0000000097900000| PB 0x0000000097900000| Untracked 
| 378|0x0000000097a00000, 0x0000000097a00000, 0x0000000097b00000|  0%| F|  |TAMS 0x0000000097a00000| PB 0x0000000097a00000| Untracked 
| 379|0x0000000097b00000, 0x0000000097b00000, 0x0000000097c00000|  0%| F|  |TAMS 0x0000000097b00000| PB 0x0000000097b00000| Untracked 
| 380|0x0000000097c00000, 0x0000000097c00000, 0x0000000097d00000|  0%| F|  |TAMS 0x0000000097c00000| PB 0x0000000097c00000| Untracked 
| 381|0x0000000097d00000, 0x0000000097d00000, 0x0000000097e00000|  0%| F|  |TAMS 0x0000000097d00000| PB 0x0000000097d00000| Untracked 
| 382|0x0000000097e00000, 0x0000000097e00000, 0x0000000097f00000|  0%| F|  |TAMS 0x0000000097e00000| PB 0x0000000097e00000| Untracked 
| 383|0x0000000097f00000, 0x0000000097f00000, 0x0000000098000000|  0%| F|  |TAMS 0x0000000097f00000| PB 0x0000000097f00000| Untracked 
| 384|0x0000000098000000, 0x0000000098000000, 0x0000000098100000|  0%| F|  |TAMS 0x0000000098000000| PB 0x0000000098000000| Untracked 
| 385|0x0000000098100000, 0x0000000098100000, 0x0000000098200000|  0%| F|  |TAMS 0x0000000098100000| PB 0x0000000098100000| Untracked 
| 386|0x0000000098200000, 0x0000000098200000, 0x0000000098300000|  0%| F|  |TAMS 0x0000000098200000| PB 0x0000000098200000| Untracked 
| 387|0x0000000098300000, 0x0000000098300000, 0x0000000098400000|  0%| F|  |TAMS 0x0000000098300000| PB 0x0000000098300000| Untracked 
| 388|0x0000000098400000, 0x0000000098400000, 0x0000000098500000|  0%| F|  |TAMS 0x0000000098400000| PB 0x0000000098400000| Untracked 
| 389|0x0000000098500000, 0x0000000098500000, 0x0000000098600000|  0%| F|  |TAMS 0x0000000098500000| PB 0x0000000098500000| Untracked 
| 390|0x0000000098600000, 0x0000000098600000, 0x0000000098700000|  0%| F|  |TAMS 0x0000000098600000| PB 0x0000000098600000| Untracked 
| 391|0x0000000098700000, 0x0000000098700000, 0x0000000098800000|  0%| F|  |TAMS 0x0000000098700000| PB 0x0000000098700000| Untracked 
| 392|0x0000000098800000, 0x0000000098800000, 0x0000000098900000|  0%| F|  |TAMS 0x0000000098800000| PB 0x0000000098800000| Untracked 
| 393|0x0000000098900000, 0x0000000098900000, 0x0000000098a00000|  0%| F|  |TAMS 0x0000000098900000| PB 0x0000000098900000| Untracked 
| 394|0x0000000098a00000, 0x0000000098a00000, 0x0000000098b00000|  0%| F|  |TAMS 0x0000000098a00000| PB 0x0000000098a00000| Untracked 
| 395|0x0000000098b00000, 0x0000000098b00000, 0x0000000098c00000|  0%| F|  |TAMS 0x0000000098b00000| PB 0x0000000098b00000| Untracked 
| 396|0x0000000098c00000, 0x0000000098c00000, 0x0000000098d00000|  0%| F|  |TAMS 0x0000000098c00000| PB 0x0000000098c00000| Untracked 
| 397|0x0000000098d00000, 0x0000000098d00000, 0x0000000098e00000|  0%| F|  |TAMS 0x0000000098d00000| PB 0x0000000098d00000| Untracked 
| 398|0x0000000098e00000, 0x0000000098e00000, 0x0000000098f00000|  0%| F|  |TAMS 0x0000000098e00000| PB 0x0000000098e00000| Untracked 
| 399|0x0000000098f00000, 0x0000000098f00000, 0x0000000099000000|  0%| F|  |TAMS 0x0000000098f00000| PB 0x0000000098f00000| Untracked 
| 400|0x0000000099000000, 0x0000000099000000, 0x0000000099100000|  0%| F|  |TAMS 0x0000000099000000| PB 0x0000000099000000| Untracked 
| 401|0x0000000099100000, 0x0000000099100000, 0x0000000099200000|  0%| F|  |TAMS 0x0000000099100000| PB 0x0000000099100000| Untracked 
| 402|0x0000000099200000, 0x0000000099200000, 0x0000000099300000|  0%| F|  |TAMS 0x0000000099200000| PB 0x0000000099200000| Untracked 
| 403|0x0000000099300000, 0x0000000099300000, 0x0000000099400000|  0%| F|  |TAMS 0x0000000099300000| PB 0x0000000099300000| Untracked 
| 404|0x0000000099400000, 0x0000000099400000, 0x0000000099500000|  0%| F|  |TAMS 0x0000000099400000| PB 0x0000000099400000| Untracked 
| 405|0x0000000099500000, 0x0000000099500000, 0x0000000099600000|  0%| F|  |TAMS 0x0000000099500000| PB 0x0000000099500000| Untracked 
| 406|0x0000000099600000, 0x0000000099600000, 0x0000000099700000|  0%| F|  |TAMS 0x0000000099600000| PB 0x0000000099600000| Untracked 
| 407|0x0000000099700000, 0x0000000099700000, 0x0000000099800000|  0%| F|  |TAMS 0x0000000099700000| PB 0x0000000099700000| Untracked 
| 408|0x0000000099800000, 0x0000000099800000, 0x0000000099900000|  0%| F|  |TAMS 0x0000000099800000| PB 0x0000000099800000| Untracked 
| 409|0x0000000099900000, 0x0000000099900000, 0x0000000099a00000|  0%| F|  |TAMS 0x0000000099900000| PB 0x0000000099900000| Untracked 
| 410|0x0000000099a00000, 0x0000000099a00000, 0x0000000099b00000|  0%| F|  |TAMS 0x0000000099a00000| PB 0x0000000099a00000| Untracked 
| 411|0x0000000099b00000, 0x0000000099b00000, 0x0000000099c00000|  0%| F|  |TAMS 0x0000000099b00000| PB 0x0000000099b00000| Untracked 
| 412|0x0000000099c00000, 0x0000000099c00000, 0x0000000099d00000|  0%| F|  |TAMS 0x0000000099c00000| PB 0x0000000099c00000| Untracked 
| 413|0x0000000099d00000, 0x0000000099d00000, 0x0000000099e00000|  0%| F|  |TAMS 0x0000000099d00000| PB 0x0000000099d00000| Untracked 
| 414|0x0000000099e00000, 0x0000000099e00000, 0x0000000099f00000|  0%| F|  |TAMS 0x0000000099e00000| PB 0x0000000099e00000| Untracked 
| 415|0x0000000099f00000, 0x0000000099f00000, 0x000000009a000000|  0%| F|  |TAMS 0x0000000099f00000| PB 0x0000000099f00000| Untracked 
| 416|0x000000009a000000, 0x000000009a000000, 0x000000009a100000|  0%| F|  |TAMS 0x000000009a000000| PB 0x000000009a000000| Untracked 
| 417|0x000000009a100000, 0x000000009a100000, 0x000000009a200000|  0%| F|  |TAMS 0x000000009a100000| PB 0x000000009a100000| Untracked 
| 418|0x000000009a200000, 0x000000009a200000, 0x000000009a300000|  0%| F|  |TAMS 0x000000009a200000| PB 0x000000009a200000| Untracked 
| 419|0x000000009a300000, 0x000000009a300000, 0x000000009a400000|  0%| F|  |TAMS 0x000000009a300000| PB 0x000000009a300000| Untracked 
| 420|0x000000009a400000, 0x000000009a400000, 0x000000009a500000|  0%| F|  |TAMS 0x000000009a400000| PB 0x000000009a400000| Untracked 
| 421|0x000000009a500000, 0x000000009a500000, 0x000000009a600000|  0%| F|  |TAMS 0x000000009a500000| PB 0x000000009a500000| Untracked 
| 422|0x000000009a600000, 0x000000009a600000, 0x000000009a700000|  0%| F|  |TAMS 0x000000009a600000| PB 0x000000009a600000| Untracked 
| 423|0x000000009a700000, 0x000000009a700000, 0x000000009a800000|  0%| F|  |TAMS 0x000000009a700000| PB 0x000000009a700000| Untracked 
| 424|0x000000009a800000, 0x000000009a800000, 0x000000009a900000|  0%| F|  |TAMS 0x000000009a800000| PB 0x000000009a800000| Untracked 
| 425|0x000000009a900000, 0x000000009a900000, 0x000000009aa00000|  0%| F|  |TAMS 0x000000009a900000| PB 0x000000009a900000| Untracked 
| 426|0x000000009aa00000, 0x000000009aa00000, 0x000000009ab00000|  0%| F|  |TAMS 0x000000009aa00000| PB 0x000000009aa00000| Untracked 
| 427|0x000000009ab00000, 0x000000009ab00000, 0x000000009ac00000|  0%| F|  |TAMS 0x000000009ab00000| PB 0x000000009ab00000| Untracked 
| 428|0x000000009ac00000, 0x000000009ac00000, 0x000000009ad00000|  0%| F|  |TAMS 0x000000009ac00000| PB 0x000000009ac00000| Untracked 
| 429|0x000000009ad00000, 0x000000009ad00000, 0x000000009ae00000|  0%| F|  |TAMS 0x000000009ad00000| PB 0x000000009ad00000| Untracked 
| 430|0x000000009ae00000, 0x000000009ae00000, 0x000000009af00000|  0%| F|  |TAMS 0x000000009ae00000| PB 0x000000009ae00000| Untracked 
| 431|0x000000009af00000, 0x000000009af00000, 0x000000009b000000|  0%| F|  |TAMS 0x000000009af00000| PB 0x000000009af00000| Untracked 
| 432|0x000000009b000000, 0x000000009b000000, 0x000000009b100000|  0%| F|  |TAMS 0x000000009b000000| PB 0x000000009b000000| Untracked 
| 433|0x000000009b100000, 0x000000009b100000, 0x000000009b200000|  0%| F|  |TAMS 0x000000009b100000| PB 0x000000009b100000| Untracked 
| 434|0x000000009b200000, 0x000000009b200000, 0x000000009b300000|  0%| F|  |TAMS 0x000000009b200000| PB 0x000000009b200000| Untracked 
| 435|0x000000009b300000, 0x000000009b300000, 0x000000009b400000|  0%| F|  |TAMS 0x000000009b300000| PB 0x000000009b300000| Untracked 
| 436|0x000000009b400000, 0x000000009b400000, 0x000000009b500000|  0%| F|  |TAMS 0x000000009b400000| PB 0x000000009b400000| Untracked 
| 437|0x000000009b500000, 0x000000009b500000, 0x000000009b600000|  0%| F|  |TAMS 0x000000009b500000| PB 0x000000009b500000| Untracked 
| 438|0x000000009b600000, 0x000000009b600000, 0x000000009b700000|  0%| F|  |TAMS 0x000000009b600000| PB 0x000000009b600000| Untracked 
| 439|0x000000009b700000, 0x000000009b700000, 0x000000009b800000|  0%| F|  |TAMS 0x000000009b700000| PB 0x000000009b700000| Untracked 
| 440|0x000000009b800000, 0x000000009b800000, 0x000000009b900000|  0%| F|  |TAMS 0x000000009b800000| PB 0x000000009b800000| Untracked 
| 441|0x000000009b900000, 0x000000009b900000, 0x000000009ba00000|  0%| F|  |TAMS 0x000000009b900000| PB 0x000000009b900000| Untracked 
| 442|0x000000009ba00000, 0x000000009ba00000, 0x000000009bb00000|  0%| F|  |TAMS 0x000000009ba00000| PB 0x000000009ba00000| Untracked 
| 443|0x000000009bb00000, 0x000000009bb00000, 0x000000009bc00000|  0%| F|  |TAMS 0x000000009bb00000| PB 0x000000009bb00000| Untracked 
| 444|0x000000009bc00000, 0x000000009bc00000, 0x000000009bd00000|  0%| F|  |TAMS 0x000000009bc00000| PB 0x000000009bc00000| Untracked 
| 445|0x000000009bd00000, 0x000000009bd00000, 0x000000009be00000|  0%| F|  |TAMS 0x000000009bd00000| PB 0x000000009bd00000| Untracked 
| 446|0x000000009be00000, 0x000000009be00000, 0x000000009bf00000|  0%| F|  |TAMS 0x000000009be00000| PB 0x000000009be00000| Untracked 
| 447|0x000000009bf00000, 0x000000009bf00000, 0x000000009c000000|  0%| F|  |TAMS 0x000000009bf00000| PB 0x000000009bf00000| Untracked 
| 448|0x000000009c000000, 0x000000009c000000, 0x000000009c100000|  0%| F|  |TAMS 0x000000009c000000| PB 0x000000009c000000| Untracked 
| 449|0x000000009c100000, 0x000000009c100000, 0x000000009c200000|  0%| F|  |TAMS 0x000000009c100000| PB 0x000000009c100000| Untracked 
| 450|0x000000009c200000, 0x000000009c200000, 0x000000009c300000|  0%| F|  |TAMS 0x000000009c200000| PB 0x000000009c200000| Untracked 
| 451|0x000000009c300000, 0x000000009c300000, 0x000000009c400000|  0%| F|  |TAMS 0x000000009c300000| PB 0x000000009c300000| Untracked 
| 452|0x000000009c400000, 0x000000009c400000, 0x000000009c500000|  0%| F|  |TAMS 0x000000009c400000| PB 0x000000009c400000| Untracked 
| 453|0x000000009c500000, 0x000000009c500000, 0x000000009c600000|  0%| F|  |TAMS 0x000000009c500000| PB 0x000000009c500000| Untracked 
| 454|0x000000009c600000, 0x000000009c600000, 0x000000009c700000|  0%| F|  |TAMS 0x000000009c600000| PB 0x000000009c600000| Untracked 
| 455|0x000000009c700000, 0x000000009c700000, 0x000000009c800000|  0%| F|  |TAMS 0x000000009c700000| PB 0x000000009c700000| Untracked 
| 456|0x000000009c800000, 0x000000009c800000, 0x000000009c900000|  0%| F|  |TAMS 0x000000009c800000| PB 0x000000009c800000| Untracked 
| 457|0x000000009c900000, 0x000000009c900000, 0x000000009ca00000|  0%| F|  |TAMS 0x000000009c900000| PB 0x000000009c900000| Untracked 
| 458|0x000000009ca00000, 0x000000009ca00000, 0x000000009cb00000|  0%| F|  |TAMS 0x000000009ca00000| PB 0x000000009ca00000| Untracked 
| 459|0x000000009cb00000, 0x000000009cb00000, 0x000000009cc00000|  0%| F|  |TAMS 0x000000009cb00000| PB 0x000000009cb00000| Untracked 
| 460|0x000000009cc00000, 0x000000009cc00000, 0x000000009cd00000|  0%| F|  |TAMS 0x000000009cc00000| PB 0x000000009cc00000| Untracked 
| 461|0x000000009cd00000, 0x000000009cd00000, 0x000000009ce00000|  0%| F|  |TAMS 0x000000009cd00000| PB 0x000000009cd00000| Untracked 
| 462|0x000000009ce00000, 0x000000009ce00000, 0x000000009cf00000|  0%| F|  |TAMS 0x000000009ce00000| PB 0x000000009ce00000| Untracked 
| 463|0x000000009cf00000, 0x000000009cf00000, 0x000000009d000000|  0%| F|  |TAMS 0x000000009cf00000| PB 0x000000009cf00000| Untracked 
| 464|0x000000009d000000, 0x000000009d000000, 0x000000009d100000|  0%| F|  |TAMS 0x000000009d000000| PB 0x000000009d000000| Untracked 
| 465|0x000000009d100000, 0x000000009d100000, 0x000000009d200000|  0%| F|  |TAMS 0x000000009d100000| PB 0x000000009d100000| Untracked 
| 466|0x000000009d200000, 0x000000009d200000, 0x000000009d300000|  0%| F|  |TAMS 0x000000009d200000| PB 0x000000009d200000| Untracked 
| 467|0x000000009d300000, 0x000000009d300000, 0x000000009d400000|  0%| F|  |TAMS 0x000000009d300000| PB 0x000000009d300000| Untracked 
| 468|0x000000009d400000, 0x000000009d400000, 0x000000009d500000|  0%| F|  |TAMS 0x000000009d400000| PB 0x000000009d400000| Untracked 
| 469|0x000000009d500000, 0x000000009d500000, 0x000000009d600000|  0%| F|  |TAMS 0x000000009d500000| PB 0x000000009d500000| Untracked 
| 470|0x000000009d600000, 0x000000009d600000, 0x000000009d700000|  0%| F|  |TAMS 0x000000009d600000| PB 0x000000009d600000| Untracked 
| 471|0x000000009d700000, 0x000000009d700000, 0x000000009d800000|  0%| F|  |TAMS 0x000000009d700000| PB 0x000000009d700000| Untracked 
| 472|0x000000009d800000, 0x000000009d800000, 0x000000009d900000|  0%| F|  |TAMS 0x000000009d800000| PB 0x000000009d800000| Untracked 
| 473|0x000000009d900000, 0x000000009d900000, 0x000000009da00000|  0%| F|  |TAMS 0x000000009d900000| PB 0x000000009d900000| Untracked 
| 474|0x000000009da00000, 0x000000009da00000, 0x000000009db00000|  0%| F|  |TAMS 0x000000009da00000| PB 0x000000009da00000| Untracked 
| 475|0x000000009db00000, 0x000000009db00000, 0x000000009dc00000|  0%| F|  |TAMS 0x000000009db00000| PB 0x000000009db00000| Untracked 
| 476|0x000000009dc00000, 0x000000009dc00000, 0x000000009dd00000|  0%| F|  |TAMS 0x000000009dc00000| PB 0x000000009dc00000| Untracked 
| 477|0x000000009dd00000, 0x000000009dd00000, 0x000000009de00000|  0%| F|  |TAMS 0x000000009dd00000| PB 0x000000009dd00000| Untracked 
| 478|0x000000009de00000, 0x000000009de00000, 0x000000009df00000|  0%| F|  |TAMS 0x000000009de00000| PB 0x000000009de00000| Untracked 
| 479|0x000000009df00000, 0x000000009df00000, 0x000000009e000000|  0%| F|  |TAMS 0x000000009df00000| PB 0x000000009df00000| Untracked 
| 480|0x000000009e000000, 0x000000009e000000, 0x000000009e100000|  0%| F|  |TAMS 0x000000009e000000| PB 0x000000009e000000| Untracked 
| 481|0x000000009e100000, 0x000000009e100000, 0x000000009e200000|  0%| F|  |TAMS 0x000000009e100000| PB 0x000000009e100000| Untracked 
| 482|0x000000009e200000, 0x000000009e200000, 0x000000009e300000|  0%| F|  |TAMS 0x000000009e200000| PB 0x000000009e200000| Untracked 
| 483|0x000000009e300000, 0x000000009e300000, 0x000000009e400000|  0%| F|  |TAMS 0x000000009e300000| PB 0x000000009e300000| Untracked 
| 484|0x000000009e400000, 0x000000009e400000, 0x000000009e500000|  0%| F|  |TAMS 0x000000009e400000| PB 0x000000009e400000| Untracked 
| 485|0x000000009e500000, 0x000000009e500000, 0x000000009e600000|  0%| F|  |TAMS 0x000000009e500000| PB 0x000000009e500000| Untracked 
| 486|0x000000009e600000, 0x000000009e600000, 0x000000009e700000|  0%| F|  |TAMS 0x000000009e600000| PB 0x000000009e600000| Untracked 
| 487|0x000000009e700000, 0x000000009e700000, 0x000000009e800000|  0%| F|  |TAMS 0x000000009e700000| PB 0x000000009e700000| Untracked 
| 488|0x000000009e800000, 0x000000009e800000, 0x000000009e900000|  0%| F|  |TAMS 0x000000009e800000| PB 0x000000009e800000| Untracked 
| 489|0x000000009e900000, 0x000000009e900000, 0x000000009ea00000|  0%| F|  |TAMS 0x000000009e900000| PB 0x000000009e900000| Untracked 
| 490|0x000000009ea00000, 0x000000009ea00000, 0x000000009eb00000|  0%| F|  |TAMS 0x000000009ea00000| PB 0x000000009ea00000| Untracked 
| 491|0x000000009eb00000, 0x000000009eb00000, 0x000000009ec00000|  0%| F|  |TAMS 0x000000009eb00000| PB 0x000000009eb00000| Untracked 
| 492|0x000000009ec00000, 0x000000009ec00000, 0x000000009ed00000|  0%| F|  |TAMS 0x000000009ec00000| PB 0x000000009ec00000| Untracked 
| 493|0x000000009ed00000, 0x000000009ed00000, 0x000000009ee00000|  0%| F|  |TAMS 0x000000009ed00000| PB 0x000000009ed00000| Untracked 
| 494|0x000000009ee00000, 0x000000009ee00000, 0x000000009ef00000|  0%| F|  |TAMS 0x000000009ee00000| PB 0x000000009ee00000| Untracked 
| 495|0x000000009ef00000, 0x000000009ef00000, 0x000000009f000000|  0%| F|  |TAMS 0x000000009ef00000| PB 0x000000009ef00000| Untracked 
| 496|0x000000009f000000, 0x000000009f000000, 0x000000009f100000|  0%| F|  |TAMS 0x000000009f000000| PB 0x000000009f000000| Untracked 
| 497|0x000000009f100000, 0x000000009f100000, 0x000000009f200000|  0%| F|  |TAMS 0x000000009f100000| PB 0x000000009f100000| Untracked 
| 498|0x000000009f200000, 0x000000009f200000, 0x000000009f300000|  0%| F|  |TAMS 0x000000009f200000| PB 0x000000009f200000| Untracked 
| 499|0x000000009f300000, 0x000000009f300000, 0x000000009f400000|  0%| F|  |TAMS 0x000000009f300000| PB 0x000000009f300000| Untracked 
| 500|0x000000009f400000, 0x000000009f400000, 0x000000009f500000|  0%| F|  |TAMS 0x000000009f400000| PB 0x000000009f400000| Untracked 
| 501|0x000000009f500000, 0x000000009f500000, 0x000000009f600000|  0%| F|  |TAMS 0x000000009f500000| PB 0x000000009f500000| Untracked 
| 502|0x000000009f600000, 0x000000009f600000, 0x000000009f700000|  0%| F|  |TAMS 0x000000009f600000| PB 0x000000009f600000| Untracked 
| 503|0x000000009f700000, 0x000000009f700000, 0x000000009f800000|  0%| F|  |TAMS 0x000000009f700000| PB 0x000000009f700000| Untracked 
| 504|0x000000009f800000, 0x000000009f800000, 0x000000009f900000|  0%| F|  |TAMS 0x000000009f800000| PB 0x000000009f800000| Untracked 
| 505|0x000000009f900000, 0x000000009f900000, 0x000000009fa00000|  0%| F|  |TAMS 0x000000009f900000| PB 0x000000009f900000| Untracked 
| 506|0x000000009fa00000, 0x000000009fa00000, 0x000000009fb00000|  0%| F|  |TAMS 0x000000009fa00000| PB 0x000000009fa00000| Untracked 
| 507|0x000000009fb00000, 0x000000009fb00000, 0x000000009fc00000|  0%| F|  |TAMS 0x000000009fb00000| PB 0x000000009fb00000| Untracked 
| 508|0x000000009fc00000, 0x000000009fc00000, 0x000000009fd00000|  0%| F|  |TAMS 0x000000009fc00000| PB 0x000000009fc00000| Untracked 
| 509|0x000000009fd00000, 0x000000009fd00000, 0x000000009fe00000|  0%| F|  |TAMS 0x000000009fd00000| PB 0x000000009fd00000| Untracked 
| 510|0x000000009fe00000, 0x000000009fe00000, 0x000000009ff00000|  0%| F|  |TAMS 0x000000009fe00000| PB 0x000000009fe00000| Untracked 
| 511|0x000000009ff00000, 0x000000009ff00000, 0x00000000a0000000|  0%| F|  |TAMS 0x000000009ff00000| PB 0x000000009ff00000| Untracked 
| 512|0x00000000a0000000, 0x00000000a0000000, 0x00000000a0100000|  0%| F|  |TAMS 0x00000000a0000000| PB 0x00000000a0000000| Untracked 
| 513|0x00000000a0100000, 0x00000000a0100000, 0x00000000a0200000|  0%| F|  |TAMS 0x00000000a0100000| PB 0x00000000a0100000| Untracked 
| 514|0x00000000a0200000, 0x00000000a0200000, 0x00000000a0300000|  0%| F|  |TAMS 0x00000000a0200000| PB 0x00000000a0200000| Untracked 
| 515|0x00000000a0300000, 0x00000000a0300000, 0x00000000a0400000|  0%| F|  |TAMS 0x00000000a0300000| PB 0x00000000a0300000| Untracked 
| 516|0x00000000a0400000, 0x00000000a0400000, 0x00000000a0500000|  0%| F|  |TAMS 0x00000000a0400000| PB 0x00000000a0400000| Untracked 
| 517|0x00000000a0500000, 0x00000000a0500000, 0x00000000a0600000|  0%| F|  |TAMS 0x00000000a0500000| PB 0x00000000a0500000| Untracked 
| 518|0x00000000a0600000, 0x00000000a0600000, 0x00000000a0700000|  0%| F|  |TAMS 0x00000000a0600000| PB 0x00000000a0600000| Untracked 
| 519|0x00000000a0700000, 0x00000000a0700000, 0x00000000a0800000|  0%| F|  |TAMS 0x00000000a0700000| PB 0x00000000a0700000| Untracked 
| 520|0x00000000a0800000, 0x00000000a0800000, 0x00000000a0900000|  0%| F|  |TAMS 0x00000000a0800000| PB 0x00000000a0800000| Untracked 
| 521|0x00000000a0900000, 0x00000000a0900000, 0x00000000a0a00000|  0%| F|  |TAMS 0x00000000a0900000| PB 0x00000000a0900000| Untracked 
| 522|0x00000000a0a00000, 0x00000000a0a00000, 0x00000000a0b00000|  0%| F|  |TAMS 0x00000000a0a00000| PB 0x00000000a0a00000| Untracked 
| 523|0x00000000a0b00000, 0x00000000a0c00000, 0x00000000a0c00000|100%| S|CS|TAMS 0x00000000a0b00000| PB 0x00000000a0b00000| Complete 
| 524|0x00000000a0c00000, 0x00000000a0d00000, 0x00000000a0d00000|100%| S|CS|TAMS 0x00000000a0c00000| PB 0x00000000a0c00000| Complete 
| 525|0x00000000a0d00000, 0x00000000a0e00000, 0x00000000a0e00000|100%| S|CS|TAMS 0x00000000a0d00000| PB 0x00000000a0d00000| Complete 
| 526|0x00000000a0e00000, 0x00000000a0f00000, 0x00000000a0f00000|100%| S|CS|TAMS 0x00000000a0e00000| PB 0x00000000a0e00000| Complete 
| 527|0x00000000a0f00000, 0x00000000a1000000, 0x00000000a1000000|100%| S|CS|TAMS 0x00000000a0f00000| PB 0x00000000a0f00000| Complete 
| 528|0x00000000a1000000, 0x00000000a1100000, 0x00000000a1100000|100%| S|CS|TAMS 0x00000000a1000000| PB 0x00000000a1000000| Complete 
| 529|0x00000000a1100000, 0x00000000a1200000, 0x00000000a1200000|100%| S|CS|TAMS 0x00000000a1100000| PB 0x00000000a1100000| Complete 
| 530|0x00000000a1200000, 0x00000000a1300000, 0x00000000a1300000|100%| S|CS|TAMS 0x00000000a1200000| PB 0x00000000a1200000| Complete 
| 531|0x00000000a1300000, 0x00000000a1400000, 0x00000000a1400000|100%| S|CS|TAMS 0x00000000a1300000| PB 0x00000000a1300000| Complete 
| 532|0x00000000a1400000, 0x00000000a1500000, 0x00000000a1500000|100%| S|CS|TAMS 0x00000000a1400000| PB 0x00000000a1400000| Complete 
| 533|0x00000000a1500000, 0x00000000a1600000, 0x00000000a1600000|100%| S|CS|TAMS 0x00000000a1500000| PB 0x00000000a1500000| Complete 
| 534|0x00000000a1600000, 0x00000000a1700000, 0x00000000a1700000|100%| S|CS|TAMS 0x00000000a1600000| PB 0x00000000a1600000| Complete 
| 535|0x00000000a1700000, 0x00000000a1800000, 0x00000000a1800000|100%| S|CS|TAMS 0x00000000a1700000| PB 0x00000000a1700000| Complete 
| 536|0x00000000a1800000, 0x00000000a1800000, 0x00000000a1900000|  0%| F|  |TAMS 0x00000000a1800000| PB 0x00000000a1800000| Untracked 
| 537|0x00000000a1900000, 0x00000000a1900000, 0x00000000a1a00000|  0%| F|  |TAMS 0x00000000a1900000| PB 0x00000000a1900000| Untracked 
| 538|0x00000000a1a00000, 0x00000000a1a00000, 0x00000000a1b00000|  0%| F|  |TAMS 0x00000000a1a00000| PB 0x00000000a1a00000| Untracked 
| 539|0x00000000a1b00000, 0x00000000a1b00000, 0x00000000a1c00000|  0%| F|  |TAMS 0x00000000a1b00000| PB 0x00000000a1b00000| Untracked 
| 540|0x00000000a1c00000, 0x00000000a1c00000, 0x00000000a1d00000|  0%| F|  |TAMS 0x00000000a1c00000| PB 0x00000000a1c00000| Untracked 
| 541|0x00000000a1d00000, 0x00000000a1d00000, 0x00000000a1e00000|  0%| F|  |TAMS 0x00000000a1d00000| PB 0x00000000a1d00000| Untracked 
| 542|0x00000000a1e00000, 0x00000000a1e00000, 0x00000000a1f00000|  0%| F|  |TAMS 0x00000000a1e00000| PB 0x00000000a1e00000| Untracked 
| 543|0x00000000a1f00000, 0x00000000a1f00000, 0x00000000a2000000|  0%| F|  |TAMS 0x00000000a1f00000| PB 0x00000000a1f00000| Untracked 
| 544|0x00000000a2000000, 0x00000000a2000000, 0x00000000a2100000|  0%| F|  |TAMS 0x00000000a2000000| PB 0x00000000a2000000| Untracked 
| 545|0x00000000a2100000, 0x00000000a2100000, 0x00000000a2200000|  0%| F|  |TAMS 0x00000000a2100000| PB 0x00000000a2100000| Untracked 
| 546|0x00000000a2200000, 0x00000000a2200000, 0x00000000a2300000|  0%| F|  |TAMS 0x00000000a2200000| PB 0x00000000a2200000| Untracked 
| 547|0x00000000a2300000, 0x00000000a2300000, 0x00000000a2400000|  0%| F|  |TAMS 0x00000000a2300000| PB 0x00000000a2300000| Untracked 
| 548|0x00000000a2400000, 0x00000000a2400000, 0x00000000a2500000|  0%| F|  |TAMS 0x00000000a2400000| PB 0x00000000a2400000| Untracked 
| 549|0x00000000a2500000, 0x00000000a2500000, 0x00000000a2600000|  0%| F|  |TAMS 0x00000000a2500000| PB 0x00000000a2500000| Untracked 
| 550|0x00000000a2600000, 0x00000000a2600000, 0x00000000a2700000|  0%| F|  |TAMS 0x00000000a2600000| PB 0x00000000a2600000| Untracked 
| 551|0x00000000a2700000, 0x00000000a2700000, 0x00000000a2800000|  0%| F|  |TAMS 0x00000000a2700000| PB 0x00000000a2700000| Untracked 
| 552|0x00000000a2800000, 0x00000000a2800000, 0x00000000a2900000|  0%| F|  |TAMS 0x00000000a2800000| PB 0x00000000a2800000| Untracked 
| 553|0x00000000a2900000, 0x00000000a2900000, 0x00000000a2a00000|  0%| F|  |TAMS 0x00000000a2900000| PB 0x00000000a2900000| Untracked 
| 554|0x00000000a2a00000, 0x00000000a2a00000, 0x00000000a2b00000|  0%| F|  |TAMS 0x00000000a2a00000| PB 0x00000000a2a00000| Untracked 
| 555|0x00000000a2b00000, 0x00000000a2b00000, 0x00000000a2c00000|  0%| F|  |TAMS 0x00000000a2b00000| PB 0x00000000a2b00000| Untracked 
| 556|0x00000000a2c00000, 0x00000000a2c00000, 0x00000000a2d00000|  0%| F|  |TAMS 0x00000000a2c00000| PB 0x00000000a2c00000| Untracked 
| 557|0x00000000a2d00000, 0x00000000a2d00000, 0x00000000a2e00000|  0%| F|  |TAMS 0x00000000a2d00000| PB 0x00000000a2d00000| Untracked 
| 558|0x00000000a2e00000, 0x00000000a2e00000, 0x00000000a2f00000|  0%| F|  |TAMS 0x00000000a2e00000| PB 0x00000000a2e00000| Untracked 
| 559|0x00000000a2f00000, 0x00000000a2f00000, 0x00000000a3000000|  0%| F|  |TAMS 0x00000000a2f00000| PB 0x00000000a2f00000| Untracked 
| 560|0x00000000a3000000, 0x00000000a3000000, 0x00000000a3100000|  0%| F|  |TAMS 0x00000000a3000000| PB 0x00000000a3000000| Untracked 
| 561|0x00000000a3100000, 0x00000000a3100000, 0x00000000a3200000|  0%| F|  |TAMS 0x00000000a3100000| PB 0x00000000a3100000| Untracked 
| 562|0x00000000a3200000, 0x00000000a3200000, 0x00000000a3300000|  0%| F|  |TAMS 0x00000000a3200000| PB 0x00000000a3200000| Untracked 
| 563|0x00000000a3300000, 0x00000000a3300000, 0x00000000a3400000|  0%| F|  |TAMS 0x00000000a3300000| PB 0x00000000a3300000| Untracked 
| 564|0x00000000a3400000, 0x00000000a3400000, 0x00000000a3500000|  0%| F|  |TAMS 0x00000000a3400000| PB 0x00000000a3400000| Untracked 
| 565|0x00000000a3500000, 0x00000000a3500000, 0x00000000a3600000|  0%| F|  |TAMS 0x00000000a3500000| PB 0x00000000a3500000| Untracked 
| 566|0x00000000a3600000, 0x00000000a3600000, 0x00000000a3700000|  0%| F|  |TAMS 0x00000000a3600000| PB 0x00000000a3600000| Untracked 
| 567|0x00000000a3700000, 0x00000000a3700000, 0x00000000a3800000|  0%| F|  |TAMS 0x00000000a3700000| PB 0x00000000a3700000| Untracked 
| 568|0x00000000a3800000, 0x00000000a3800000, 0x00000000a3900000|  0%| F|  |TAMS 0x00000000a3800000| PB 0x00000000a3800000| Untracked 
| 569|0x00000000a3900000, 0x00000000a3900000, 0x00000000a3a00000|  0%| F|  |TAMS 0x00000000a3900000| PB 0x00000000a3900000| Untracked 
| 570|0x00000000a3a00000, 0x00000000a3a00000, 0x00000000a3b00000|  0%| F|  |TAMS 0x00000000a3a00000| PB 0x00000000a3a00000| Untracked 
| 571|0x00000000a3b00000, 0x00000000a3b00000, 0x00000000a3c00000|  0%| F|  |TAMS 0x00000000a3b00000| PB 0x00000000a3b00000| Untracked 
| 572|0x00000000a3c00000, 0x00000000a3c00000, 0x00000000a3d00000|  0%| F|  |TAMS 0x00000000a3c00000| PB 0x00000000a3c00000| Untracked 
| 573|0x00000000a3d00000, 0x00000000a3d00000, 0x00000000a3e00000|  0%| F|  |TAMS 0x00000000a3d00000| PB 0x00000000a3d00000| Untracked 
| 574|0x00000000a3e00000, 0x00000000a3e00000, 0x00000000a3f00000|  0%| F|  |TAMS 0x00000000a3e00000| PB 0x00000000a3e00000| Untracked 
| 575|0x00000000a3f00000, 0x00000000a3f00000, 0x00000000a4000000|  0%| F|  |TAMS 0x00000000a3f00000| PB 0x00000000a3f00000| Untracked 
| 576|0x00000000a4000000, 0x00000000a4000000, 0x00000000a4100000|  0%| F|  |TAMS 0x00000000a4000000| PB 0x00000000a4000000| Untracked 
| 577|0x00000000a4100000, 0x00000000a4100000, 0x00000000a4200000|  0%| F|  |TAMS 0x00000000a4100000| PB 0x00000000a4100000| Untracked 
| 578|0x00000000a4200000, 0x00000000a4200000, 0x00000000a4300000|  0%| F|  |TAMS 0x00000000a4200000| PB 0x00000000a4200000| Untracked 
| 579|0x00000000a4300000, 0x00000000a4300000, 0x00000000a4400000|  0%| F|  |TAMS 0x00000000a4300000| PB 0x00000000a4300000| Untracked 
| 580|0x00000000a4400000, 0x00000000a4400000, 0x00000000a4500000|  0%| F|  |TAMS 0x00000000a4400000| PB 0x00000000a4400000| Untracked 
| 581|0x00000000a4500000, 0x00000000a4500000, 0x00000000a4600000|  0%| F|  |TAMS 0x00000000a4500000| PB 0x00000000a4500000| Untracked 
| 582|0x00000000a4600000, 0x00000000a4600000, 0x00000000a4700000|  0%| F|  |TAMS 0x00000000a4600000| PB 0x00000000a4600000| Untracked 
| 583|0x00000000a4700000, 0x00000000a4700000, 0x00000000a4800000|  0%| F|  |TAMS 0x00000000a4700000| PB 0x00000000a4700000| Untracked 
| 584|0x00000000a4800000, 0x00000000a4800000, 0x00000000a4900000|  0%| F|  |TAMS 0x00000000a4800000| PB 0x00000000a4800000| Untracked 
| 585|0x00000000a4900000, 0x00000000a4900000, 0x00000000a4a00000|  0%| F|  |TAMS 0x00000000a4900000| PB 0x00000000a4900000| Untracked 
| 586|0x00000000a4a00000, 0x00000000a4a00000, 0x00000000a4b00000|  0%| F|  |TAMS 0x00000000a4a00000| PB 0x00000000a4a00000| Untracked 
| 587|0x00000000a4b00000, 0x00000000a4b00000, 0x00000000a4c00000|  0%| F|  |TAMS 0x00000000a4b00000| PB 0x00000000a4b00000| Untracked 
| 588|0x00000000a4c00000, 0x00000000a4c00000, 0x00000000a4d00000|  0%| F|  |TAMS 0x00000000a4c00000| PB 0x00000000a4c00000| Untracked 
| 589|0x00000000a4d00000, 0x00000000a4d00000, 0x00000000a4e00000|  0%| F|  |TAMS 0x00000000a4d00000| PB 0x00000000a4d00000| Untracked 
| 590|0x00000000a4e00000, 0x00000000a4e00000, 0x00000000a4f00000|  0%| F|  |TAMS 0x00000000a4e00000| PB 0x00000000a4e00000| Untracked 
| 591|0x00000000a4f00000, 0x00000000a4f00000, 0x00000000a5000000|  0%| F|  |TAMS 0x00000000a4f00000| PB 0x00000000a4f00000| Untracked 
| 592|0x00000000a5000000, 0x00000000a5000000, 0x00000000a5100000|  0%| F|  |TAMS 0x00000000a5000000| PB 0x00000000a5000000| Untracked 
| 593|0x00000000a5100000, 0x00000000a5100000, 0x00000000a5200000|  0%| F|  |TAMS 0x00000000a5100000| PB 0x00000000a5100000| Untracked 
| 594|0x00000000a5200000, 0x00000000a5200000, 0x00000000a5300000|  0%| F|  |TAMS 0x00000000a5200000| PB 0x00000000a5200000| Untracked 
| 595|0x00000000a5300000, 0x00000000a5300000, 0x00000000a5400000|  0%| F|  |TAMS 0x00000000a5300000| PB 0x00000000a5300000| Untracked 
| 596|0x00000000a5400000, 0x00000000a5400000, 0x00000000a5500000|  0%| F|  |TAMS 0x00000000a5400000| PB 0x00000000a5400000| Untracked 
| 597|0x00000000a5500000, 0x00000000a5500000, 0x00000000a5600000|  0%| F|  |TAMS 0x00000000a5500000| PB 0x00000000a5500000| Untracked 
| 598|0x00000000a5600000, 0x00000000a5600000, 0x00000000a5700000|  0%| F|  |TAMS 0x00000000a5600000| PB 0x00000000a5600000| Untracked 
| 599|0x00000000a5700000, 0x00000000a5700000, 0x00000000a5800000|  0%| F|  |TAMS 0x00000000a5700000| PB 0x00000000a5700000| Untracked 
| 600|0x00000000a5800000, 0x00000000a5800000, 0x00000000a5900000|  0%| F|  |TAMS 0x00000000a5800000| PB 0x00000000a5800000| Untracked 
| 601|0x00000000a5900000, 0x00000000a5900000, 0x00000000a5a00000|  0%| F|  |TAMS 0x00000000a5900000| PB 0x00000000a5900000| Untracked 
| 602|0x00000000a5a00000, 0x00000000a5a00000, 0x00000000a5b00000|  0%| F|  |TAMS 0x00000000a5a00000| PB 0x00000000a5a00000| Untracked 
| 603|0x00000000a5b00000, 0x00000000a5b00000, 0x00000000a5c00000|  0%| F|  |TAMS 0x00000000a5b00000| PB 0x00000000a5b00000| Untracked 
| 604|0x00000000a5c00000, 0x00000000a5c00000, 0x00000000a5d00000|  0%| F|  |TAMS 0x00000000a5c00000| PB 0x00000000a5c00000| Untracked 
| 605|0x00000000a5d00000, 0x00000000a5d00000, 0x00000000a5e00000|  0%| F|  |TAMS 0x00000000a5d00000| PB 0x00000000a5d00000| Untracked 
| 606|0x00000000a5e00000, 0x00000000a5e00000, 0x00000000a5f00000|  0%| F|  |TAMS 0x00000000a5e00000| PB 0x00000000a5e00000| Untracked 
| 607|0x00000000a5f00000, 0x00000000a5f00000, 0x00000000a6000000|  0%| F|  |TAMS 0x00000000a5f00000| PB 0x00000000a5f00000| Untracked 
| 608|0x00000000a6000000, 0x00000000a6000000, 0x00000000a6100000|  0%| F|  |TAMS 0x00000000a6000000| PB 0x00000000a6000000| Untracked 
| 609|0x00000000a6100000, 0x00000000a6100000, 0x00000000a6200000|  0%| F|  |TAMS 0x00000000a6100000| PB 0x00000000a6100000| Untracked 
| 610|0x00000000a6200000, 0x00000000a6200000, 0x00000000a6300000|  0%| F|  |TAMS 0x00000000a6200000| PB 0x00000000a6200000| Untracked 
| 611|0x00000000a6300000, 0x00000000a6300000, 0x00000000a6400000|  0%| F|  |TAMS 0x00000000a6300000| PB 0x00000000a6300000| Untracked 
| 612|0x00000000a6400000, 0x00000000a6400000, 0x00000000a6500000|  0%| F|  |TAMS 0x00000000a6400000| PB 0x00000000a6400000| Untracked 
| 613|0x00000000a6500000, 0x00000000a6500000, 0x00000000a6600000|  0%| F|  |TAMS 0x00000000a6500000| PB 0x00000000a6500000| Untracked 
| 614|0x00000000a6600000, 0x00000000a6600000, 0x00000000a6700000|  0%| F|  |TAMS 0x00000000a6600000| PB 0x00000000a6600000| Untracked 
| 615|0x00000000a6700000, 0x00000000a6700000, 0x00000000a6800000|  0%| F|  |TAMS 0x00000000a6700000| PB 0x00000000a6700000| Untracked 
| 616|0x00000000a6800000, 0x00000000a6800000, 0x00000000a6900000|  0%| F|  |TAMS 0x00000000a6800000| PB 0x00000000a6800000| Untracked 
|1200|0x00000000cb000000, 0x00000000cb000000, 0x00000000cb100000|  0%| F|  |TAMS 0x00000000cb000000| PB 0x00000000cb000000| Untracked 
|1201|0x00000000cb100000, 0x00000000cb100000, 0x00000000cb200000|  0%| F|  |TAMS 0x00000000cb100000| PB 0x00000000cb100000| Untracked 
|1202|0x00000000cb200000, 0x00000000cb200000, 0x00000000cb300000|  0%| F|  |TAMS 0x00000000cb200000| PB 0x00000000cb200000| Untracked 
|1203|0x00000000cb300000, 0x00000000cb300000, 0x00000000cb400000|  0%| F|  |TAMS 0x00000000cb300000| PB 0x00000000cb300000| Untracked 
|1204|0x00000000cb400000, 0x00000000cb400000, 0x00000000cb500000|  0%| F|  |TAMS 0x00000000cb400000| PB 0x00000000cb400000| Untracked 
|1205|0x00000000cb500000, 0x00000000cb500000, 0x00000000cb600000|  0%| F|  |TAMS 0x00000000cb500000| PB 0x00000000cb500000| Untracked 
|1206|0x00000000cb600000, 0x00000000cb600000, 0x00000000cb700000|  0%| F|  |TAMS 0x00000000cb600000| PB 0x00000000cb600000| Untracked 
|1207|0x00000000cb700000, 0x00000000cb700000, 0x00000000cb800000|  0%| F|  |TAMS 0x00000000cb700000| PB 0x00000000cb700000| Untracked 
|1208|0x00000000cb800000, 0x00000000cb800000, 0x00000000cb900000|  0%| F|  |TAMS 0x00000000cb800000| PB 0x00000000cb800000| Untracked 
|1209|0x00000000cb900000, 0x00000000cb900000, 0x00000000cba00000|  0%| F|  |TAMS 0x00000000cb900000| PB 0x00000000cb900000| Untracked 
|1210|0x00000000cba00000, 0x00000000cba00000, 0x00000000cbb00000|  0%| F|  |TAMS 0x00000000cba00000| PB 0x00000000cba00000| Untracked 
|1211|0x00000000cbb00000, 0x00000000cbb00000, 0x00000000cbc00000|  0%| F|  |TAMS 0x00000000cbb00000| PB 0x00000000cbb00000| Untracked 
|1212|0x00000000cbc00000, 0x00000000cbc00000, 0x00000000cbd00000|  0%| F|  |TAMS 0x00000000cbc00000| PB 0x00000000cbc00000| Untracked 
|1213|0x00000000cbd00000, 0x00000000cbd00000, 0x00000000cbe00000|  0%| F|  |TAMS 0x00000000cbd00000| PB 0x00000000cbd00000| Untracked 
|1214|0x00000000cbe00000, 0x00000000cbe00000, 0x00000000cbf00000|  0%| F|  |TAMS 0x00000000cbe00000| PB 0x00000000cbe00000| Untracked 
|1215|0x00000000cbf00000, 0x00000000cbf00000, 0x00000000cc000000|  0%| F|  |TAMS 0x00000000cbf00000| PB 0x00000000cbf00000| Untracked 
|1270|0x00000000cf600000, 0x00000000cf600000, 0x00000000cf700000|  0%| F|  |TAMS 0x00000000cf600000| PB 0x00000000cf600000| Untracked 
|1981|0x00000000fbd00000, 0x00000000fbe00000, 0x00000000fbe00000|100%| O|  |TAMS 0x00000000fbe00000| PB 0x00000000fbd00000| Untracked 
|1982|0x00000000fbe00000, 0x00000000fbf00000, 0x00000000fbf00000|100%| O|  |TAMS 0x00000000fbf00000| PB 0x00000000fbe00000| Untracked 
|1983|0x00000000fbf00000, 0x00000000fc000000, 0x00000000fc000000|100%| O|  |TAMS 0x00000000fc000000| PB 0x00000000fbf00000| Untracked 
|1984|0x00000000fc000000, 0x00000000fc100000, 0x00000000fc100000|100%| O|  |TAMS 0x00000000fc100000| PB 0x00000000fc000000| Untracked 
|1985|0x00000000fc100000, 0x00000000fc200000, 0x00000000fc200000|100%| O|  |TAMS 0x00000000fc200000| PB 0x00000000fc100000| Untracked 
|1986|0x00000000fc200000, 0x00000000fc300000, 0x00000000fc300000|100%| O|  |TAMS 0x00000000fc300000| PB 0x00000000fc200000| Untracked 
|1987|0x00000000fc300000, 0x00000000fc400000, 0x00000000fc400000|100%| O|  |TAMS 0x00000000fc400000| PB 0x00000000fc300000| Untracked 
|1988|0x00000000fc400000, 0x00000000fc500000, 0x00000000fc500000|100%| O|  |TAMS 0x00000000fc500000| PB 0x00000000fc400000| Untracked 
|1989|0x00000000fc500000, 0x00000000fc600000, 0x00000000fc600000|100%| O|  |TAMS 0x00000000fc600000| PB 0x00000000fc500000| Untracked 
|1990|0x00000000fc600000, 0x00000000fc700000, 0x00000000fc700000|100%| O|  |TAMS 0x00000000fc700000| PB 0x00000000fc600000| Untracked 
|1991|0x00000000fc700000, 0x00000000fc800000, 0x00000000fc800000|100%| O|  |TAMS 0x00000000fc800000| PB 0x00000000fc700000| Untracked 
|1992|0x00000000fc800000, 0x00000000fc900000, 0x00000000fc900000|100%| O|  |TAMS 0x00000000fc900000| PB 0x00000000fc800000| Untracked 
|1993|0x00000000fc900000, 0x00000000fca00000, 0x00000000fca00000|100%| O|  |TAMS 0x00000000fca00000| PB 0x00000000fc900000| Untracked 
|1994|0x00000000fca00000, 0x00000000fcb00000, 0x00000000fcb00000|100%| O|  |TAMS 0x00000000fcb00000| PB 0x00000000fca00000| Untracked 
|1995|0x00000000fcb00000, 0x00000000fcc00000, 0x00000000fcc00000|100%| O|  |TAMS 0x00000000fcc00000| PB 0x00000000fcb00000| Untracked 
|1996|0x00000000fcc00000, 0x00000000fcd00000, 0x00000000fcd00000|100%| O|  |TAMS 0x00000000fcd00000| PB 0x00000000fcc00000| Untracked 
|1997|0x00000000fcd00000, 0x00000000fce00000, 0x00000000fce00000|100%| O|  |TAMS 0x00000000fce00000| PB 0x00000000fcd00000| Untracked 
|1998|0x00000000fce00000, 0x00000000fcf00000, 0x00000000fcf00000|100%| O|  |TAMS 0x00000000fcf00000| PB 0x00000000fce00000| Untracked 
|1999|0x00000000fcf00000, 0x00000000fd000000, 0x00000000fd000000|100%| O|  |TAMS 0x00000000fd000000| PB 0x00000000fcf00000| Untracked 
|2000|0x00000000fd000000, 0x00000000fd100000, 0x00000000fd100000|100%| O|  |TAMS 0x00000000fd100000| PB 0x00000000fd000000| Untracked 
|2001|0x00000000fd100000, 0x00000000fd200000, 0x00000000fd200000|100%| O|  |TAMS 0x00000000fd200000| PB 0x00000000fd100000| Untracked 
|2002|0x00000000fd200000, 0x00000000fd300000, 0x00000000fd300000|100%| O|  |TAMS 0x00000000fd300000| PB 0x00000000fd200000| Untracked 
|2003|0x00000000fd300000, 0x00000000fd400000, 0x00000000fd400000|100%| O|  |TAMS 0x00000000fd400000| PB 0x00000000fd300000| Untracked 
|2004|0x00000000fd400000, 0x00000000fd500000, 0x00000000fd500000|100%| O|  |TAMS 0x00000000fd500000| PB 0x00000000fd400000| Untracked 
|2005|0x00000000fd500000, 0x00000000fd600000, 0x00000000fd600000|100%| O|  |TAMS 0x00000000fd600000| PB 0x00000000fd500000| Untracked 
|2006|0x00000000fd600000, 0x00000000fd700000, 0x00000000fd700000|100%| O|  |TAMS 0x00000000fd700000| PB 0x00000000fd600000| Untracked 
|2007|0x00000000fd700000, 0x00000000fd800000, 0x00000000fd800000|100%| O|  |TAMS 0x00000000fd800000| PB 0x00000000fd700000| Untracked 
|2008|0x00000000fd800000, 0x00000000fd900000, 0x00000000fd900000|100%| O|  |TAMS 0x00000000fd900000| PB 0x00000000fd800000| Untracked 
|2009|0x00000000fd900000, 0x00000000fda00000, 0x00000000fda00000|100%| O|  |TAMS 0x00000000fda00000| PB 0x00000000fd900000| Untracked 
|2010|0x00000000fda00000, 0x00000000fdb00000, 0x00000000fdb00000|100%| O|  |TAMS 0x00000000fdb00000| PB 0x00000000fda00000| Untracked 
|2011|0x00000000fdb00000, 0x00000000fdc00000, 0x00000000fdc00000|100%| O|  |TAMS 0x00000000fdc00000| PB 0x00000000fdb00000| Untracked 
|2012|0x00000000fdc00000, 0x00000000fdd00000, 0x00000000fdd00000|100%| O|  |TAMS 0x00000000fdd00000| PB 0x00000000fdc00000| Untracked 
|2013|0x00000000fdd00000, 0x00000000fde00000, 0x00000000fde00000|100%| O|  |TAMS 0x00000000fde00000| PB 0x00000000fdd00000| Untracked 
|2014|0x00000000fde00000, 0x00000000fdf00000, 0x00000000fdf00000|100%| O|  |TAMS 0x00000000fdf00000| PB 0x00000000fde00000| Untracked 
|2015|0x00000000fdf00000, 0x00000000fe000000, 0x00000000fe000000|100%| O|  |TAMS 0x00000000fe000000| PB 0x00000000fdf00000| Untracked 
|2016|0x00000000fe000000, 0x00000000fe100000, 0x00000000fe100000|100%| O|  |TAMS 0x00000000fe100000| PB 0x00000000fe000000| Untracked 
|2017|0x00000000fe100000, 0x00000000fe200000, 0x00000000fe200000|100%| O|  |TAMS 0x00000000fe200000| PB 0x00000000fe100000| Untracked 
|2018|0x00000000fe200000, 0x00000000fe300000, 0x00000000fe300000|100%| O|  |TAMS 0x00000000fe300000| PB 0x00000000fe200000| Untracked 
|2019|0x00000000fe300000, 0x00000000fe400000, 0x00000000fe400000|100%| O|  |TAMS 0x00000000fe400000| PB 0x00000000fe300000| Untracked 
|2020|0x00000000fe400000, 0x00000000fe500000, 0x00000000fe500000|100%| O|  |TAMS 0x00000000fe500000| PB 0x00000000fe400000| Untracked 
|2021|0x00000000fe500000, 0x00000000fe600000, 0x00000000fe600000|100%| O|  |TAMS 0x00000000fe600000| PB 0x00000000fe500000| Untracked 
|2022|0x00000000fe600000, 0x00000000fe700000, 0x00000000fe700000|100%| O|  |TAMS 0x00000000fe700000| PB 0x00000000fe600000| Untracked 
|2023|0x00000000fe700000, 0x00000000fe800000, 0x00000000fe800000|100%| O|  |TAMS 0x00000000fe800000| PB 0x00000000fe700000| Untracked 
|2024|0x00000000fe800000, 0x00000000fe900000, 0x00000000fe900000|100%| O|  |TAMS 0x00000000fe900000| PB 0x00000000fe800000| Untracked 
|2025|0x00000000fe900000, 0x00000000fea00000, 0x00000000fea00000|100%| O|  |TAMS 0x00000000fea00000| PB 0x00000000fe900000| Untracked 
|2026|0x00000000fea00000, 0x00000000feb00000, 0x00000000feb00000|100%| O|  |TAMS 0x00000000feb00000| PB 0x00000000fea00000| Untracked 
|2027|0x00000000feb00000, 0x00000000fec00000, 0x00000000fec00000|100%| O|  |TAMS 0x00000000fec00000| PB 0x00000000feb00000| Untracked 
|2028|0x00000000fec00000, 0x00000000fed00000, 0x00000000fed00000|100%| O|  |TAMS 0x00000000fed00000| PB 0x00000000fec00000| Untracked 
|2029|0x00000000fed00000, 0x00000000fee00000, 0x00000000fee00000|100%| O|  |TAMS 0x00000000fee00000| PB 0x00000000fed00000| Untracked 
|2030|0x00000000fee00000, 0x00000000fef00000, 0x00000000fef00000|100%| O|  |TAMS 0x00000000fef00000| PB 0x00000000fee00000| Untracked 
|2031|0x00000000fef00000, 0x00000000ff000000, 0x00000000ff000000|100%| O|  |TAMS 0x00000000ff000000| PB 0x00000000fef00000| Untracked 
|2032|0x00000000ff000000, 0x00000000ff100000, 0x00000000ff100000|100%| O|  |TAMS 0x00000000ff100000| PB 0x00000000ff000000| Untracked 
|2033|0x00000000ff100000, 0x00000000ff200000, 0x00000000ff200000|100%| O|  |TAMS 0x00000000ff200000| PB 0x00000000ff100000| Untracked 
|2034|0x00000000ff200000, 0x00000000ff300000, 0x00000000ff300000|100%| O|  |TAMS 0x00000000ff300000| PB 0x00000000ff200000| Untracked 
|2035|0x00000000ff300000, 0x00000000ff400000, 0x00000000ff400000|100%| O|  |TAMS 0x00000000ff400000| PB 0x00000000ff300000| Untracked 
|2036|0x00000000ff400000, 0x00000000ff500000, 0x00000000ff500000|100%| O|  |TAMS 0x00000000ff500000| PB 0x00000000ff400000| Untracked 
|2037|0x00000000ff500000, 0x00000000ff600000, 0x00000000ff600000|100%| O|  |TAMS 0x00000000ff600000| PB 0x00000000ff500000| Untracked 
|2038|0x00000000ff600000, 0x00000000ff700000, 0x00000000ff700000|100%| O|  |TAMS 0x00000000ff700000| PB 0x00000000ff600000| Untracked 
|2039|0x00000000ff700000, 0x00000000ff800000, 0x00000000ff800000|100%| O|  |TAMS 0x00000000ff800000| PB 0x00000000ff700000| Untracked 
|2040|0x00000000ff800000, 0x00000000ff800000, 0x00000000ff900000|  0%| F|  |TAMS 0x00000000ff800000| PB 0x00000000ff800000| Untracked 
|2041|0x00000000ff900000, 0x00000000ffa00000, 0x00000000ffa00000|100%| O|  |TAMS 0x00000000ffa00000| PB 0x00000000ff900000| Untracked 
|2042|0x00000000ffa00000, 0x00000000ffa00000, 0x00000000ffb00000|  0%| F|  |TAMS 0x00000000ffa00000| PB 0x00000000ffa00000| Untracked 
|2043|0x00000000ffb00000, 0x00000000ffc00000, 0x00000000ffc00000|100%| O|  |TAMS 0x00000000ffc00000| PB 0x00000000ffb00000| Untracked 
|2044|0x00000000ffc00000, 0x00000000ffd00000, 0x00000000ffd00000|100%| O|  |TAMS 0x00000000ffd00000| PB 0x00000000ffc00000| Untracked 
|2045|0x00000000ffd00000, 0x00000000ffe00000, 0x00000000ffe00000|100%| O|  |TAMS 0x00000000ffe00000| PB 0x00000000ffd00000| Untracked 
|2046|0x00000000ffe00000, 0x00000000fff00000, 0x00000000fff00000|100%| O|  |TAMS 0x00000000fff00000| PB 0x00000000ffe00000| Untracked 
|2047|0x00000000fff00000, 0x0000000100000000, 0x0000000100000000|100%| O|  |TAMS 0x0000000100000000| PB 0x00000000fff00000| Untracked 

Card table byte_map: [0x00000276dc600000,0x00000276dca00000] _byte_map_base: 0x00000276dc200000

Marking Bits: (CMBitMap*) 0x00000276c7ebc3b0
 Bits: [0x00000276dca00000, 0x00000276dea00000)

Polling page: 0x00000276c7c60000

Metaspace:

Usage:
  Non-class:    161.29 MB used.
      Class:     23.45 MB used.
       Both:    184.75 MB used.

Virtual space:
  Non-class space:      192.00 MB reserved,     162.62 MB ( 85%) committed,  3 nodes.
      Class space:        1.00 GB reserved,      24.81 MB (  2%) committed,  1 nodes.
             Both:        1.19 GB reserved,     187.44 MB ( 15%) committed. 

Chunk freelists:
   Non-Class:  13.38 MB
       Class:  7.18 MB
        Both:  20.56 MB

MaxMetaspaceSize: unlimited
CompressedClassSpaceSize: 1.00 GB
Initial GC threshold: 21.00 MB
Current GC threshold: 312.44 MB
CDS: off
 - commit_granule_bytes: 65536.
 - commit_granule_words: 8192.
 - virtual_space_node_default_size: 8388608.
 - enlarge_chunks_in_place: 1.
 - use_allocation_guard: 0.


Internal statistics:

num_allocs_failed_limit: 12.
num_arena_births: 5052.
num_arena_deaths: 64.
num_vsnodes_births: 4.
num_vsnodes_deaths: 0.
num_space_committed: 2992.
num_space_uncommitted: 0.
num_chunks_returned_to_freelist: 103.
num_chunks_taken_from_freelist: 13154.
num_chunk_merges: 23.
num_chunk_splits: 8713.
num_chunks_enlarged: 5677.
num_inconsistent_stats: 0.

CodeHeap 'non-profiled nmethods': size=120000Kb used=27669Kb max_used=29396Kb free=92330Kb
 bounds [0x00000276d4270000, 0x00000276d5f30000, 0x00000276db7a0000]
CodeHeap 'profiled nmethods': size=120000Kb used=45761Kb max_used=51800Kb free=74238Kb
 bounds [0x00000276cc7a0000, 0x00000276cfa40000, 0x00000276d3cd0000]
CodeHeap 'non-nmethods': size=5760Kb used=2315Kb max_used=2391Kb free=3444Kb
 bounds [0x00000276d3cd0000, 0x00000276d3f40000, 0x00000276d4270000]
 total_blobs=26874 nmethods=25871 adapters=903
 compilation: enabled
              stopped_count=0, restarted_count=0
 full_count=0

Compilation events (20 events):
Event: 828.025 Thread 0x00000276e16ad810 42413       3       com.android.tools.r8.internal.zq::<init> (7 bytes)
Event: 828.026 Thread 0x00000276e16ad810 nmethod 42413 0x00000276cd405990 code [0x00000276cd405b40, 0x00000276cd405c78]
Event: 828.028 Thread 0x00000276e16ad810 42414       3       com.android.tools.r8.internal.ur::<init> (13 bytes)
Event: 828.029 Thread 0x00000276e16ad810 nmethod 42414 0x00000276cd108390 code [0x00000276cd108540, 0x00000276cd108750]
Event: 828.029 Thread 0x00000276e16ad810 42415       3       com.android.tools.r8.internal.om::<init> (7 bytes)
Event: 828.029 Thread 0x00000276e16ad810 nmethod 42415 0x00000276cd40e310 code [0x00000276cd40e4c0, 0x00000276cd40e5f8]
Event: 828.042 Thread 0x00000276e16ad810 42417       3       com.android.tools.r8.internal.un::<init> (7 bytes)
Event: 828.043 Thread 0x00000276e16ad810 nmethod 42417 0x00000276cd414b10 code [0x00000276cd414cc0, 0x00000276cd414df8]
Event: 828.049 Thread 0x00000276e16ad810 42418       3       com.android.tools.r8.internal.go::<init> (7 bytes)
Event: 828.049 Thread 0x00000276e16ad810 nmethod 42418 0x00000276cd42aa10 code [0x00000276cd42abc0, 0x00000276cd42acf8]
Event: 828.062 Thread 0x00000276e16ad810 42420       3       com.android.tools.r8.internal.Hm::<init> (7 bytes)
Event: 828.063 Thread 0x00000276e16ad810 nmethod 42420 0x00000276cd4aca10 code [0x00000276cd4acbc0, 0x00000276cd4accf8]
Event: 828.066 Thread 0x00000276e16ad810 42421       3       com.android.tools.r8.internal.Gq::<init> (7 bytes)
Event: 828.066 Thread 0x00000276e16ad810 nmethod 42421 0x00000276cd782490 code [0x00000276cd782640, 0x00000276cd782778]
Event: 828.098 Thread 0x00000276e16ad810 42424       3       com.android.tools.r8.internal.lo::<init> (7 bytes)
Event: 828.098 Thread 0x00000276e16ad810 nmethod 42424 0x00000276cd81be90 code [0x00000276cd81c040, 0x00000276cd81c178]
Event: 828.098 Thread 0x00000276e16ad810 42425       3       com.android.tools.r8.internal.Nq::<init> (7 bytes)
Event: 828.099 Thread 0x00000276e16ad810 nmethod 42425 0x00000276cd89c690 code [0x00000276cd89c840, 0x00000276cd89c978]
Event: 828.101 Thread 0x00000276e16ad810 42427       3       com.android.tools.r8.internal.zr::<init> (7 bytes)
Event: 828.101 Thread 0x00000276e16ad810 nmethod 42427 0x00000276cd8b8a90 code [0x00000276cd8b8c40, 0x00000276cd8b8d78]

GC Heap History (20 events):
Event: 747.381 GC heap after
{Heap after GC invocations=119 (full 0):
 garbage-first heap   total 888832K, used 186277K [0x0000000080000000, 0x0000000100000000)
  region size 1024K, 16 young (16384K), 16 survivors (16384K)
 Metaspace       used 163482K, committed 165952K, reserved 1245184K
  class space    used 21368K, committed 22592K, reserved 1048576K
}
Event: 748.861 GC heap before
{Heap before GC invocations=120 (full 0):
 garbage-first heap   total 631808K, used 559013K [0x0000000080000000, 0x0000000100000000)
  region size 1024K, 370 young (378880K), 16 survivors (16384K)
 Metaspace       used 171447K, committed 173952K, reserved 1245184K
  class space    used 22263K, committed 23552K, reserved 1048576K
}
Event: 748.878 GC heap after
{Heap after GC invocations=121 (full 0):
 garbage-first heap   total 631808K, used 190536K [0x0000000080000000, 0x0000000100000000)
  region size 1024K, 19 young (19456K), 19 survivors (19456K)
 Metaspace       used 171447K, committed 173952K, reserved 1245184K
  class space    used 22263K, committed 23552K, reserved 1048576K
}
Event: 753.619 GC heap before
{Heap before GC invocations=121 (full 0):
 garbage-first heap   total 631808K, used 567368K [0x0000000080000000, 0x0000000100000000)
  region size 1024K, 370 young (378880K), 19 survivors (19456K)
 Metaspace       used 186316K, committed 188864K, reserved 1245184K
  class space    used 23804K, committed 25088K, reserved 1048576K
}
Event: 753.651 GC heap after
{Heap after GC invocations=122 (full 0):
 garbage-first heap   total 631808K, used 198724K [0x0000000080000000, 0x0000000100000000)
  region size 1024K, 33 young (33792K), 33 survivors (33792K)
 Metaspace       used 186316K, committed 188864K, reserved 1245184K
  class space    used 23804K, committed 25088K, reserved 1048576K
}
Event: 754.193 GC heap before
{Heap before GC invocations=122 (full 0):
 garbage-first heap   total 631808K, used 275524K [0x0000000080000000, 0x0000000100000000)
  region size 1024K, 110 young (112640K), 33 survivors (33792K)
 Metaspace       used 186816K, committed 189376K, reserved 1245184K
  class space    used 23865K, committed 25152K, reserved 1048576K
}
Event: 754.214 GC heap after
{Heap after GC invocations=123 (full 0):
 garbage-first heap   total 631808K, used 192872K [0x0000000080000000, 0x0000000100000000)
  region size 1024K, 19 young (19456K), 19 survivors (19456K)
 Metaspace       used 186816K, committed 189376K, reserved 1245184K
  class space    used 23865K, committed 25152K, reserved 1048576K
}
Event: 819.767 GC heap before
{Heap before GC invocations=124 (full 0):
 garbage-first heap   total 631808K, used 556392K [0x0000000080000000, 0x0000000100000000)
  region size 1024K, 370 young (378880K), 19 survivors (19456K)
 Metaspace       used 187621K, committed 190208K, reserved 1245184K
  class space    used 23909K, committed 25216K, reserved 1048576K
}
Event: 819.892 GC heap after
{Heap after GC invocations=125 (full 0):
 garbage-first heap   total 631808K, used 213864K [0x0000000080000000, 0x0000000100000000)
  region size 1024K, 41 young (41984K), 41 survivors (41984K)
 Metaspace       used 187621K, committed 190208K, reserved 1245184K
  class space    used 23909K, committed 25216K, reserved 1048576K
}
Event: 823.675 GC heap before
{Heap before GC invocations=125 (full 0):
 garbage-first heap   total 631808K, used 607080K [0x0000000080000000, 0x0000000100000000)
  region size 1024K, 370 young (378880K), 41 survivors (41984K)
 Metaspace       used 189193K, committed 191872K, reserved 1245184K
  class space    used 24027K, committed 25408K, reserved 1048576K
}
Event: 823.953 GC heap after
{Heap after GC invocations=126 (full 0):
 garbage-first heap   total 668672K, used 261488K [0x0000000080000000, 0x0000000100000000)
  region size 1024K, 32 young (32768K), 32 survivors (32768K)
 Metaspace       used 189193K, committed 191872K, reserved 1245184K
  class space    used 24027K, committed 25408K, reserved 1048576K
}
Event: 824.057 GC heap before
{Heap before GC invocations=126 (full 0):
 garbage-first heap   total 668672K, used 267632K [0x0000000080000000, 0x0000000100000000)
  region size 1024K, 39 young (39936K), 32 survivors (32768K)
 Metaspace       used 189195K, committed 191872K, reserved 1245184K
  class space    used 24027K, committed 25408K, reserved 1048576K
}
Event: 824.124 GC heap after
{Heap after GC invocations=127 (full 0):
 garbage-first heap   total 668672K, used 264998K [0x0000000080000000, 0x0000000100000000)
  region size 1024K, 5 young (5120K), 5 survivors (5120K)
 Metaspace       used 189195K, committed 191872K, reserved 1245184K
  class space    used 24027K, committed 25408K, reserved 1048576K
}
Event: 826.504 GC heap before
{Heap before GC invocations=128 (full 0):
 garbage-first heap   total 668672K, used 643878K [0x0000000080000000, 0x0000000100000000)
  region size 1024K, 264 young (270336K), 5 survivors (5120K)
 Metaspace       used 189182K, committed 191936K, reserved 1245184K
  class space    used 24017K, committed 25408K, reserved 1048576K
}
Event: 827.112 GC heap after
{Heap after GC invocations=129 (full 0):
 garbage-first heap   total 717824K, used 380928K [0x0000000080000000, 0x0000000100000000)
  region size 1024K, 33 young (33792K), 33 survivors (33792K)
 Metaspace       used 189182K, committed 191936K, reserved 1245184K
  class space    used 24017K, committed 25408K, reserved 1048576K
}
Event: 827.174 GC heap before
{Heap before GC invocations=129 (full 0):
 garbage-first heap   total 717824K, used 385024K [0x0000000080000000, 0x0000000100000000)
  region size 1024K, 38 young (38912K), 33 survivors (33792K)
 Metaspace       used 189182K, committed 191936K, reserved 1245184K
  class space    used 24017K, committed 25408K, reserved 1048576K
}
Event: 827.539 GC heap after
{Heap after GC invocations=130 (full 0):
 garbage-first heap   total 717824K, used 368640K [0x0000000080000000, 0x0000000100000000)
  region size 1024K, 5 young (5120K), 5 survivors (5120K)
 Metaspace       used 189182K, committed 191936K, reserved 1245184K
  class space    used 24017K, committed 25408K, reserved 1048576K
}
Event: 827.605 GC heap before
{Heap before GC invocations=130 (full 0):
 garbage-first heap   total 717824K, used 375808K [0x0000000080000000, 0x0000000100000000)
  region size 1024K, 13 young (13312K), 5 survivors (5120K)
 Metaspace       used 189182K, committed 191936K, reserved 1245184K
  class space    used 24017K, committed 25408K, reserved 1048576K
}
Event: 827.625 GC heap after
{Heap after GC invocations=131 (full 0):
 garbage-first heap   total 717824K, used 369244K [0x0000000080000000, 0x0000000100000000)
  region size 1024K, 6 young (6144K), 6 survivors (6144K)
 Metaspace       used 189182K, committed 191936K, reserved 1245184K
  class space    used 24017K, committed 25408K, reserved 1048576K
}
Event: 828.107 GC heap before
{Heap before GC invocations=131 (full 0):
 garbage-first heap   total 717824K, used 468572K [0x0000000080000000, 0x0000000100000000)
  region size 1024K, 100 young (102400K), 6 survivors (6144K)
 Metaspace       used 189183K, committed 191936K, reserved 1245184K
  class space    used 24017K, committed 25408K, reserved 1048576K
}

Dll operation events (3 events):
Event: 0.009 Loaded shared library C:\Program Files\Android\Android Studio\jbr\bin\java.dll
Event: 0.015 Loaded shared library C:\Program Files\Android\Android Studio\jbr\bin\zip.dll
Event: 0.579 Loaded shared library C:\Program Files\Android\Android Studio\jbr\bin\verify.dll

Deoptimization events (20 events):
Event: 825.359 Thread 0x00000276e922c6e0 DEOPT PACKING pc=0x00000276cf0299d4 sp=0x000000781fafde60
Event: 825.359 Thread 0x00000276e922c6e0 DEOPT UNPACKING pc=0x00000276d3d24e42 sp=0x000000781fafd378 mode 0
Event: 825.476 Thread 0x00000276e9230880 DEOPT PACKING pc=0x00000276cf0298c3 sp=0x00000078205fd630
Event: 825.476 Thread 0x00000276e9230880 DEOPT UNPACKING pc=0x00000276d3d24e42 sp=0x00000078205fcb48 mode 0
Event: 825.570 Thread 0x00000276f675f7f0 DEOPT PACKING pc=0x00000276cede9ad3 sp=0x00000078225fe620
Event: 825.570 Thread 0x00000276f675f7f0 DEOPT UNPACKING pc=0x00000276d3d24e42 sp=0x00000078225fe048 mode 0
Event: 825.643 Thread 0x00000276e9230880 DEOPT PACKING pc=0x00000276cf0299d4 sp=0x00000078205fd630
Event: 825.643 Thread 0x00000276e9230880 DEOPT UNPACKING pc=0x00000276d3d24e42 sp=0x00000078205fcb48 mode 0
Event: 825.946 Thread 0x00000276e9230880 DEOPT PACKING pc=0x00000276cf0299d4 sp=0x00000078205fd630
Event: 825.946 Thread 0x00000276e9230880 DEOPT UNPACKING pc=0x00000276d3d24e42 sp=0x00000078205fcb48 mode 0
Event: 826.267 Thread 0x00000276e9230880 DEOPT PACKING pc=0x00000276cf0299d4 sp=0x00000078205fd630
Event: 826.267 Thread 0x00000276e9230880 DEOPT UNPACKING pc=0x00000276d3d24e42 sp=0x00000078205fcb48 mode 0
Event: 827.745 Thread 0x00000276f675afc0 Uncommon trap: trap_request=0xffffff6e fr.pc=0x00000276d56784fc relative=0x000000000000015c
Event: 827.745 Thread 0x00000276f675afc0 Uncommon trap: reason=loop_limit_check action=maybe_recompile pc=0x00000276d56784fc method=com.android.tools.r8.internal.aE.get(I)I @ 15 c2
Event: 827.745 Thread 0x00000276f675afc0 DEOPT PACKING pc=0x00000276d56784fc sp=0x00000078221fecf0
Event: 827.745 Thread 0x00000276f675afc0 DEOPT UNPACKING pc=0x00000276d3d246a2 sp=0x00000078221fec70 mode 2
Event: 827.807 Thread 0x00000276f6759c10 Uncommon trap: trap_request=0xffffff6e fr.pc=0x00000276d46aa48c relative=0x000000000000072c
Event: 827.807 Thread 0x00000276f6759c10 Uncommon trap: reason=loop_limit_check action=maybe_recompile pc=0x00000276d46aa48c method=com.android.tools.r8.internal.aE.e(I)I @ 15 c2
Event: 827.807 Thread 0x00000276f6759c10 DEOPT PACKING pc=0x00000276d46aa48c sp=0x00000078225fe940
Event: 827.807 Thread 0x00000276f6759c10 DEOPT UNPACKING pc=0x00000276d3d246a2 sp=0x00000078225fe880 mode 2

Classes loaded (20 events):
Event: 819.300 Loading class java/util/stream/Node$Builder$OfInt done
Event: 819.300 Loading class java/util/stream/Nodes$IntArrayNode
Event: 819.301 Loading class java/util/stream/Nodes$IntArrayNode done
Event: 819.384 Loading class java/util/stream/Nodes$IntFixedNodeBuilder done
Event: 820.867 Loading class com/sun/xml/internal/stream/util/ReadOnlyIterator
Event: 820.872 Loading class com/sun/xml/internal/stream/util/ReadOnlyIterator done
Event: 821.418 Loading class com/sun/org/apache/xerces/internal/dom/DeferredDocumentImpl
Event: 821.427 Loading class com/sun/org/apache/xerces/internal/dom/DeferredNode
Event: 821.427 Loading class com/sun/org/apache/xerces/internal/dom/DeferredNode done
Event: 821.428 Loading class com/sun/org/apache/xerces/internal/dom/DeferredDocumentImpl done
Event: 821.439 Loading class com/sun/org/apache/xerces/internal/dom/DeferredDocumentImpl$RefCount
Event: 821.440 Loading class com/sun/org/apache/xerces/internal/dom/DeferredDocumentImpl$RefCount done
Event: 821.443 Loading class com/sun/org/apache/xerces/internal/dom/DeferredElementImpl
Event: 821.444 Loading class com/sun/org/apache/xerces/internal/dom/DeferredElementImpl done
Event: 821.448 Loading class com/sun/org/apache/xerces/internal/dom/DeferredAttrImpl
Event: 821.449 Loading class com/sun/org/apache/xerces/internal/dom/DeferredAttrImpl done
Event: 821.453 Loading class com/sun/org/apache/xerces/internal/dom/DeferredTextImpl
Event: 821.453 Loading class com/sun/org/apache/xerces/internal/dom/DeferredTextImpl done
Event: 821.468 Loading class com/sun/org/apache/xerces/internal/dom/DeferredCommentImpl
Event: 821.468 Loading class com/sun/org/apache/xerces/internal/dom/DeferredCommentImpl done

Classes unloaded (20 events):
Event: 35.892 Thread 0x00000276e150d4d0 Unloading class 0x0000000101278800 'java/lang/invoke/LambdaForm$DMH+0x0000000101278800'
Event: 35.892 Thread 0x00000276e150d4d0 Unloading class 0x0000000101248400 'java/lang/invoke/LambdaForm$DMH+0x0000000101248400'
Event: 824.864 Thread 0x00000276e150d4d0 Unloading class 0x0000000101629c00 'java/lang/invoke/LambdaForm$MH+0x0000000101629c00'
Event: 824.864 Thread 0x00000276e150d4d0 Unloading class 0x0000000101629400 'java/lang/invoke/LambdaForm$MH+0x0000000101629400'
Event: 824.864 Thread 0x00000276e150d4d0 Unloading class 0x0000000101628c00 'java/lang/invoke/LambdaForm$MH+0x0000000101628c00'
Event: 824.864 Thread 0x00000276e150d4d0 Unloading class 0x0000000101628400 'java/lang/invoke/LambdaForm$MH+0x0000000101628400'
Event: 824.864 Thread 0x00000276e150d4d0 Unloading class 0x0000000101623c00 'java/lang/invoke/LambdaForm$MH+0x0000000101623c00'
Event: 824.864 Thread 0x00000276e150d4d0 Unloading class 0x0000000101623400 'java/lang/invoke/LambdaForm$MH+0x0000000101623400'
Event: 824.864 Thread 0x00000276e150d4d0 Unloading class 0x0000000101622c00 'java/lang/invoke/LambdaForm$DMH+0x0000000101622c00'
Event: 824.864 Thread 0x00000276e150d4d0 Unloading class 0x0000000101622400 'java/lang/invoke/LambdaForm$DMH+0x0000000101622400'
Event: 824.865 Thread 0x00000276e150d4d0 Unloading class 0x0000000101621800 'java/lang/invoke/LambdaForm$MH+0x0000000101621800'
Event: 824.865 Thread 0x00000276e150d4d0 Unloading class 0x0000000101621000 'java/lang/invoke/LambdaForm$MH+0x0000000101621000'
Event: 824.865 Thread 0x00000276e150d4d0 Unloading class 0x0000000101620800 'java/lang/invoke/LambdaForm$MH+0x0000000101620800'
Event: 824.865 Thread 0x00000276e150d4d0 Unloading class 0x0000000101620000 'java/lang/invoke/LambdaForm$MH+0x0000000101620000'
Event: 824.865 Thread 0x00000276e150d4d0 Unloading class 0x000000010161f800 'java/lang/invoke/LambdaForm$BMH+0x000000010161f800'
Event: 824.865 Thread 0x00000276e150d4d0 Unloading class 0x000000010161f400 'java/lang/invoke/LambdaForm$DMH+0x000000010161f400'
Event: 824.865 Thread 0x00000276e150d4d0 Unloading class 0x000000010161ec00 'jdk/internal/reflect/GeneratedSerializationConstructorAccessor192'
Event: 824.865 Thread 0x00000276e150d4d0 Unloading class 0x000000010161e000 'jdk/internal/reflect/GeneratedSerializationConstructorAccessor189'
Event: 824.865 Thread 0x00000276e150d4d0 Unloading class 0x0000000101530000 'java/lang/invoke/LambdaForm$DMH+0x0000000101530000'
Event: 824.865 Thread 0x00000276e150d4d0 Unloading class 0x0000000101530800 'java/lang/invoke/LambdaForm$DMH+0x0000000101530800'

Classes redefined (0 events):
No events

Internal exceptions (20 events):
Event: 823.160 Thread 0x00000276f3ffd930 Exception <a 'sun/nio/fs/WindowsException'{0x0000000094dd3108}> (0x0000000094dd3108) 
thrown [s\src\hotspot\share\prims\jni.cpp, line 535]
Event: 823.189 Thread 0x00000276f3ffece0 Exception <a 'sun/nio/fs/WindowsException'{0x0000000094923388}> (0x0000000094923388) 
thrown [s\src\hotspot\share\prims\jni.cpp, line 535]
Event: 823.189 Thread 0x00000276f3ffece0 Exception <a 'sun/nio/fs/WindowsException'{0x00000000949242a0}> (0x00000000949242a0) 
thrown [s\src\hotspot\share\prims\jni.cpp, line 535]
Event: 823.189 Thread 0x00000276f3ffece0 Exception <a 'sun/nio/fs/WindowsException'{0x0000000094924438}> (0x0000000094924438) 
thrown [s\src\hotspot\share\prims\jni.cpp, line 535]
Event: 823.208 Thread 0x00000276f3ff2e90 Exception <a 'sun/nio/fs/WindowsException'{0x000000009483e030}> (0x000000009483e030) 
thrown [s\src\hotspot\share\prims\jni.cpp, line 535]
Event: 823.254 Thread 0x00000276e9225750 Exception <a 'sun/nio/fs/WindowsException'{0x00000000946977c8}> (0x00000000946977c8) 
thrown [s\src\hotspot\share\prims\jni.cpp, line 535]
Event: 823.304 Thread 0x00000276f3ff9790 Exception <a 'sun/nio/fs/WindowsException'{0x000000009ae32c60}> (0x000000009ae32c60) 
thrown [s\src\hotspot\share\prims\jni.cpp, line 535]
Event: 823.315 Thread 0x00000276f3ff9790 Exception <a 'sun/nio/fs/WindowsException'{0x00000000942ebc40}> (0x00000000942ebc40) 
thrown [s\src\hotspot\share\prims\jni.cpp, line 535]
Event: 823.375 Thread 0x00000276f3ffdfc0 Exception <a 'sun/nio/fs/WindowsException'{0x0000000093b0c620}> (0x0000000093b0c620) 
thrown [s\src\hotspot\share\prims\jni.cpp, line 535]
Event: 823.375 Thread 0x00000276f3ffdfc0 Exception <a 'sun/nio/fs/WindowsException'{0x0000000093b0d530}> (0x0000000093b0d530) 
thrown [s\src\hotspot\share\prims\jni.cpp, line 535]
Event: 823.375 Thread 0x00000276f3ffdfc0 Exception <a 'sun/nio/fs/WindowsException'{0x0000000093b0d6e0}> (0x0000000093b0d6e0) 
thrown [s\src\hotspot\share\prims\jni.cpp, line 535]
Event: 823.376 Thread 0x00000276f3ffdfc0 Exception <a 'sun/nio/fs/WindowsException'{0x0000000093b0ec58}> (0x0000000093b0ec58) 
thrown [s\src\hotspot\share\prims\jni.cpp, line 535]
Event: 823.668 Thread 0x00000276e922c050 Exception <a 'sun/nio/fs/WindowsException'{0x000000009197e228}> (0x000000009197e228) 
thrown [s\src\hotspot\share\prims\jni.cpp, line 535]
Event: 823.668 Thread 0x00000276e922c050 Exception <a 'sun/nio/fs/WindowsException'{0x000000009197e3c8}> (0x000000009197e3c8) 
thrown [s\src\hotspot\share\prims\jni.cpp, line 535]
Event: 824.170 Thread 0x00000276e9227190 Exception <a 'sun/nio/fs/WindowsException'{0x00000000cbf222e0}> (0x00000000cbf222e0) 
thrown [s\src\hotspot\share\prims\jni.cpp, line 535]
Event: 824.170 Thread 0x00000276e9227190 Exception <a 'sun/nio/fs/WindowsException'{0x00000000cbf224a8}> (0x00000000cbf224a8) 
thrown [s\src\hotspot\share\prims\jni.cpp, line 535]
Event: 825.514 Thread 0x00000276e9228540 Exception <a 'java/net/ConnectException'{0x000000009e808860}: Connection refused: connect> (0x000000009e808860) 
thrown [s\src\hotspot\share\prims\jni.cpp, line 563]
Event: 825.525 Thread 0x00000276e9228540 Exception <a 'java/net/ConnectException'{0x000000009e8095f8}: Connection refused: connect> (0x000000009e8095f8) 
thrown [s\src\hotspot\share\prims\jni.cpp, line 563]
Event: 825.537 Thread 0x00000276e9228540 Exception <a 'java/net/ConnectException'{0x000000009e80a390}: Connection refused: connect> (0x000000009e80a390) 
thrown [s\src\hotspot\share\prims\jni.cpp, line 563]
Event: 825.829 Thread 0x00000276f675f7f0 Exception <a 'sun/nio/fs/WindowsException'{0x000000009ad880d8}> (0x000000009ad880d8) 
thrown [s\src\hotspot\share\prims\jni.cpp, line 535]

ZGC Phase Switch (0 events):
No events

VM Operations (20 events):
Event: 821.627 Executing VM operation: ICBufferFull done
Event: 822.627 Executing VM operation: Cleanup
Event: 822.627 Executing VM operation: Cleanup done
Event: 823.628 Executing VM operation: Cleanup
Event: 823.655 Executing VM operation: Cleanup done
Event: 823.669 Executing VM operation: G1CollectForAllocation (G1 Evacuation Pause)
Event: 823.954 Executing VM operation: G1CollectForAllocation (G1 Evacuation Pause) done
Event: 824.053 Executing VM operation: G1TryInitiateConcMark (G1 Humongous Allocation)
Event: 824.124 Executing VM operation: G1TryInitiateConcMark (G1 Humongous Allocation) done
Event: 824.861 Executing VM operation: G1PauseRemark
Event: 825.286 Executing VM operation: G1PauseRemark done
Event: 825.948 Executing VM operation: G1PauseCleanup
Event: 825.949 Executing VM operation: G1PauseCleanup done
Event: 826.503 Executing VM operation: G1CollectForAllocation (G1 Evacuation Pause)
Event: 827.112 Executing VM operation: G1CollectForAllocation (G1 Evacuation Pause) done
Event: 827.174 Executing VM operation: G1CollectForAllocation (G1 Evacuation Pause)
Event: 827.540 Executing VM operation: G1CollectForAllocation (G1 Evacuation Pause) done
Event: 827.605 Executing VM operation: G1TryInitiateConcMark (G1 Humongous Allocation)
Event: 827.625 Executing VM operation: G1TryInitiateConcMark (G1 Humongous Allocation) done
Event: 828.104 Executing VM operation: G1CollectForAllocation (G1 Evacuation Pause)

Memory protections (0 events):
No events

Nmethod flushes (20 events):
Event: 825.279 Thread 0x00000276e150d4d0 flushing  nmethod 0x00000276ce7d7190
Event: 825.279 Thread 0x00000276e150d4d0 flushing  nmethod 0x00000276ce7ed510
Event: 825.279 Thread 0x00000276e150d4d0 flushing  nmethod 0x00000276ce80a910
Event: 825.279 Thread 0x00000276e150d4d0 flushing  nmethod 0x00000276ce86dc90
Event: 825.279 Thread 0x00000276e150d4d0 flushing  nmethod 0x00000276ce886690
Event: 825.279 Thread 0x00000276e150d4d0 flushing  nmethod 0x00000276ce8c8c10
Event: 825.279 Thread 0x00000276e150d4d0 flushing  nmethod 0x00000276ce8d2e10
Event: 825.279 Thread 0x00000276e150d4d0 flushing  nmethod 0x00000276ce8d4910
Event: 825.279 Thread 0x00000276e150d4d0 flushing  nmethod 0x00000276ce919390
Event: 825.279 Thread 0x00000276e150d4d0 flushing  nmethod 0x00000276ce94bb10
Event: 825.279 Thread 0x00000276e150d4d0 flushing  nmethod 0x00000276cea55e90
Event: 825.279 Thread 0x00000276e150d4d0 flushing  nmethod 0x00000276cee26790
Event: 825.279 Thread 0x00000276e150d4d0 flushing  nmethod 0x00000276cf272010
Event: 825.280 Thread 0x00000276e150d4d0 flushing  nmethod 0x00000276cf276290
Event: 825.280 Thread 0x00000276e150d4d0 flushing  nmethod 0x00000276cf67ee10
Event: 825.280 Thread 0x00000276e150d4d0 flushing  nmethod 0x00000276cf961210
Event: 825.280 Thread 0x00000276e150d4d0 flushing  nmethod 0x00000276cf968910
Event: 825.280 Thread 0x00000276e150d4d0 flushing  nmethod 0x00000276cf969110
Event: 825.280 Thread 0x00000276e150d4d0 flushing  nmethod 0x00000276cf969b10
Event: 825.280 Thread 0x00000276e150d4d0 flushing  nmethod 0x00000276cf96bf90

Events (20 events):
Event: 824.688 Thread 0x00000276f3ffd930 Thread added: 0x00000276f676a920
Event: 824.688 Thread 0x00000276f3ffd930 Thread added: 0x00000276f676b640
Event: 825.386 Thread 0x00000276e922a610 Thread exited: 0x00000276e922a610
Event: 825.740 Thread 0x00000276e9228540 Thread added: 0x00000276f7ec6470
Event: 825.833 Thread 0x00000276f675a930 Thread exited: 0x00000276f675a930
Event: 825.834 Thread 0x00000276f675b650 Thread exited: 0x00000276f675b650
Event: 825.834 Thread 0x00000276f675a2a0 Thread exited: 0x00000276f675a2a0
Event: 825.834 Thread 0x00000276f675ddb0 Thread exited: 0x00000276f675ddb0
Event: 825.834 Thread 0x00000276f675f160 Thread exited: 0x00000276f675f160
Event: 825.838 Thread 0x00000276f675f7f0 Thread exited: 0x00000276f675f7f0
Event: 825.838 Thread 0x00000276f675c370 Thread exited: 0x00000276f675c370
Event: 825.838 Thread 0x00000276f6759580 Thread exited: 0x00000276f6759580
Event: 827.699 Thread 0x00000276e9230880 Thread added: 0x00000276f675ca00
Event: 827.703 Thread 0x00000276e9230880 Thread added: 0x00000276f6759580
Event: 827.705 Thread 0x00000276e9230880 Thread added: 0x00000276f675afc0
Event: 827.726 Thread 0x00000276f675ca00 Thread added: 0x00000276f675b650
Event: 827.727 Thread 0x00000276f6759580 Thread added: 0x00000276f675d720
Event: 827.727 Thread 0x00000276f675afc0 Thread added: 0x00000276f675f160
Event: 827.727 Thread 0x00000276f675b650 Thread added: 0x00000276f6759c10
Event: 827.727 Thread 0x00000276f675d720 Thread added: 0x00000276f675ddb0


Dynamic libraries:
0x00007ff7d4bf0000 - 0x00007ff7d4bfa000 	C:\Program Files\Android\Android Studio\jbr\bin\java.exe
0x00007ffeb70b0000 - 0x00007ffeb72a8000 	C:\Windows\SYSTEM32\ntdll.dll
0x00007ffeb53f0000 - 0x00007ffeb54ad000 	C:\Windows\System32\KERNEL32.DLL
0x00007ffeb4a90000 - 0x00007ffeb4d5e000 	C:\Windows\System32\KERNELBASE.dll
0x00007ffeb4e80000 - 0x00007ffeb4f80000 	C:\Windows\System32\ucrtbase.dll
0x00007ffeab840000 - 0x00007ffeab85b000 	C:\Program Files\Android\Android Studio\jbr\bin\VCRUNTIME140.dll
0x00007ffeabab0000 - 0x00007ffeabac8000 	C:\Program Files\Android\Android Studio\jbr\bin\jli.dll
0x00007ffeb5da0000 - 0x00007ffeb5f40000 	C:\Windows\System32\USER32.dll
0x00007ffeb50e0000 - 0x00007ffeb5102000 	C:\Windows\System32\win32u.dll
0x00007ffeb6b00000 - 0x00007ffeb6b2a000 	C:\Windows\System32\GDI32.dll
0x00007ffea40f0000 - 0x00007ffea438a000 	C:\Windows\WinSxS\amd64_microsoft.windows.common-controls_6595b64144ccf1df_6.0.19041.1110_none_60b5254171f9507e\COMCTL32.dll
0x00007ffeb4fd0000 - 0x00007ffeb50db000 	C:\Windows\System32\gdi32full.dll
0x00007ffeb5720000 - 0x00007ffeb57be000 	C:\Windows\System32\msvcrt.dll
0x00007ffeb47d0000 - 0x00007ffeb486d000 	C:\Windows\System32\msvcp_win.dll
0x00007ffeb53c0000 - 0x00007ffeb53f0000 	C:\Windows\System32\IMM32.DLL
0x00007ffeaf510000 - 0x00007ffeaf51c000 	C:\Program Files\Android\Android Studio\jbr\bin\vcruntime140_1.dll
0x00007ffeab940000 - 0x00007ffeab9cd000 	C:\Program Files\Android\Android Studio\jbr\bin\msvcp140.dll
0x00007ffe2a400000 - 0x00007ffe2b083000 	C:\Program Files\Android\Android Studio\jbr\bin\server\jvm.dll
0x00007ffeb5a90000 - 0x00007ffeb5b3e000 	C:\Windows\System32\ADVAPI32.dll
0x00007ffeb51f0000 - 0x00007ffeb528c000 	C:\Windows\System32\sechost.dll
0x00007ffeb57c0000 - 0x00007ffeb58e5000 	C:\Windows\System32\RPCRT4.dll
0x00007ffeb5b40000 - 0x00007ffeb5bab000 	C:\Windows\System32\WS2_32.dll
0x00007ffeb3da0000 - 0x00007ffeb3deb000 	C:\Windows\SYSTEM32\POWRPROF.dll
0x00007ffea6f90000 - 0x00007ffea6fb7000 	C:\Windows\SYSTEM32\WINMM.dll
0x00007ffea2e90000 - 0x00007ffea2e9a000 	C:\Windows\SYSTEM32\VERSION.dll
0x00007ffeb3c10000 - 0x00007ffeb3c22000 	C:\Windows\SYSTEM32\UMPDC.dll
0x00007ffeb26c0000 - 0x00007ffeb26d2000 	C:\Windows\SYSTEM32\kernel.appcore.dll
0x00007ffeabad0000 - 0x00007ffeabada000 	C:\Program Files\Android\Android Studio\jbr\bin\jimage.dll
0x00007ffea2460000 - 0x00007ffea2644000 	C:\Windows\SYSTEM32\DBGHELP.DLL
0x00007ffea22d0000 - 0x00007ffea22fc000 	C:\Windows\SYSTEM32\dbgcore.DLL
0x00007ffeb4870000 - 0x00007ffeb48f2000 	C:\Windows\System32\bcryptPrimitives.dll
0x00007ffeabaa0000 - 0x00007ffeabaae000 	C:\Program Files\Android\Android Studio\jbr\bin\instrument.dll
0x00007ffea7630000 - 0x00007ffea7650000 	C:\Program Files\Android\Android Studio\jbr\bin\java.dll
0x00007ffea75c0000 - 0x00007ffea75d8000 	C:\Program Files\Android\Android Studio\jbr\bin\zip.dll
0x00007ffeb63b0000 - 0x00007ffeb6af3000 	C:\Windows\System32\SHELL32.dll
0x00007ffeb28c0000 - 0x00007ffeb3055000 	C:\Windows\SYSTEM32\windows.storage.dll
0x00007ffeb6b30000 - 0x00007ffeb6e84000 	C:\Windows\System32\combase.dll
0x00007ffeb4230000 - 0x00007ffeb4260000 	C:\Windows\SYSTEM32\Wldp.dll
0x00007ffeb6e90000 - 0x00007ffeb6f3d000 	C:\Windows\System32\SHCORE.dll
0x00007ffeb5510000 - 0x00007ffeb5565000 	C:\Windows\System32\shlwapi.dll
0x00007ffeb4710000 - 0x00007ffeb472f000 	C:\Windows\SYSTEM32\profapi.dll
0x00007ffea87a0000 - 0x00007ffea87b0000 	C:\Program Files\Android\Android Studio\jbr\bin\net.dll
0x00007ffeac490000 - 0x00007ffeac59a000 	C:\Windows\SYSTEM32\WINHTTP.dll
0x00007ffeb3f90000 - 0x00007ffeb3ffa000 	C:\Windows\system32\mswsock.dll
0x00007ffea7250000 - 0x00007ffea7266000 	C:\Program Files\Android\Android Studio\jbr\bin\nio.dll
0x00007ffea7100000 - 0x00007ffea7110000 	C:\Program Files\Android\Android Studio\jbr\bin\verify.dll
0x00007ffea4a10000 - 0x00007ffea4a37000 	C:\Users\HP I7\.gradle\native\c067742578af261105cb4f569cf0c3c89f3d7b1fecec35dd04571415982c5e48\windows-amd64\native-platform.dll
0x00007ffe89e20000 - 0x00007ffe89f64000 	C:\Users\HP I7\.gradle\native\100fb08df4bc3b14c8652ba06237920a3bd2aa13389f12d3474272988ae205f9\windows-amd64\native-platform-file-events.dll
0x00007ffea7240000 - 0x00007ffea7249000 	C:\Program Files\Android\Android Studio\jbr\bin\management.dll
0x00007ffea7230000 - 0x00007ffea723b000 	C:\Program Files\Android\Android Studio\jbr\bin\management_ext.dll
0x00007ffeb5d00000 - 0x00007ffeb5d08000 	C:\Windows\System32\PSAPI.DLL
0x00007ffeb4180000 - 0x00007ffeb4198000 	C:\Windows\SYSTEM32\CRYPTSP.dll
0x00007ffeb38a0000 - 0x00007ffeb38d4000 	C:\Windows\system32\rsaenh.dll
0x00007ffeb4900000 - 0x00007ffeb4927000 	C:\Windows\System32\bcrypt.dll
0x00007ffeb46d0000 - 0x00007ffeb46fe000 	C:\Windows\SYSTEM32\USERENV.dll
0x00007ffeb41a0000 - 0x00007ffeb41ac000 	C:\Windows\SYSTEM32\CRYPTBASE.dll
0x00007ffeb3c30000 - 0x00007ffeb3c6b000 	C:\Windows\SYSTEM32\IPHLPAPI.DLL
0x00007ffeb5a80000 - 0x00007ffeb5a88000 	C:\Windows\System32\NSI.dll
0x00007ffea74d0000 - 0x00007ffea74d9000 	C:\Program Files\Android\Android Studio\jbr\bin\extnet.dll
0x00007ffea7680000 - 0x00007ffea7687000 	C:\Windows\system32\wshunix.dll
0x00007ffeb34d0000 - 0x00007ffeb3503000 	C:\Windows\SYSTEM32\ntmarta.dll
0x00007ffeaf6b0000 - 0x00007ffeaf6b7000 	C:\Program Files\Android\Android Studio\jbr\bin\rmi.dll

dbghelp: loaded successfully - version: 4.0.5 - missing functions: none
symbol engine: initialized successfully - sym options: 0x614 - pdb path: .;C:\Program Files\Android\Android Studio\jbr\bin;C:\Windows\SYSTEM32;C:\Windows\WinSxS\amd64_microsoft.windows.common-controls_6595b64144ccf1df_6.0.19041.1110_none_60b5254171f9507e;C:\Program Files\Android\Android Studio\jbr\bin\server;C:\Users\HP I7\.gradle\native\c067742578af261105cb4f569cf0c3c89f3d7b1fecec35dd04571415982c5e48\windows-amd64;C:\Users\HP I7\.gradle\native\100fb08df4bc3b14c8652ba06237920a3bd2aa13389f12d3474272988ae205f9\windows-amd64

VM Arguments:
jvm_args: --add-opens=java.base/java.util=ALL-UNNAMED --add-opens=java.base/java.lang=ALL-UNNAMED --add-opens=java.base/java.lang.invoke=ALL-UNNAMED --add-opens=java.prefs/java.util.prefs=ALL-UNNAMED --add-exports=jdk.compiler/com.sun.tools.javac.api=ALL-UNNAMED --add-exports=jdk.compiler/com.sun.tools.javac.util=ALL-UNNAMED --add-opens=java.base/java.nio.charset=ALL-UNNAMED --add-opens=java.base/java.net=ALL-UNNAMED --add-opens=java.base/java.util.concurrent.atomic=ALL-UNNAMED -Xmx2048m -Dfile.encoding=UTF-8 -Duser.country=DZ -Duser.language=ar -Duser.variant -javaagent:C:\Users\HP I7\.gradle\wrapper\dists\gradle-8.10.2-bin\a04bxjujx95o3nb99gddekhwo\gradle-8.10.2\lib\agents\gradle-instrumentation-agent-8.10.2.jar 
java_command: org.gradle.launcher.daemon.bootstrap.GradleDaemon 8.10.2
java_class_path (initial): C:\Users\HP I7\.gradle\wrapper\dists\gradle-8.10.2-bin\a04bxjujx95o3nb99gddekhwo\gradle-8.10.2\lib\gradle-daemon-main-8.10.2.jar
Launcher Type: SUN_STANDARD

[Global flags]
     intx CICompilerCount                          = 4                                         {product} {ergonomic}
     uint ConcGCThreads                            = 2                                         {product} {ergonomic}
     uint G1ConcRefinementThreads                  = 8                                         {product} {ergonomic}
   size_t G1HeapRegionSize                         = 1048576                                   {product} {ergonomic}
    uintx GCDrainStackTargetSize                   = 64                                        {product} {ergonomic}
   size_t InitialHeapSize                          = 134217728                                 {product} {ergonomic}
   size_t MarkStackSize                            = 4194304                                   {product} {ergonomic}
   size_t MaxHeapSize                              = 2147483648                                {product} {command line}
   size_t MaxNewSize                               = 1287651328                                {product} {ergonomic}
   size_t MinHeapDeltaBytes                        = 1048576                                   {product} {ergonomic}
   size_t MinHeapSize                              = 8388608                                   {product} {ergonomic}
    uintx NonNMethodCodeHeapSize                   = 5839372                                {pd product} {ergonomic}
    uintx NonProfiledCodeHeapSize                  = 122909434                              {pd product} {ergonomic}
    uintx ProfiledCodeHeapSize                     = 122909434                              {pd product} {ergonomic}
    uintx ReservedCodeCacheSize                    = 251658240                              {pd product} {ergonomic}
     bool SegmentedCodeCache                       = true                                      {product} {ergonomic}
   size_t SoftMaxHeapSize                          = 2147483648                             {manageable} {ergonomic}
     bool UseCompressedOops                        = true                           {product lp64_product} {ergonomic}
     bool UseG1GC                                  = true                                      {product} {ergonomic}
     bool UseLargePagesIndividualAllocation        = false                                  {pd product} {ergonomic}

Logging:
Log output configuration:
 #0: stdout all=warning uptime,level,tags foldmultilines=false
 #1: stderr all=off uptime,level,tags foldmultilines=false

Environment Variables:
PATH=C:\Program Files\Common Files\Oracle\Java\javapath;C:\Program Files (x86)\Common Files\Oracle\Java\javapath;C:\Windows\system32;C:\Windows;C:\Windows\System32\Wbem;C:\Windows\System32\WindowsPowerShell\v1.0\;C:\Windows\System32\OpenSSH\;C:\xampp\php;C:\ProgramData\ComposerSetup\bin;C:\Program Files\Git\cmd;C:\Program Files\nodejs\;C:\Users\HP I7\Downloads\mongosh-2.4.2-win32-x64 (1)\mongosh-2.4.2-win32-x64;C:\Users\HP I7\Downloads\mongosh-2.4.2-win32-x64 (1)\mongosh-2.4.2-win32-x64\bin;C:\Users\HP I7\AppData\Local\Microsoft\WindowsApps;C:\Users\HP I7\AppData\Local\Programs\Microsoft VS Code\bin;C:\Users\HP I7\AppData\Roaming\Composer\vendor\bin;C:\Users\HP I7\AppData\Roaming\npm;C:\Users\HP I7\Downloads\mongosh-2.4.2-win32-x64 (1);C:\Users\HP I7\Downloads\mongosh-2.4.2-win32-x64 (1)\mongosh-2.4.2-win32-x64
USERNAME=HP I7
OS=Windows_NT
PROCESSOR_IDENTIFIER=Intel64 Family 6 Model 60 Stepping 3, GenuineIntel
TMP=C:\Users\HPI7~1\AppData\Local\Temp
TEMP=C:\Users\HPI7~1\AppData\Local\Temp




Periodic native trim disabled

JNI global refs:
JNI global refs: 31, weak refs: 9

JNI global refs memory usage: 835, weak refs: 897

Process memory usage:
Resident Set Size: 410564K (4% of 8283224K total physical memory with 409424K free physical memory)

OOME stack traces (most recent first):
Classloader memory used:
Loader org.gradle.internal.classloader.VisitableURLClassLoader$InstrumentingVisitableURLClassLoader: 68960K
Loader org.gradle.internal.classloader.VisitableURLClassLoader                         : 46221K
Loader bootstrap                                                                       : 34169K
Loader java.net.URLClassLoader                                                         : 18264K
Loader org.gradle.initialization.MixInLegacyTypesClassLoader                           : 12699K
Loader jdk.internal.loader.ClassLoaders$AppClassLoader                                 : 6929K
Loader jdk.internal.loader.ClassLoaders$PlatformClassLoader                            : 815K
Loader jdk.internal.reflect.DelegatingClassLoader                                      : 795K
Loader org.gradle.internal.classloader.VisitableURLClassLoader                         : 325K
Loader sun.reflect.misc.MethodUtil                                                     : 2952B

Classes loaded by more than one classloader:
Class kotlin.text.StringsKt                                                           : loaded 5 times (x 67B)
Class kotlin.comparisons.ComparisonsKt                                                : loaded 5 times (x 67B)
Class kotlin._Assertions                                                              : loaded 5 times (x 67B)
Class kotlin.collections.CollectionsKt___CollectionsJvmKt                             : loaded 5 times (x 67B)
Class kotlin.TuplesKt                                                                 : loaded 5 times (x 67B)
Class kotlin.text.StringsKt__StringsKt                                                : loaded 5 times (x 67B)
Class kotlin.NotImplementedError                                                      : loaded 5 times (x 78B)
Class kotlin.enums.EnumEntriesList                                                    : loaded 5 times (x 219B)
Class kotlin.ranges.RangesKt__RangesKt                                                : loaded 5 times (x 67B)
Class kotlin.collections.CollectionsKt                                                : loaded 5 times (x 67B)
Class kotlin.Function                                                                 : loaded 5 times (x 66B)
Class kotlin.ranges.RangesKt                                                          : loaded 5 times (x 67B)
Class kotlin.collections.SetsKt___SetsKt                                              : loaded 5 times (x 67B)
Class kotlin.collections.SetsKt__SetsJVMKt                                            : loaded 5 times (x 67B)
Class kotlin.collections.CollectionsKt__CollectionsKt                                 : loaded 5 times (x 67B)
Class kotlin.text.StringsKt__StringsJVMKt                                             : loaded 5 times (x 67B)
Class kotlin.collections.ArraysKt___ArraysJvmKt                                       : loaded 5 times (x 67B)
Class kotlin.text.StringsKt__RegexExtensionsJVMKt                                     : loaded 5 times (x 67B)
Class kotlin.collections.ArraysKt__ArraysKt                                           : loaded 5 times (x 67B)
Class kotlin.comparisons.ComparisonsKt__ComparisonsKt                                 : loaded 5 times (x 67B)
Class kotlin.collections.ArraysUtilJVM                                                : loaded 5 times (x 67B)
Class kotlin.jvm.functions.Function0                                                  : loaded 5 times (x 66B)
Class kotlin.UNINITIALIZED_VALUE                                                      : loaded 5 times (x 67B)
Class kotlin.jvm.functions.Function1                                                  : loaded 5 times (x 66B)
Class kotlin.comparisons.ComparisonsKt___ComparisonsJvmKt                             : loaded 5 times (x 67B)
Class kotlin.collections.CollectionsKt__IteratorsJVMKt                                : loaded 5 times (x 67B)
Class kotlin.collections.CollectionsKt__ReversedViewsKt                               : loaded 5 times (x 67B)
Class kotlin.LazyKt__LazyKt                                                           : loaded 5 times (x 67B)
Class kotlin.collections.MapsKt___MapsJvmKt                                           : loaded 5 times (x 67B)
Class kotlin.text.StringsKt__IndentKt                                                 : loaded 5 times (x 67B)
Class kotlin.text.StringsKt__StringBuilderJVMKt                                       : loaded 5 times (x 67B)
Class kotlin.collections.SetsKt                                                       : loaded 5 times (x 67B)
Class kotlin.jvm.internal.markers.KMappedMarker                                       : loaded 5 times (x 66B)
Class Program                                                                         : loaded 5 times (x 68B)
Class kotlin.collections.AbstractCollection                                           : loaded 5 times (x 113B)
Class kotlin.collections.AbstractList                                                 : loaded 5 times (x 193B)
Class kotlin.SynchronizedLazyImpl                                                     : loaded 5 times (x 72B)
Class kotlin.collections.CollectionsKt___CollectionsKt                                : loaded 5 times (x 67B)
Class kotlin.text.StringsKt__RegexExtensionsKt                                        : loaded 5 times (x 67B)
Class kotlin.text.StringsKt___StringsJvmKt                                            : loaded 5 times (x 67B)
Class kotlin.Pair                                                                     : loaded 5 times (x 68B)
Class kotlin.collections.ArraysKt___ArraysKt                                          : loaded 5 times (x 67B)
Class kotlin.collections.MapsKt___MapsKt                                              : loaded 5 times (x 67B)
Class kotlin.NoWhenBranchMatchedException                                             : loaded 5 times (x 78B)
Class kotlin.collections.MapsKt__MapsKt                                               : loaded 5 times (x 67B)
Class kotlin.collections.CollectionsKt__MutableCollectionsKt                          : loaded 5 times (x 67B)
Class kotlin.text.StringsKt__StringNumberConversionsJVMKt                             : loaded 5 times (x 67B)
Class kotlin.Lazy                                                                     : loaded 5 times (x 66B)
Class kotlin.enums.EnumEntries                                                        : loaded 5 times (x 66B)
Class kotlin.collections.MapsKt__MapWithDefaultKt                                     : loaded 5 times (x 67B)
Class kotlin.text.StringsKt___StringsKt                                               : loaded 5 times (x 67B)
Class kotlin.enums.EnumEntriesKt                                                      : loaded 5 times (x 67B)
Class kotlin.text.StringsKt__StringBuilderKt                                          : loaded 5 times (x 67B)
Class kotlin.collections.CollectionsKt__MutableCollectionsJVMKt                       : loaded 5 times (x 67B)
Class kotlin.text.StringsKt__AppendableKt                                             : loaded 5 times (x 67B)
Class kotlin.text.StringsKt__StringNumberConversionsKt                                : loaded 5 times (x 67B)
Class kotlin.LazyKt__LazyJVMKt                                                        : loaded 5 times (x 67B)
Class kotlin.comparisons.ComparisonsKt___ComparisonsKt                                : loaded 5 times (x 67B)
Class kotlin.UninitializedPropertyAccessException                                     : loaded 5 times (x 78B)
Class kotlin.collections.MapsKt__MapsJVMKt                                            : loaded 5 times (x 67B)
Class kotlin.jvm.internal.Intrinsics                                                  : loaded 5 times (x 67B)
Class kotlin.collections.ArraysKt__ArraysJVMKt                                        : loaded 5 times (x 67B)
Class kotlin.collections.CollectionsKt__IteratorsKt                                   : loaded 5 times (x 67B)
Class kotlin.collections.CollectionsKt__CollectionsJVMKt                              : loaded 5 times (x 67B)
Class kotlin.collections.MapsKt                                                       : loaded 5 times (x 67B)
Class kotlin.collections.CollectionsKt__IterablesKt                                   : loaded 5 times (x 67B)
Class kotlin.KotlinNullPointerException                                               : loaded 5 times (x 79B)
Class kotlin.LazyKt                                                                   : loaded 5 times (x 67B)
Class kotlin.collections.SetsKt__SetsKt                                               : loaded 5 times (x 67B)
Class kotlin.collections.AbstractList$Companion                                       : loaded 5 times (x 67B)
Class kotlin.ranges.RangesKt___RangesKt                                               : loaded 5 times (x 67B)
Class kotlin.collections.ArraysKt                                                     : loaded 5 times (x 67B)
Class com.google.common.base.CharMatcher                                              : loaded 4 times (x 107B)
Class com.google.common.collect.ImmutableSetMultimap                                  : loaded 4 times (x 176B)
Class com.google.common.base.Joiner$1                                                 : loaded 4 times (x 76B)
Class com.google.common.base.Suppliers                                                : loaded 4 times (x 67B)
Class com.google.common.base.CharMatcher$And                                          : loaded 4 times (x 108B)
Class com.google.common.collect.ImmutableBiMap$Builder                                : loaded 4 times (x 78B)
Class com.google.common.collect.PeekingIterator                                       : loaded 4 times (x 66B)
Class kotlin.text.CharsKt__CharKt                                                     : loaded 4 times (x 67B)
Class com.google.common.collect.Iterators$5                                           : loaded 4 times (x 78B)
Class com.google.common.base.Preconditions                                            : loaded 4 times (x 67B)
Class com.google.common.collect.Hashing                                               : loaded 4 times (x 67B)
Class com.google.common.collect.Iterators$4                                           : loaded 4 times (x 78B)
Class com.google.common.collect.ImmutableSet$JdkBackedSetBuilderImpl                  : loaded 4 times (x 72B)
Class com.google.common.base.CharMatcher$Is                                           : loaded 4 times (x 107B)
Class com.google.common.base.CharMatcher$Negated                                      : loaded 4 times (x 109B)
Class com.google.common.collect.ImmutableMultimap$Values                              : loaded 4 times (x 122B)
Class com.google.common.collect.AbstractListMultimap                                  : loaded 4 times (x 168B)
Class com.google.common.base.CharMatcher$ForPredicate                                 : loaded 4 times (x 108B)
Class com.google.common.collect.RegularImmutableBiMap                                 : loaded 4 times (x 145B)
Class com.google.common.collect.ImmutableMultimap$2                                   : loaded 4 times (x 77B)
Class com.google.common.base.Joiner$2                                                 : loaded 4 times (x 75B)
Class com.google.common.base.CharMatcher$AnyOf                                        : loaded 4 times (x 108B)
Class com.google.common.collect.ImmutableMultimap$1                                   : loaded 4 times (x 78B)
Class com.google.common.collect.ImmutableCollection                                   : loaded 4 times (x 121B)
Class com.google.common.base.CharMatcher$NamedFastMatcher                             : loaded 4 times (x 108B)
Class com.google.common.base.CharMatcher$1                                            : loaded 4 times (x 109B)
Class com.google.common.collect.ImmutableBiMap                                        : loaded 4 times (x 139B)
Class com.google.common.base.Suppliers$NonSerializableMemoizingSupplier               : loaded 4 times (x 75B)
Class [Lcom.google.common.collect.ImmutableMapEntry;                                  : loaded 4 times (x 65B)
Class com.google.common.collect.RegularImmutableMap$BucketOverflowException           : loaded 4 times (x 78B)
Class com.google.common.base.Converter                                                : loaded 4 times (x 86B)
Class com.google.common.collect.ImmutableSet$CachingAsList                            : loaded 4 times (x 144B)
Class com.google.common.collect.UnmodifiableListIterator                              : loaded 4 times (x 91B)
Class com.google.common.collect.AbstractMapBasedMultimap                              : loaded 4 times (x 135B)
Class com.google.common.collect.SortedIterable                                        : loaded 4 times (x 66B)
Class com.google.common.collect.Iterators$9                                           : loaded 4 times (x 77B)
Class kotlin.reflect.KAnnotatedElement                                                : loaded 4 times (x 66B)
Class com.google.common.collect.ImmutableAsList                                       : loaded 4 times (x 205B)
Class com.google.common.collect.CollectSpliterators$1WithCharacteristics              : loaded 4 times (x 86B)
Class com.google.common.collect.SingletonImmutableSet                                 : loaded 4 times (x 142B)
Class com.google.common.collect.ImmutableMultiset                                     : loaded 4 times (x 159B)
Class com.google.common.collect.ImmutableMap$MapViewOfValuesAsSingletonSets           : loaded 4 times (x 122B)
Class com.google.common.collect.ImmutableEnumMap                                      : loaded 4 times (x 122B)
Class com.google.common.collect.ListMultimap                                          : loaded 4 times (x 66B)
Class com.google.common.collect.Maps$EntryTransformer                                 : loaded 4 times (x 66B)
Class com.google.common.collect.RegularImmutableMap                                   : loaded 4 times (x 117B)
Class kotlin.jvm.internal.CallableReference$NoReceiver                                : loaded 4 times (x 67B)
Class com.google.common.collect.ImmutableSortedSet                                    : loaded 4 times (x 296B)
Class com.google.common.base.CharMatcher$IsNot                                        : loaded 4 times (x 107B)
Class kotlin.text.CharsKt                                                             : loaded 4 times (x 67B)
Class com.google.common.collect.Iterators                                             : loaded 4 times (x 67B)
Class com.google.common.collect.RegularImmutableSortedSet                             : loaded 4 times (x 296B)
Class com.google.common.math.IntMath                                                  : loaded 4 times (x 67B)
Class com.google.common.collect.Sets$1                                                : loaded 4 times (x 135B)
Class com.google.common.collect.ImmutableSet$RegularSetBuilderImpl                    : loaded 4 times (x 73B)
Class kotlin.jvm.internal.CallableReference                                           : loaded 4 times (x 102B)
Class com.google.common.collect.ImmutableMapEntry                                     : loaded 4 times (x 81B)
Class kotlin.reflect.KCallable                                                        : loaded 4 times (x 66B)
Class [Lkotlin.reflect.KCallable;                                                     : loaded 4 times (x 65B)
Class com.google.common.collect.ImmutableMapKeySet                                    : loaded 4 times (x 148B)
Class com.google.common.collect.ImmutableMap$IteratorBasedImmutableMap                : loaded 4 times (x 122B)
Class com.google.common.collect.ImmutableMapEntrySet$RegularEntrySet                  : loaded 4 times (x 148B)
Class com.google.common.collect.Maps$BiMapConverter                                   : loaded 4 times (x 86B)
Class com.google.common.collect.RegularImmutableAsList                                : loaded 4 times (x 213B)
Class com.google.common.collect.ImmutableMapEntry$NonTerminalImmutableMapEntry        : loaded 4 times (x 81B)
Class com.google.common.collect.ImmutableMultimap                                     : loaded 4 times (x 143B)
Class com.google.common.collect.IndexedImmutableSet                                   : loaded 4 times (x 148B)
Class com.google.common.base.Function                                                 : loaded 4 times (x 66B)
Class com.google.common.collect.Sets$2                                                : loaded 4 times (x 135B)
Class com.google.common.collect.ImmutableMap$1                                        : loaded 4 times (x 77B)
Class com.google.common.collect.IndexedImmutableSet$1                                 : loaded 4 times (x 209B)
Class com.google.common.collect.RegularImmutableList                                  : loaded 4 times (x 209B)
Class com.google.common.collect.Maps                                                  : loaded 4 times (x 67B)
Class com.google.common.collect.BiMap                                                 : loaded 4 times (x 66B)
Class com.google.common.collect.Iterators$1                                           : loaded 4 times (x 77B)
Class com.google.common.collect.AbstractMultimap                                      : loaded 4 times (x 119B)
Class kotlin.jvm.internal.DefaultConstructorMarker                                    : loaded 4 times (x 67B)
Class com.google.common.collect.ImmutableList$1                                       : loaded 4 times (x 93B)
Class com.google.common.collect.SetMultimap                                           : loaded 4 times (x 66B)
Class [Lcom.google.common.collect.ImmutableEntry;                                     : loaded 4 times (x 65B)
Class com.google.common.collect.Sets$3                                                : loaded 4 times (x 135B)
Class com.google.common.base.CharMatcher$InRange                                      : loaded 4 times (x 107B)
Class com.google.common.collect.CollectSpliterators                                   : loaded 4 times (x 67B)
Class com.google.common.base.Ascii                                                    : loaded 4 times (x 67B)
Class com.google.common.collect.AbstractMapEntry                                      : loaded 4 times (x 77B)
Class com.google.common.collect.SortedMapDifference                                   : loaded 4 times (x 66B)
Class com.google.common.collect.ImmutableEnumSet                                      : loaded 4 times (x 142B)
Class kotlin.reflect.KDeclarationContainer                                            : loaded 4 times (x 66B)
Class com.google.common.collect.SingletonImmutableBiMap                               : loaded 4 times (x 139B)
Class com.google.common.base.Suppliers$MemoizingSupplier                              : loaded 4 times (x 75B)
Class com.google.common.collect.CollectPreconditions                                  : loaded 4 times (x 67B)
Class com.google.common.collect.ImmutableSet$Builder                                  : loaded 4 times (x 81B)
Class kotlin.reflect.KFunction                                                        : loaded 4 times (x 66B)
Class com.google.common.collect.Sets$4                                                : loaded 4 times (x 135B)
Class com.google.common.primitives.Ints                                               : loaded 4 times (x 67B)
Class com.google.common.collect.Maps$8                                                : loaded 4 times (x 78B)
Class com.google.common.collect.UnmodifiableIterator                                  : loaded 4 times (x 76B)
Class com.google.common.collect.Platform                                              : loaded 4 times (x 67B)
Class com.google.common.collect.AbstractIterator                                      : loaded 4 times (x 78B)
Class com.google.common.collect.ImmutableList$ReverseImmutableList                    : loaded 4 times (x 205B)
Class com.google.common.collect.Sets$SetView                                          : loaded 4 times (x 134B)
Class com.google.common.collect.ArrayListMultimap                                     : loaded 4 times (x 168B)
Class com.google.common.collect.ImmutableEntry                                        : loaded 4 times (x 78B)
Class [Lcom.google.common.collect.AbstractMapEntry;                                   : loaded 4 times (x 65B)
Class com.google.common.collect.ImmutableMultimap$Builder                             : loaded 4 times (x 79B)
Class com.google.common.collect.SingletonImmutableList                                : loaded 4 times (x 203B)
Class com.google.common.collect.Multiset                                              : loaded 4 times (x 66B)
Class com.google.common.collect.ArrayListMultimapGwtSerializationDependencies         : loaded 4 times (x 168B)
Class kotlin.jvm.functions.Function3                                                  : loaded 4 times (x 66B)
Class com.google.common.base.CharMatcher$NegatedFastMatcher                           : loaded 4 times (x 109B)
Class com.google.common.collect.ObjectArrays                                          : loaded 4 times (x 67B)
Class com.google.common.graph.SuccessorsFunction                                      : loaded 4 times (x 66B)
Class kotlin.jvm.functions.Function2                                                  : loaded 4 times (x 66B)
Class com.google.common.collect.BaseImmutableMultimap                                 : loaded 4 times (x 119B)
Class com.google.common.collect.ImmutableMap                                          : loaded 4 times (x 116B)
Class com.google.common.base.Predicate                                                : loaded 4 times (x 66B)
Class com.google.common.base.Joiner                                                   : loaded 4 times (x 75B)
Class com.google.common.collect.AbstractIndexedListIterator                           : loaded 4 times (x 92B)
Class com.google.common.base.CharMatcher$FastMatcher                                  : loaded 4 times (x 107B)
Class com.google.common.math.MathPreconditions                                        : loaded 4 times (x 67B)
Class com.google.common.collect.Sets                                                  : loaded 4 times (x 67B)
Class com.google.common.collect.ImmutableSet$EmptySetBuilderImpl                      : loaded 4 times (x 72B)
Class com.google.common.collect.ImmutableList                                         : loaded 4 times (x 202B)
Class com.google.common.collect.MapDifference                                         : loaded 4 times (x 66B)
Class com.google.common.math.IntMath$1                                                : loaded 4 times (x 67B)
Class com.google.common.base.CharMatcher$IsEither                                     : loaded 4 times (x 107B)
Class com.google.common.collect.ImmutableMultimap$EntryCollection                     : loaded 4 times (x 124B)
Class com.google.common.collect.ImmutableSet$SetBuilderImpl                           : loaded 4 times (x 72B)
Class com.google.common.collect.ImmutableMapEntrySet                                  : loaded 4 times (x 148B)
Class com.google.common.collect.ImmutableList$SubList                                 : loaded 4 times (x 205B)
Class kotlin.jvm.internal.FunctionBase                                                : loaded 4 times (x 66B)
Class com.google.common.collect.Multimap                                              : loaded 4 times (x 66B)
Class com.google.common.base.Supplier                                                 : loaded 4 times (x 66B)
Class com.google.common.collect.ImmutableMultimap$Keys                                : loaded 4 times (x 162B)
Class com.google.common.collect.Iterators$MergingIterator                             : loaded 4 times (x 77B)
Class com.google.common.collect.RegularImmutableSet                                   : loaded 4 times (x 145B)
Class com.google.common.base.CharMatcher$Or                                           : loaded 4 times (x 108B)
Class com.google.common.collect.ImmutableMultisetGwtSerializationDependencies         : loaded 4 times (x 121B)
Class com.google.common.collect.RegularImmutableMap$KeySet                            : loaded 4 times (x 148B)
Class kotlin.jvm.internal.FunctionReference                                           : loaded 4 times (x 118B)
Class com.google.common.primitives.IntsMethodsForWeb                                  : loaded 4 times (x 67B)
Class com.google.common.collect.ImmutableCollection$Builder                           : loaded 4 times (x 72B)
Class com.google.common.collect.Iterators$ArrayItr                                    : loaded 4 times (x 93B)
Class com.google.common.collect.ImmutableListMultimap                                 : loaded 4 times (x 172B)
Class com.google.common.collect.ImmutableSet                                          : loaded 4 times (x 141B)
Class com.google.common.base.CharMatcher$BitSetMatcher                                : loaded 4 times (x 108B)
Class com.google.common.collect.RegularImmutableMap$Values                            : loaded 4 times (x 203B)
Class [Lkotlin.reflect.KAnnotatedElement;                                             : loaded 4 times (x 65B)
Class kotlin.text.CharsKt__CharJVMKt                                                  : loaded 4 times (x 67B)
Class kotlin.jvm.KotlinReflectionNotSupportedError                                    : loaded 4 times (x 78B)
Class com.google.common.collect.ImmutableMap$Builder                                  : loaded 4 times (x 78B)
Class kotlin.Result$Companion                                                         : loaded 3 times (x 67B)
Class kotlin.reflect.KType                                                            : loaded 3 times (x 66B)
Class dagger.hilt.processor.internal.root.ir.InvalidRootsException                    : loaded 3 times (x 78B)
Class kotlin.text.Regex$Companion                                                     : loaded 3 times (x 67B)
Class kotlin.reflect.jvm.internal.impl.builtins.functions.FunctionTypeKind            : loaded 3 times (x 68B)
Class kotlin.sequences.SequencesKt__SequencesKt                                       : loaded 3 times (x 67B)
Class kotlin.reflect.jvm.internal.impl.name.StandardClassIds                          : loaded 3 times (x 67B)
Class kotlin.reflect.jvm.internal.KPropertyImpl$_javaField$1                          : loaded 3 times (x 75B)
Class kotlin.reflect.jvm.internal.KClassImpl$data$1                                   : loaded 3 times (x 75B)
Class kotlin.reflect.jvm.internal.ReflectProperties$Val$1                             : loaded 3 times (x 67B)
Class kotlin.Unit                                                                     : loaded 3 times (x 67B)
Class kotlin.sequences.SequencesKt___SequencesJvmKt                                   : loaded 3 times (x 67B)
Class kotlin.io.FileTreeWalk$DirectoryState                                           : loaded 3 times (x 69B)
Class kotlin.reflect.jvm.internal.KClassImpl                                          : loaded 3 times (x 111B)
Class kotlin.reflect.KTypeParameter                                                   : loaded 3 times (x 66B)
Class kotlin.jvm.internal.ClassBasedDeclarationContainer                              : loaded 3 times (x 66B)
Class [Lkotlin.reflect.jvm.internal.impl.resolve.jvm.JvmPrimitiveType;                : loaded 3 times (x 65B)
Class kotlin.reflect.jvm.internal.KClassImpl$Data$descriptor$2                        : loaded 3 times (x 75B)
Class com.google.common.base.CaseFormat$5                                             : loaded 3 times (x 79B)
Class com.google.common.collect.ImmutableSortedSet$Builder                            : loaded 3 times (x 82B)
Class kotlin.jvm.internal.ReflectionFactory                                           : loaded 3 times (x 87B)
Class kotlin.reflect.jvm.internal.KCallableImpl$_typeParameters$1                     : loaded 3 times (x 75B)
Class kotlin.reflect.jvm.internal.KCallableImpl$parametersNeedMFVCFlattening$1        : loaded 3 times (x 75B)
Class kotlin.jvm.functions.Function22                                                 : loaded 3 times (x 66B)
Class kotlin.reflect.jvm.internal.impl.name.FqNamesUtilKt                             : loaded 3 times (x 67B)
Class kotlin.reflect.jvm.internal.impl.name.StandardClassIdsKt                        : loaded 3 times (x 67B)
Class com.google.common.base.CaseFormat$4                                             : loaded 3 times (x 79B)
Class kotlin.reflect.jvm.internal.KProperty1Impl$_getter$1                            : loaded 3 times (x 75B)
Class kotlin.reflect.jvm.internal.KDeclarationContainerImpl$Data                      : loaded 3 times (x 68B)
Class kotlin.io.FileTreeWalk$WalkState                                                : loaded 3 times (x 69B)
Class kotlin.text.Regex                                                               : loaded 3 times (x 68B)
Class kotlin.reflect.jvm.internal.impl.builtins.PrimitiveType$Companion               : loaded 3 times (x 67B)
Class kotlin.io.FilePathComponents                                                    : loaded 3 times (x 68B)
Class kotlin.sequences.SequencesKt__SequencesJVMKt                                    : loaded 3 times (x 67B)
Class kotlin.reflect.jvm.internal.impl.name.ClassId                                   : loaded 3 times (x 68B)
Class kotlin.jvm.functions.Function21                                                 : loaded 3 times (x 66B)
Class kotlin.reflect.jvm.internal.CachesKt$K_PACKAGE_CACHE$1                          : loaded 3 times (x 74B)
Class kotlin.jvm.functions.Function4                                                  : loaded 3 times (x 66B)
Class kotlin.reflect.jvm.internal.KClassImpl$Data$typeParameters$2                    : loaded 3 times (x 75B)
Class kotlin.Result                                                                   : loaded 3 times (x 68B)
Class kotlin.reflect.KProperty0                                                       : loaded 3 times (x 66B)
Class kotlin.reflect.jvm.internal.KClassImpl$Data                                     : loaded 3 times (x 68B)
Class Build_gradle$1                                                                  : loaded 3 times (x 70B)
Class kotlin.collections.EmptyIterator                                                : loaded 3 times (x 85B)
Class com.google.common.base.CaseFormat$3                                             : loaded 3 times (x 79B)
Class kotlin.collections.EmptySet                                                     : loaded 3 times (x 118B)
Class com.squareup.javapoet.ArrayTypeName                                             : loaded 3 times (x 77B)
Class kotlin.jvm.functions.Function5                                                  : loaded 3 times (x 66B)
Class kotlin.jvm.functions.Function6                                                  : loaded 3 times (x 66B)
Class kotlin.jvm.functions.Function20                                                 : loaded 3 times (x 66B)
Class kotlin.reflect.jvm.internal.KPropertyImpl$_descriptor$1                         : loaded 3 times (x 75B)
Class kotlin.LazyThreadSafetyMode                                                     : loaded 3 times (x 75B)
Class com.google.common.base.CaseFormat$2                                             : loaded 3 times (x 79B)
Class kotlin.reflect.KProperty1                                                       : loaded 3 times (x 66B)
Class kotlin.reflect.KClass                                                           : loaded 3 times (x 66B)
Class kotlin.reflect.full.IllegalPropertyDelegateAccessException                      : loaded 3 times (x 78B)
Class kotlin.reflect.jvm.internal.KClassImpl$Data$constructors$2                      : loaded 3 times (x 75B)
Class [Lkotlin.reflect.jvm.internal.impl.builtins.jvm.JavaToKotlinClassMap$PlatformMutabilityMapping;: loaded 3 times (x 65B)
Class kotlin.jvm.internal.MutablePropertyReference                                    : loaded 3 times (x 115B)
Class kotlin.jvm.internal.PropertyReference2                                          : loaded 3 times (x 123B)
Class kotlin.LazyKt__LazyJVMKt$WhenMappings                                           : loaded 3 times (x 67B)
Class kotlin.reflect.jvm.internal.KTypeParameterOwnerImpl                             : loaded 3 times (x 66B)
Class kotlin.jvm.internal.PropertyReference1                                          : loaded 3 times (x 123B)
Class kotlin.io.FilesKt                                                               : loaded 3 times (x 67B)
Class kotlin.reflect.full.IllegalCallableAccessException                              : loaded 3 times (x 78B)
Class kotlin.jvm.functions.Function7                                                  : loaded 3 times (x 66B)
Class com.squareup.javapoet.CodeWriter$Multiset                                       : loaded 3 times (x 68B)
Class kotlin.reflect.jvm.internal.impl.builtins.functions.FunctionTypeKind$KSuspendFunction: loaded 3 times (x 68B)
Class kotlin.reflect.jvm.internal.KClassImpl$Data$qualifiedName$2                     : loaded 3 times (x 75B)
Class kotlin.reflect.KProperty2                                                       : loaded 3 times (x 66B)
Class kotlin.sequences.Sequence                                                       : loaded 3 times (x 66B)
Class com.squareup.javapoet.TypeVariableName                                          : loaded 3 times (x 77B)
Class kotlin.io.CloseableKt                                                           : loaded 3 times (x 67B)
Class kotlin.reflect.jvm.internal.impl.builtins.jvm.JavaToKotlinClassMap$PlatformMutabilityMapping: loaded 3 times (x 68B)
Class kotlin.io.FileSystemException                                                   : loaded 3 times (x 78B)
Class kotlin.jvm.internal.PropertyReference0                                          : loaded 3 times (x 123B)
Class kotlin.reflect.jvm.internal.KDeclarationContainerImpl$Companion                 : loaded 3 times (x 67B)
Class kotlin.reflect.jvm.internal.KCallableImpl$_returnType$1                         : loaded 3 times (x 75B)
Class kotlin.reflect.jvm.internal.impl.builtins.PrimitiveType$arrayTypeFqName$2       : loaded 3 times (x 75B)
Class kotlin.reflect.jvm.internal.impl.name.Name                                      : loaded 3 times (x 71B)
Class com.google.common.base.CaseFormat$1                                             : loaded 3 times (x 79B)
Class kotlin.reflect.jvm.internal.KPropertyImpl$Companion                             : loaded 3 times (x 67B)
Class com.squareup.javapoet.Util                                                      : loaded 3 times (x 67B)
Class kotlin.jvm.functions.Function8                                                  : loaded 3 times (x 66B)
Class com.squareup.javapoet.CodeWriter                                                : loaded 3 times (x 68B)
Class kotlin.reflect.jvm.internal.impl.name.FqNameUnsafe                              : loaded 3 times (x 68B)
Class kotlin.reflect.jvm.internal.impl.utils.CollectionsKt                            : loaded 3 times (x 67B)
Class kotlin.reflect.jvm.internal.CacheByClass                                        : loaded 3 times (x 69B)
Class kotlin.reflect.KProperty$Accessor                                               : loaded 3 times (x 66B)
Class kotlin.io.TerminateException                                                    : loaded 3 times (x 78B)
Class kotlin.io.FilesKt__FilePathComponentsKt                                         : loaded 3 times (x 67B)
Class kotlin.reflect.jvm.internal.impl.descriptors.runtime.structure.ReflectClassUtilKt: loaded 3 times (x 67B)
Class kotlin.reflect.jvm.internal.KCallableImpl                                       : loaded 3 times (x 101B)
Class kotlin.reflect.jvm.internal.impl.builtins.functions.FunctionTypeKind$Function   : loaded 3 times (x 68B)
Class kotlin.reflect.jvm.internal.CachesKt$CACHE_FOR_GENERIC_CLASSIFIERS$1            : loaded 3 times (x 74B)
Class [Lkotlin.reflect.jvm.internal.impl.name.ClassId;                                : loaded 3 times (x 65B)
Class kotlin.jvm.functions.Function10                                                 : loaded 3 times (x 66B)
Class kotlin.jvm.functions.Function9                                                  : loaded 3 times (x 66B)
Class kotlin.reflect.jvm.internal.impl.builtins.PrimitiveType                         : loaded 3 times (x 75B)
Class kotlin.reflect.jvm.internal.KClassImpl$Data$allNonStaticMembers$2               : loaded 3 times (x 75B)
Class [Lkotlin.LazyThreadSafetyMode;                                                  : loaded 3 times (x 65B)
Class com.squareup.javapoet.LineWrapper                                               : loaded 3 times (x 68B)
Class kotlin.collections.AbstractIterator                                             : loaded 3 times (x 79B)
Class [Lkotlin.reflect.KClassifier;                                                   : loaded 3 times (x 65B)
Class kotlin.io.FilesKt__FileReadWriteKt                                              : loaded 3 times (x 67B)
Class kotlin.reflect.jvm.internal.CachesKt$K_CLASS_CACHE$1                            : loaded 3 times (x 74B)
Class kotlin.reflect.jvm.internal.impl.name.FqNameUnsafe$1                            : loaded 3 times (x 70B)
Class kotlin.io.FileWalkDirection                                                     : loaded 3 times (x 75B)
Class kotlin.reflect.jvm.internal.EmptyContainerForLocal                              : loaded 3 times (x 80B)
Class kotlin.reflect.jvm.internal.CachesKt$CACHE_FOR_NULLABLE_BASE_CLASSIFIERS$1      : loaded 3 times (x 74B)
Class com.google.common.base.CaseFormat$StringConverter                               : loaded 3 times (x 86B)
Class com.google.common.base.CaseFormat                                               : loaded 3 times (x 79B)
Class kotlin.jvm.functions.Function11                                                 : loaded 3 times (x 66B)
Class kotlin.reflect.jvm.internal.KClassImpl$Data$allMembers$2                        : loaded 3 times (x 75B)
Class kotlin.reflect.jvm.internal.KClassImpl$Data$sealedSubclasses$2                  : loaded 3 times (x 75B)
Class kotlin.reflect.jvm.internal.impl.builtins.functions.FunctionTypeKind$SuspendFunction: loaded 3 times (x 68B)
Class kotlin.io.FileTreeWalk$FileTreeWalkIterator                                     : loaded 3 times (x 79B)
Class kotlin.reflect.jvm.internal.KProperty1Impl                                      : loaded 3 times (x 124B)
Class com.google.common.collect.ImmutableMapValues                                    : loaded 3 times (x 122B)
Class kotlin.sequences.SequencesKt                                                    : loaded 3 times (x 67B)
Class kotlin.reflect.jvm.internal.KClassImpl$Data$objectInstance$2                    : loaded 3 times (x 75B)
Class kotlin.reflect.jvm.internal.impl.builtins.functions.FunctionTypeKind$KFunction  : loaded 3 times (x 68B)
Class kotlin.reflect.jvm.internal.impl.name.SpecialNames                              : loaded 3 times (x 67B)
Class [Ldagger.hilt.processor.internal.optionvalues.GradleProjectType;                : loaded 3 times (x 65B)
Class com.squareup.javapoet.TypeName                                                  : loaded 3 times (x 77B)
Class com.squareup.javapoet.LineWrapper$RecordingAppendable                           : loaded 3 times (x 73B)
Class kotlin.io.FilesKt__UtilsKt                                                      : loaded 3 times (x 67B)
Class kotlin.jvm.functions.Function12                                                 : loaded 3 times (x 66B)
Class kotlin.io.FileTreeWalk$FileTreeWalkIterator$TopDownDirectoryState               : loaded 3 times (x 70B)
Class kotlin.jvm.functions.Function13                                                 : loaded 3 times (x 66B)
Class kotlin.reflect.jvm.internal.KClassImpl$Data$declaredMembers$2                   : loaded 3 times (x 75B)
Class kotlin.io.FileTreeWalk$FileTreeWalkIterator$WhenMappings                        : loaded 3 times (x 67B)
Class kotlin.reflect.jvm.internal.KDeclarationContainerImpl                           : loaded 3 times (x 80B)
Class kotlin.sequences.SequencesKt___SequencesKt                                      : loaded 3 times (x 67B)
Class kotlin.reflect.jvm.internal.KDeclarationContainerImpl$Data$moduleData$2         : loaded 3 times (x 75B)
Class kotlin.jvm.functions.Function14                                                 : loaded 3 times (x 66B)
Class kotlin.jvm.functions.Function15                                                 : loaded 3 times (x 66B)
Class [Lkotlin.reflect.KClass;                                                        : loaded 3 times (x 65B)
Class kotlin.SafePublicationLazyImpl                                                  : loaded 3 times (x 72B)
Class kotlin.reflect.jvm.internal.impl.name.FqName                                    : loaded 3 times (x 68B)
Class kotlin.reflect.jvm.internal.ReflectProperties                                   : loaded 3 times (x 67B)
Class kotlin.jvm.functions.Function16                                                 : loaded 3 times (x 66B)
Class kotlin.reflect.jvm.internal.CacheByClassKt                                      : loaded 3 times (x 67B)
Class kotlin.jvm.functions.Function17                                                 : loaded 3 times (x 66B)
Class kotlin.reflect.jvm.internal.ReflectionFactoryImpl                               : loaded 3 times (x 87B)
Class kotlin.jvm.functions.Function18                                                 : loaded 3 times (x 66B)
Class kotlin.jvm.internal.MutablePropertyReference2                                   : loaded 3 times (x 133B)
Class kotlin.collections.EmptyList                                                    : loaded 3 times (x 170B)
Class kotlin.reflect.KProperty$Getter                                                 : loaded 3 times (x 66B)
Class kotlin.reflect.jvm.internal.KClassImpl$Data$supertypes$2                        : loaded 3 times (x 75B)
Class kotlin.reflect.jvm.internal.ReflectProperties$Val                               : loaded 3 times (x 70B)
Class kotlin.comparisons.NaturalOrderComparator                                       : loaded 3 times (x 84B)
Class kotlin.reflect.jvm.internal.impl.builtins.PrimitiveType$typeFqName$2            : loaded 3 times (x 75B)
Class kotlin.reflect.jvm.internal.CachesKt                                            : loaded 3 times (x 67B)
Class kotlin.jvm.functions.Function19                                                 : loaded 3 times (x 66B)
Class kotlin.reflect.jvm.internal.KClassImpl$Data$allStaticMembers$2                  : loaded 3 times (x 75B)
Class kotlin.jvm.internal.MutablePropertyReference1                                   : loaded 3 times (x 133B)
Class kotlin.reflect.jvm.internal.impl.builtins.StandardNames$FqNames                 : loaded 3 times (x 67B)
Class kotlin.reflect.jvm.internal.KCallableImpl$_absentArguments$1                    : loaded 3 times (x 75B)
Class kotlin.SafePublicationLazyImpl$Companion                                        : loaded 3 times (x 67B)
Class [Lcom.google.common.base.CaseFormat;                                            : loaded 3 times (x 65B)
Class kotlin.jvm.internal.Lambda                                                      : loaded 3 times (x 71B)
Class kotlin.jvm.internal.PropertyReference1Impl                                      : loaded 3 times (x 123B)
Class [Lkotlin.reflect.KDeclarationContainer;                                         : loaded 3 times (x 65B)
Class kotlin.reflect.jvm.internal.KProperty1Impl$delegateSource$1                     : loaded 3 times (x 75B)
Class kotlin.reflect.jvm.internal.KClassImpl$Data$declaredStaticMembers$2             : loaded 3 times (x 75B)
Class com.google.common.collect.Sets$1$1                                              : loaded 3 times (x 78B)
Class kotlin.reflect.jvm.internal.KCallableImpl$_parameters$1                         : loaded 3 times (x 75B)
Class kotlin.sequences.ConstrainedOnceSequence                                        : loaded 3 times (x 71B)
Class [Lkotlin.reflect.jvm.internal.impl.name.FqName;                                 : loaded 3 times (x 65B)
Class kotlin.reflect.jvm.internal.KClassImpl$Data$simpleName$2                        : loaded 3 times (x 75B)
Class kotlin.reflect.jvm.internal.ClassValueCache                                     : loaded 3 times (x 70B)
Class [Lkotlin.reflect.KProperty;                                                     : loaded 3 times (x 65B)
Class kotlin.reflect.jvm.internal.CachesKt$CACHE_FOR_BASE_CLASSIFIERS$1               : loaded 3 times (x 74B)
Class Build_gradle                                                                    : loaded 3 times (x 126B)
Class kotlin.io.FilesKt__FileTreeWalkKt                                               : loaded 3 times (x 67B)
Class kotlin.sequences.SequencesKt__SequenceBuilderKt                                 : loaded 3 times (x 67B)
Class kotlin.sequences.FilteringSequence$iterator$1                                   : loaded 3 times (x 75B)
Class kotlin.jvm.internal.MutablePropertyReference0                                   : loaded 3 times (x 133B)
Class kotlin.reflect.jvm.internal.KCallableImpl$_annotations$1                        : loaded 3 times (x 75B)
Class kotlin.reflect.jvm.internal.KClassImpl$Data$inheritedNonStaticMembers$2         : loaded 3 times (x 75B)
Class kotlin.reflect.jvm.internal.impl.builtins.CompanionObjectMapping                : loaded 3 times (x 67B)
Class kotlin.reflect.jvm.internal.KClassImpl$Data$inheritedStaticMembers$2            : loaded 3 times (x 75B)
Class kotlin.Result$Failure                                                           : loaded 3 times (x 68B)
Class [Lkotlin.io.FileWalkDirection;                                                  : loaded 3 times (x 65B)
Class kotlin.reflect.KMutableProperty0                                                : loaded 3 times (x 66B)
Class kotlin.reflect.jvm.internal.ComputableClassValue                                : loaded 3 times (x 76B)
Class kotlin.reflect.jvm.internal.KClassImpl$Data$declaredNonStaticMembers$2          : loaded 3 times (x 75B)
Class kotlin.reflect.jvm.internal.impl.resolve.jvm.JvmPrimitiveType                   : loaded 3 times (x 75B)
Class kotlin.jvm.internal.Reflection                                                  : loaded 3 times (x 67B)
Class kotlin.reflect.KProperty                                                        : loaded 3 times (x 66B)
Class kotlin.reflect.jvm.internal.KPropertyImpl                                       : loaded 3 times (x 111B)
Class kotlin.reflect.KClassifier                                                      : loaded 3 times (x 66B)
Class kotlin.jvm.JvmClassMappingKt                                                    : loaded 3 times (x 67B)
Class com.squareup.javapoet.ParameterizedTypeName                                     : loaded 3 times (x 77B)
Class dagger.hilt.processor.internal.optionvalues.GradleProjectType                   : loaded 3 times (x 75B)
Class kotlin.reflect.jvm.internal.impl.builtins.jvm.JavaToKotlinClassMap              : loaded 3 times (x 67B)
Class kotlin.reflect.jvm.internal.KotlinReflectionInternalError                       : loaded 3 times (x 78B)
Class kotlin.io.FileTreeWalk                                                          : loaded 3 times (x 71B)
Class kotlin.reflect.KMutableProperty1                                                : loaded 3 times (x 66B)
Class kotlin.reflect.KMutableProperty2                                                : loaded 3 times (x 66B)
Class kotlin.io.NoSuchFileException                                                   : loaded 3 times (x 78B)
Class kotlin.reflect.jvm.internal.RuntimeTypeMapper                                   : loaded 3 times (x 67B)
Class com.squareup.javapoet.ClassName                                                 : loaded 3 times (x 80B)
Class kotlin.reflect.jvm.internal.ReflectProperties$LazySoftVal                       : loaded 3 times (x 74B)
Class kotlin.reflect.jvm.internal.KClassImpl$Data$annotations$2                       : loaded 3 times (x 75B)
Class kotlin.reflect.jvm.internal.impl.builtins.StandardNames                         : loaded 3 times (x 67B)
Class [Lkotlin.reflect.jvm.internal.impl.builtins.PrimitiveType;                      : loaded 3 times (x 65B)
Class com.google.common.collect.ImmutableMap$IteratorBasedImmutableMap$1EntrySetImpl  : loaded 3 times (x 150B)
Class kotlin.reflect.jvm.internal.KClassifierImpl                                     : loaded 3 times (x 66B)
Class kotlin.reflect.KMutableProperty                                                 : loaded 3 times (x 66B)
Class kotlin.io.FileAlreadyExistsException                                            : loaded 3 times (x 78B)
Class kotlin.reflect.jvm.internal.KClassImpl$Data$nestedClasses$2                     : loaded 3 times (x 75B)
Class kotlin.sequences.FilteringSequence                                              : loaded 3 times (x 71B)
Class kotlin.jvm.internal.PropertyReference                                           : loaded 3 times (x 111B)
Class dagger.internal.codegen.binding.$AutoValue_ModuleDescriptor                     : loaded 2 times (x 82B)
Class dagger.internal.codegen.binding.DependencyRequestFactory                        : loaded 2 times (x 68B)
Class dagger.internal.codegen.bindinggraphvalidation.SetMultibindingValidator_Factory : loaded 2 times (x 74B)
Class dagger.internal.codegen.bindinggraphvalidation.DependsOnProductionExecutorValidator_Factory: loaded 2 times (x 75B)
Class org.gradle.api.internal.classpath.UnknownModuleException                        : loaded 2 times (x 78B)
Class dagger.hilt.processor.internal.earlyentrypoint.EarlyEntryPointProcessingStep    : loaded 2 times (x 83B)
Class com.google.common.base.Stopwatch                                                : loaded 2 times (x 68B)
Class com.google.common.cache.LocalCache$Strength                                     : loaded 2 times (x 77B)
Class com.google.common.cache.Cache                                                   : loaded 2 times (x 66B)
Class dagger.internal.codegen.validation.BindingGraphValidator                        : loaded 2 times (x 68B)
Class dagger.internal.codegen.bindinggraphvalidation.SubcomponentFactoryMethodValidator: loaded 2 times (x 81B)
Class dagger.internal.codegen.binding.OptionalBindingDeclaration$Factory              : loaded 2 times (x 69B)
Class dagger.internal.codegen.binding.DelegateDeclaration                             : loaded 2 times (x 76B)
Class dagger.internal.codegen.processingstep.MultibindingAnnotationsProcessingStep    : loaded 2 times (x 82B)
Class com.google.common.cache.Weigher                                                 : loaded 2 times (x 66B)
Class dagger.spi.internal.shaded.androidx.room.compiler.processing.XProcessingEnv     : loaded 2 times (x 66B)
Class kotlin.internal.ProgressionUtilKt                                               : loaded 2 times (x 67B)
Class androidx.room.compiler.processing.XFiler                                        : loaded 2 times (x 66B)
Class kotlin.collections.IndexingIterator                                             : loaded 2 times (x 75B)
Class org.jetbrains.kotlin.build.report.metrics.BuildMetricsReporter                  : loaded 2 times (x 66B)
Class org.apache.commons.io.filefilter.IOFileFilter                                   : loaded 2 times (x 66B)
Class com.google.common.io.AppendableWriter                                           : loaded 2 times (x 96B)
Class com.google.common.io.Files$2                                                    : loaded 2 times (x 72B)
Class com.google.common.util.concurrent.AbstractFuture$Cancellation                   : loaded 2 times (x 68B)
Class com.google.common.base.NullnessCasts                                            : loaded 2 times (x 67B)
Class dagger.spi.internal.shaded.androidx.room.compiler.processing.XParameterizable   : loaded 2 times (x 66B)
Class dagger.internal.codegen.binding.BindsTypeChecker_Factory                        : loaded 2 times (x 75B)
Class dagger.hilt.processor.internal.generatesrootinput.GeneratesRootInputs           : loaded 2 times (x 68B)
Class javax.inject.Provider                                                           : loaded 2 times (x 66B)
Class dagger.internal.codegen.validation.DependencyRequestValidator_Factory           : loaded 2 times (x 75B)
Class dagger.internal.codegen.validation.ExternalBindingGraphPlugins_Factory          : loaded 2 times (x 75B)
Class dagger.internal.codegen.binding.BindingFactory                                  : loaded 2 times (x 68B)
Class dagger.internal.codegen.binding.BindingDeclaration                              : loaded 2 times (x 70B)
Class dagger.hilt.processor.internal.uninstallmodules.UninstallModulesProcessingStep  : loaded 2 times (x 83B)
Class org.jetbrains.org.objectweb.asm.FieldWriter                                     : loaded 2 times (x 73B)
Class org.jetbrains.org.objectweb.asm.MethodVisitor                                   : loaded 2 times (x 100B)
Class kotlin.io.ByteStreamsKt                                                         : loaded 2 times (x 67B)
Class com.google.common.collect.Maps$EntryFunction$1                                  : loaded 2 times (x 87B)
Class com.google.common.base.Present                                                  : loaded 2 times (x 77B)
Class com.google.common.collect.AbstractMapBasedMultimap$WrappedCollection$WrappedIterator: loaded 2 times (x 80B)
Class com.google.common.cache.RemovalListener                                         : loaded 2 times (x 66B)
Class org.gradle.api.internal.DefaultClassPathRegistry                                : loaded 2 times (x 72B)
Class [Ldagger.internal.codegen.validation.BindingMethodValidator$Abstractness;       : loaded 2 times (x 65B)
Class dagger.internal.codegen.processingstep.AssistedInjectProcessingStep_Factory     : loaded 2 times (x 75B)
Class dagger.internal.codegen.model.RequestKind                                       : loaded 2 times (x 75B)
Class org.gradle.api.internal.classpath.Module                                        : loaded 2 times (x 66B)
Class org.apache.commons.io.output.NullOutputStream                                   : loaded 2 times (x 81B)
Class androidx.room.compiler.processing.XProcessingEnvConfig$Builder                  : loaded 2 times (x 68B)
Class dagger.internal.codegen.bindinggraphvalidation.MapMultibindingValidator_Factory : loaded 2 times (x 75B)
Class com.google.common.collect.ImmutableSetMultimap$Builder                          : loaded 2 times (x 79B)
Class dagger.internal.codegen.binding.$AutoValue_DelegateDeclaration                  : loaded 2 times (x 79B)
Class com.google.common.collect.FluentIterable$3                                      : loaded 2 times (x 77B)
Class org.apache.commons.io.file.DeleteOption                                         : loaded 2 times (x 66B)
Class com.google.common.reflect.Invokable$ConstructorInvokable                        : loaded 2 times (x 103B)
Class com.google.common.collect.Maps$EntryFunction$2                                  : loaded 2 times (x 87B)
Class org.gradle.api.internal.ClassPathRegistry                                       : loaded 2 times (x 66B)
Class org.gradle.internal.classpath.DefaultClassPath$ImmutableUniqueList              : loaded 2 times (x 195B)
Class dagger.internal.codegen.model.DaggerProcessingEnv                               : loaded 2 times (x 70B)
Class dagger.internal.codegen.binding.AutoValue_OptionalBindingDeclaration            : loaded 2 times (x 71B)
Class [Ldagger.internal.codegen.compileroption.ProcessingEnvironmentCompilerOptions$CommandLineOption;: loaded 2 times (x 65B)
Class dagger.internal.codegen.ProcessingEnvironmentModule_FilerFactory                : loaded 2 times (x 75B)
Class dagger.internal.codegen.binding.MethodSignatureFormatter_Factory                : loaded 2 times (x 75B)
Class org.jetbrains.org.objectweb.asm.FieldVisitor                                    : loaded 2 times (x 72B)
Class kotlin.collections.IndexingIterable                                             : loaded 2 times (x 75B)
Class dagger.hilt.processor.internal.BaseProcessingStep                               : loaded 2 times (x 83B)
Class dagger.hilt.processor.internal.aggregateddeps.AggregatedDepsProcessor           : loaded 2 times (x 96B)
Class dagger.internal.codegen.base.SourceFileGenerationException                      : loaded 2 times (x 78B)
Class org.jetbrains.org.objectweb.asm.ByteVector                                      : loaded 2 times (x 74B)
Class org.apache.commons.io.IOUtils                                                   : loaded 2 times (x 67B)
Class com.google.common.collect.MapMakerInternalMap$Segment                           : loaded 2 times (x 138B)
Class com.google.common.reflect.TypeToken                                             : loaded 2 times (x 69B)
Class com.google.common.collect.NullnessCasts                                         : loaded 2 times (x 67B)
Class com.google.common.base.ExtraObjectsMethodsForWeb                                : loaded 2 times (x 67B)
Class dagger.internal.codegen.componentgenerator.TopLevelImplementationComponent      : loaded 2 times (x 66B)
Class dagger.internal.codegen.bindinggraphvalidation.DependsOnProductionExecutorValidator: loaded 2 times (x 81B)
Class dagger.internal.codegen.bindinggraphvalidation.ProvisionDependencyOnProducerBindingValidator_Factory$InstanceHolder: loaded 2 times (x 67B)
Class dagger.internal.codegen.ProcessingEnvironmentModule_MessagerFactory             : loaded 2 times (x 75B)
Class dagger.internal.codegen.validation.BindingMethodValidator$Abstractness          : loaded 2 times (x 75B)
Class com.google.common.base.Absent                                                   : loaded 2 times (x 76B)
Class dagger.hilt.processor.internal.HiltProcessingEnvConfigs                         : loaded 2 times (x 67B)
Class [Lorg.jetbrains.org.objectweb.asm.AnnotationWriter;                             : loaded 2 times (x 65B)
Class com.google.common.collect.FluentIterable$2                                      : loaded 2 times (x 77B)
Class com.google.common.cache.RemovalCause                                            : loaded 2 times (x 76B)
Class com.google.common.io.ByteSink                                                   : loaded 2 times (x 72B)
Class com.google.common.cache.CacheBuilder                                            : loaded 2 times (x 68B)
Class Settings_gradle$1                                                               : loaded 2 times (x 70B)
Class org.gradle.internal.classpath.ClassPath                                         : loaded 2 times (x 66B)
Class org.gradle.api.UncheckedIOException                                             : loaded 2 times (x 78B)
Class dagger.internal.codegen.validation.SpiModelBindingGraphConverter$DaggerProcessingEnvImpl: loaded 2 times (x 72B)
Class dagger.internal.codegen.validation.BindsOptionalOfMethodValidator               : loaded 2 times (x 74B)
Class dagger.internal.codegen.DelegateComponentProcessor$SourceFileGeneratorsModule   : loaded 2 times (x 66B)
Class dagger.internal.codegen.validation.ProvidesMethodValidator_Factory              : loaded 2 times (x 75B)
Class dagger.internal.codegen.DaggerDelegateComponentProcessor_Injector$Factory       : loaded 2 times (x 70B)
Class com.google.common.reflect.Reflection                                            : loaded 2 times (x 67B)
Class dagger.internal.codegen.ServiceLoaders                                          : loaded 2 times (x 67B)
Class dagger.internal.codegen.validation.BindsOptionalOfMethodValidator$Validator     : loaded 2 times (x 76B)
Class dagger.hilt.android.processor.internal.viewmodel.ViewModelProcessor             : loaded 2 times (x 96B)
Class dagger.hilt.processor.internal.root.RootProcessingStep                          : loaded 2 times (x 83B)
Class kotlin.sequences.SequencesKt__SequencesKt$asSequence$$inlined$Sequence$1        : loaded 2 times (x 71B)
Class com.google.common.collect.Interners$InternerBuilder                             : loaded 2 times (x 72B)
Class [Lcom.google.common.reflect.Types$JavaVersion;                                  : loaded 2 times (x 65B)
Class com.google.common.io.Files$FileByteSource                                       : loaded 2 times (x 81B)
Class com.google.common.base.JdkPattern                                               : loaded 2 times (x 71B)
Class dagger.internal.codegen.model.BindingGraph$MaybeBinding                         : loaded 2 times (x 66B)
Class dagger.internal.codegen.base.AutoValue_ComponentAnnotation                      : loaded 2 times (x 72B)
Class dagger.hilt.android.processor.internal.AndroidClassNames                        : loaded 2 times (x 67B)
Class [Ldagger.hilt.processor.internal.optionvalues.BooleanValue;                     : loaded 2 times (x 65B)
Class org.gradle.api.internal.classpath.DefaultModuleRegistry$DefaultModule           : loaded 2 times (x 82B)
Class org.objectweb.asm.FieldVisitor                                                  : loaded 2 times (x 73B)
Class com.google.common.base.Objects                                                  : loaded 2 times (x 67B)
Class com.google.common.collect.FluentIterable$1                                      : loaded 2 times (x 77B)
Class dagger.spi.internal.shaded.androidx.room.compiler.processing.XProcessingEnvConfig: loaded 2 times (x 67B)
Class dagger.hilt.processor.internal.aliasof.AliasOfProcessor                         : loaded 2 times (x 96B)
Class com.google.common.io.CharStreams$NullWriter                                     : loaded 2 times (x 95B)
Class org.objectweb.asm.SymbolTable$Entry                                             : loaded 2 times (x 70B)
Class com.google.common.util.concurrent.AbstractFuture$AtomicHelper                   : loaded 2 times (x 74B)
Class dagger.internal.codegen.binding.AutoValue_DelegateDeclaration                   : loaded 2 times (x 79B)
Class dagger.internal.codegen.validation.DependencyRequestValidator                   : loaded 2 times (x 68B)
Class [Landroidx.room.compiler.processing.XProcessingEnv$Backend;                     : loaded 2 times (x 65B)
Class dagger.internal.SingleCheck                                                     : loaded 2 times (x 73B)
Class androidx.room.util.SimpleJavaVersion$compareTo$$inlined$compareBy$1             : loaded 2 times (x 85B)
Class org.jetbrains.org.objectweb.asm.ClassWriter                                     : loaded 2 times (x 100B)
Class org.objectweb.asm.Edge                                                          : loaded 2 times (x 68B)
Class com.google.common.base.Suppliers$SupplierOfInstance                             : loaded 2 times (x 75B)
Class [Ldagger.internal.codegen.base.ComponentCreatorKind;                            : loaded 2 times (x 65B)
Class dagger.internal.codegen.processingstep.ProcessingStepsModule_ProcessingStepsFactory: loaded 2 times (x 75B)
Class dagger.internal.codegen.DelegateComponentProcessor_MembersInjector              : loaded 2 times (x 71B)
Class dagger.internal.codegen.compileroption.ProcessingEnvironmentCompilerOptions_Factory: loaded 2 times (x 75B)
Class dagger.hilt.android.processor.internal.viewmodel.ViewModelProcessingStep        : loaded 2 times (x 83B)
Class dagger.internal.codegen.processingstep.BindingMethodProcessingStep              : loaded 2 times (x 82B)
Class [[Ldagger.internal.codegen.compileroption.ProcessingEnvironmentCompilerOptions$CommandLineOption;: loaded 2 times (x 65B)
Class org.gradle.internal.classloader.ClasspathUtil$1                                 : loaded 2 times (x 72B)
Class com.google.common.cache.CacheLoader$UnsupportedLoadingOperationException        : loaded 2 times (x 78B)
Class kotlin.Metadata                                                                 : loaded 2 times (x 66B)
Class com.google.common.reflect.TypeToken$1                                           : loaded 2 times (x 106B)
Class com.google.common.cache.LocalCache$ComputingValueReference                      : loaded 2 times (x 92B)
Class dagger.internal.codegen.writing.InaccessibleMapKeyProxyGenerator                : loaded 2 times (x 73B)
Class dagger.internal.codegen.base.DaggerSuperficialValidation$ValidationException$UnexpectedException: loaded 2 times (x 79B)
Class dagger.internal.codegen.binding.ProvisionBinding                                : loaded 2 times (x 91B)
Class dagger.internal.codegen.binding.InjectionSiteFactory                            : loaded 2 times (x 68B)
Class org.objectweb.asm.ClassWriter                                                   : loaded 2 times (x 102B)
Class com.google.common.collect.AbstractMapBasedMultimap$KeySet$1                     : loaded 2 times (x 78B)
Class dagger.hilt.processor.internal.originatingelement.OriginatingElementProcessingStep: loaded 2 times (x 83B)
Class com.google.common.reflect.TypeToken$2                                           : loaded 2 times (x 106B)
Class com.google.common.cache.LocalCache$Segment                                      : loaded 2 times (x 150B)
Class dagger.internal.codegen.componentgenerator.ComponentHjarGenerator_Factory       : loaded 2 times (x 75B)
Class dagger.internal.codegen.validation.ValidationBindingGraphPlugin                 : loaded 2 times (x 81B)
Class dagger.internal.codegen.processingstep.MonitoringModuleProcessingStep           : loaded 2 times (x 82B)
Class dagger.internal.codegen.processingstep.InjectProcessingStep_Factory             : loaded 2 times (x 75B)
Class androidx.room.processor.Context$Companion                                       : loaded 2 times (x 67B)
Class dagger.internal.Factory                                                         : loaded 2 times (x 66B)
Class dagger.internal.codegen.bindinggraphvalidation.SubcomponentFactoryMethodValidator_Factory$InstanceHolder: loaded 2 times (x 67B)
Class dagger.internal.codegen.binding.InjectionAnnotations_Factory                    : loaded 2 times (x 75B)
Class dagger.internal.codegen.binding.MonitoringModules_Factory                       : loaded 2 times (x 74B)
Class dagger.internal.codegen.validation.ComponentCreatorValidator_Factory            : loaded 2 times (x 75B)
Class dagger.internal.codegen.processingstep.AssistedFactoryProcessingStep_Factory    : loaded 2 times (x 75B)
Class [Lcom.google.common.base.Supplier;                                              : loaded 2 times (x 65B)
Class [Lorg.objectweb.asm.SymbolTable$Entry;                                          : loaded 2 times (x 65B)
Class com.google.common.cache.CacheLoader                                             : loaded 2 times (x 70B)
Class org.gradle.internal.installation.GradleInstallation$1                           : loaded 2 times (x 71B)
Class org.gradle.api.internal.classpath.ModuleRegistry                                : loaded 2 times (x 66B)
Class dagger.internal.codegen.binding.DependencyRequestFormatter                      : loaded 2 times (x 82B)
Class dagger.internal.codegen.validation.MultibindsMethodValidator                    : loaded 2 times (x 75B)
Class dagger.internal.codegen.writing.ModuleProxies_ModuleConstructorProxyGenerator_Factory: loaded 2 times (x 75B)
Class org.gradle.internal.InternalTransformer                                         : loaded 2 times (x 66B)
Class dagger.hilt.processor.internal.aliasof.AliasOfProcessingStep                    : loaded 2 times (x 83B)
Class dagger.hilt.android.processor.internal.androidentrypoint.AndroidEntryPointProcessor: loaded 2 times (x 96B)
Class org.jetbrains.org.objectweb.asm.AnnotationVisitor                               : loaded 2 times (x 73B)
Class org.apache.commons.io.output.NullWriter                                         : loaded 2 times (x 95B)
Class com.google.common.util.concurrent.internal.InternalFutureFailureAccess          : loaded 2 times (x 68B)
Class com.google.common.base.Splitter$SplittingIterator                               : loaded 2 times (x 80B)
Class dagger.internal.codegen.processingstep.ComponentHjarProcessingStep              : loaded 2 times (x 82B)
Class dagger.internal.codegen.processingstep.MapKeyProcessingStep_Factory             : loaded 2 times (x 75B)
Class com.google.common.base.CharMatcher$JavaLetterOrDigit                            : loaded 2 times (x 107B)
Class com.google.common.collect.ImmutableSortedSetFauxverideShim                      : loaded 2 times (x 143B)
Class dagger.hilt.android.processor.internal.bindvalue.BindValueMetadata              : loaded 2 times (x 69B)
Class org.jetbrains.org.objectweb.asm.ClassTooLargeException                          : loaded 2 times (x 79B)
Class [Lorg.jetbrains.org.objectweb.asm.Type;                                         : loaded 2 times (x 65B)
Class com.google.common.collect.Iterators$6                                           : loaded 2 times (x 77B)
Class com.google.common.io.Closer$SuppressingSuppressor                               : loaded 2 times (x 71B)
Class com.google.common.util.concurrent.AbstractFuture$UnsafeAtomicHelper             : loaded 2 times (x 74B)
Class com.google.common.cache.LocalCache$LocalManualCache$1                           : loaded 2 times (x 71B)
Class dagger.internal.codegen.processingstep.BindingMethodProcessingStep_Factory      : loaded 2 times (x 75B)
Class [Ldagger.internal.codegen.model.BindingGraphPlugin;                             : loaded 2 times (x 65B)
Class dagger.internal.codegen.validation.BindingElementValidator$AllowsScoping        : loaded 2 times (x 75B)
Class dagger.internal.codegen.base.Formatter                                          : loaded 2 times (x 81B)
Class dagger.internal.codegen.base.DaggerSuperficialValidation_Factory                : loaded 2 times (x 75B)
Class dagger.internal.codegen.binding.MonitoringModules_Factory$InstanceHolder        : loaded 2 times (x 67B)
Class dagger.internal.codegen.base.ClearableCache                                     : loaded 2 times (x 66B)
Class dagger.internal.codegen.ComponentProcessor                                      : loaded 2 times (x 94B)
Class com.google.common.collect.ImmutableMap$MapViewOfValuesAsSingletonSets$1         : loaded 2 times (x 78B)
Class com.google.common.collect.Multimaps$CustomSetMultimap                           : loaded 2 times (x 174B)
Class org.gradle.api.internal.classpath.DefaultModuleRegistry                         : loaded 2 times (x 82B)
Class dagger.internal.codegen.bindinggraphvalidation.BindingGraphValidationModule     : loaded 2 times (x 66B)
Class dagger.internal.codegen.bindinggraphvalidation.MapMultibindingValidator         : loaded 2 times (x 81B)
Class dagger.internal.codegen.validation.BindsInstanceParameterValidator_Factory      : loaded 2 times (x 75B)
Class dagger.internal.codegen.compileroption.ProcessingEnvironmentCompilerOptions$KeyOnlyOption$1: loaded 2 times (x 82B)
Class com.google.common.collect.ImmutableSetMultimap$EntrySet                         : loaded 2 times (x 142B)
Class dagger.spi.BindingGraphPlugin                                                   : loaded 2 times (x 66B)
Class dagger.internal.codegen.binding.ProvisionBinding$Builder                        : loaded 2 times (x 84B)
Class dagger.hilt.processor.internal.BadInputException                                : loaded 2 times (x 78B)
Class dagger.internal.codegen.writing.MembersInjectorGenerator                        : loaded 2 times (x 73B)
Class dagger.internal.codegen.binding.BindingGraphFactory                             : loaded 2 times (x 71B)
Class dagger.internal.codegen.validation.ComponentHierarchyValidator_Factory          : loaded 2 times (x 75B)
Class dagger.internal.codegen.base.SourceFileHjarGenerator                            : loaded 2 times (x 73B)
Class androidx.room.util.SimpleJavaVersion                                            : loaded 2 times (x 71B)
Class org.gradle.kotlin.dsl.VersionCatalogAccessorsKt                                 : loaded 2 times (x 67B)
Class com.google.common.collect.Lists$StringAsImmutableList                           : loaded 2 times (x 203B)
Class kotlin.collections.IndexedValue                                                 : loaded 2 times (x 68B)
Class org.jetbrains.org.objectweb.asm.AnnotationWriter                                : loaded 2 times (x 74B)
Class org.jetbrains.kotlin.build.report.metrics.GradleBuildTime$Companion             : loaded 2 times (x 67B)
Class com.google.common.util.concurrent.ListenableFuture                              : loaded 2 times (x 66B)
Class com.google.common.cache.ReferenceEntry                                          : loaded 2 times (x 66B)
Class com.google.common.collect.Lists                                                 : loaded 2 times (x 67B)
Class com.google.common.base.CharMatcher$Any                                          : loaded 2 times (x 108B)
Class dagger.internal.codegen.compileroption.ProcessingEnvironmentCompilerOptions$KeyOnlyOption$2: loaded 2 times (x 82B)
Class com.google.common.util.concurrent.UncheckedExecutionException                   : loaded 2 times (x 78B)
Class com.google.common.io.ByteSink$AsCharSink                                        : loaded 2 times (x 76B)
Class [Lorg.jetbrains.kotlin.build.report.metrics.BuildTime;                          : loaded 2 times (x 65B)
Class dagger.internal.codegen.binding.BindingGraphFactory_Factory                     : loaded 2 times (x 75B)
Class dagger.internal.codegen.validation.BindingGraphValidator_Factory                : loaded 2 times (x 75B)
Class dagger.internal.codegen.binding.ContributionBinding$Builder                     : loaded 2 times (x 79B)
Class androidx.room.compiler.processing.javac.JavacBasicAnnotationProcessor           : loaded 2 times (x 94B)
Class com.google.common.util.concurrent.AbstractFuture                                : loaded 2 times (x 102B)
Class com.google.common.base.FunctionalEquivalence                                    : loaded 2 times (x 79B)
Class dagger.internal.codegen.DelegateComponentProcessor_SourceFileGeneratorsModule_ProducerFactoryGeneratorFactory: loaded 2 times (x 75B)
Class dagger.internal.codegen.validation.BindsInstanceElementValidator                : loaded 2 times (x 74B)
Class dagger.internal.codegen.validation.BindsMethodValidator                         : loaded 2 times (x 74B)
Class dagger.internal.codegen.processingstep.TypeCheckingProcessingStep_MembersInjector: loaded 2 times (x 71B)
Class dagger.internal.codegen.writing.FactoryGenerator                                : loaded 2 times (x 73B)
Class dagger.internal.codegen.processingstep.InjectProcessingStep                     : loaded 2 times (x 82B)
Class dagger.internal.codegen.bindinggraphvalidation.DuplicateBindingsValidator_Factory: loaded 2 times (x 75B)
Class dagger.spi.internal.shaded.androidx.room.compiler.processing.javac.JavacProcessingEnv: loaded 2 times (x 112B)
Class dagger.internal.codegen.validation.BindsInstanceMethodValidator                 : loaded 2 times (x 74B)
Class dagger.internal.codegen.binding.MultibindingDeclaration$Factory                 : loaded 2 times (x 68B)
Class com.google.common.io.CharStreams                                                : loaded 2 times (x 67B)
Class com.google.common.reflect.TypeResolver$TypeTable                                : loaded 2 times (x 69B)
Class org.objectweb.asm.RecordComponentVisitor                                        : loaded 2 times (x 73B)
Class com.google.common.cache.CacheLoader$SupplierToCacheLoader                       : loaded 2 times (x 71B)
Class dagger.internal.codegen.validation.SpiModelBindingGraphConverter                : loaded 2 times (x 67B)
Class dagger.internal.codegen.writing.ProducerFactoryGenerator$NoArgFutureTransform   : loaded 2 times (x 74B)
Class dagger.internal.codegen.compileroption.ValidationType                           : loaded 2 times (x 75B)
Class com.google.common.base.CharMatcher$RangesMatcher                                : loaded 2 times (x 108B)
Class com.google.common.util.concurrent.AbstractFuture$Trusted                        : loaded 2 times (x 66B)
Class dagger.hilt.processor.internal.JavacBaseProcessingStepProcessor                 : loaded 2 times (x 96B)
Class androidx.room.RoomProcessor                                                     : loaded 2 times (x 94B)
Class com.google.common.collect.Range                                                 : loaded 2 times (x 83B)
Class [Lkotlin.Pair;                                                                  : loaded 2 times (x 65B)
Class com.google.common.reflect.TypeResolver$TypeTable$1                              : loaded 2 times (x 69B)
Class org.gradle.internal.service.ServiceLookupException                              : loaded 2 times (x 78B)
Class dagger.internal.codegen.writing.FactoryGenerator_Factory                        : loaded 2 times (x 75B)
Class dagger.internal.codegen.binding.InjectionAnnotations                            : loaded 2 times (x 68B)
Class com.google.common.base.Optional                                                 : loaded 2 times (x 76B)
Class dagger.internal.codegen.binding.DependencyRequestFormatter_Factory              : loaded 2 times (x 75B)
Class kotlin.io.LinesSequence$iterator$1                                              : loaded 2 times (x 75B)
Class [Lcom.google.common.cache.LocalCache$EntryFactory;                              : loaded 2 times (x 65B)
Class com.google.common.base.CharMatcher$JavaLetter                                   : loaded 2 times (x 107B)
Class org.gradle.internal.classloader.ClassLoaderFactory                              : loaded 2 times (x 66B)
Class dagger.internal.codegen.validation.ProducesMethodValidator$Validator            : loaded 2 times (x 76B)
Class dagger.internal.codegen.processingstep.MonitoringModuleGenerator_Factory        : loaded 2 times (x 75B)
Class dagger.spi.internal.shaded.androidx.room.compiler.processing.XProcessingEnvConfig$Companion: loaded 2 times (x 67B)
Class dagger.internal.codegen.validation.InjectValidator_Factory                      : loaded 2 times (x 75B)
Class dagger.spi.model.BindingGraphPlugin                                             : loaded 2 times (x 66B)
Class dagger.internal.codegen.extension.DaggerStreams                                 : loaded 2 times (x 67B)
Class [Landroidx.room.processor.Context$ProcessorOptions;                             : loaded 2 times (x 65B)
Class com.google.common.collect.ImmutableMap$SerializedForm                           : loaded 2 times (x 69B)
Class org.apache.commons.io.CloseableURLConnection                                    : loaded 2 times (x 113B)
Class com.google.common.cache.LocalCache$LocalManualCache                             : loaded 2 times (x 95B)
Class com.google.common.base.CommonPattern                                            : loaded 2 times (x 70B)
Class org.gradle.internal.service.CachingServiceLocator                               : loaded 2 times (x 78B)
Class dagger.internal.codegen.validation.AnyBindingMethodValidator_Factory            : loaded 2 times (x 75B)
Class dagger.internal.codegen.validation.DiagnosticReporterFactory_Factory            : loaded 2 times (x 75B)
Class dagger.internal.codegen.validation.BindingMethodValidator$MethodValidator       : loaded 2 times (x 76B)
Class dagger.spi.internal.shaded.androidx.room.compiler.processing.javac.JavacProcessingEnv$typeElementStore$1: loaded 2 times (x 75B)
Class dagger.internal.codegen.DelegateComponentProcessor_SourceFileGeneratorsModule_ModuleConstructorProxyGeneratorFactory: loaded 2 times (x 75B)
Class dagger.internal.codegen.componentgenerator.ComponentGenerator                   : loaded 2 times (x 73B)
Class dagger.hilt.processor.internal.root.RootProcessor                               : loaded 2 times (x 96B)
Class dagger.hilt.processor.internal.generatesrootinput.GeneratesRootInputProcessor   : loaded 2 times (x 96B)
Class dagger.spi.internal.shaded.androidx.room.compiler.processing.javac.JavacBasicAnnotationProcessor$xEnv$2: loaded 2 times (x 75B)
Class androidx.room.compiler.processing.javac.JavacBasicAnnotationProcessor$steps$2   : loaded 2 times (x 75B)
Class com.google.common.collect.AbstractMapBasedMultimap$KeySet                       : loaded 2 times (x 133B)
Class dagger.internal.codegen.writing.ProducerFactoryGenerator                        : loaded 2 times (x 73B)
Class dagger.internal.codegen.compileroption.ProcessingEnvironmentCompilerOptions$KeyOnlyOption: loaded 2 times (x 82B)
Class com.google.common.util.concurrent.AbstractFuture$UnsafeAtomicHelper$1           : loaded 2 times (x 72B)
Class dagger.spi.internal.shaded.androidx.room.compiler.processing.javac.JavacProcessingEnv$typeElementStore$2: loaded 2 times (x 74B)
Class com.google.common.collect.ImmutableRangeSet$1                                   : loaded 2 times (x 205B)
Class dagger.hilt.processor.internal.definecomponent.DefineComponentProcessingStep    : loaded 2 times (x 83B)
Class org.jetbrains.kotlin.build.report.metrics.BuildTime                             : loaded 2 times (x 66B)
Class com.google.common.collect.MapMakerInternalMap$InternalEntry                     : loaded 2 times (x 66B)
Class com.google.common.reflect.Types$TypeVariableInvocationHandler                   : loaded 2 times (x 71B)
Class com.google.common.collect.Iterators$10                                          : loaded 2 times (x 77B)
Class com.google.common.base.CharMatcher$JavaDigit                                    : loaded 2 times (x 107B)
Class dagger.internal.codegen.bindinggraphvalidation.NullableBindingValidator         : loaded 2 times (x 81B)
Class dagger.internal.codegen.kotlin.KotlinMetadataFactory_Factory$InstanceHolder     : loaded 2 times (x 67B)
Class dagger.internal.codegen.bindinggraphvalidation.CompositeBindingGraphPlugin_Factory_Impl: loaded 2 times (x 71B)
Class dagger.internal.codegen.model.DiagnosticReporter                                : loaded 2 times (x 71B)
Class dagger.spi.internal.shaded.androidx.room.compiler.processing.javac.JavacProcessingEnv$typeElementStore$3: loaded 2 times (x 75B)
Class [Ldagger.internal.codegen.base.ComponentCreatorAnnotation;                      : loaded 2 times (x 65B)
Class org.jetbrains.org.objectweb.asm.Type                                            : loaded 2 times (x 68B)
Class org.jetbrains.kotlin.build.report.metrics.DoNothingBuildMetricsReporter         : loaded 2 times (x 82B)
Class com.google.common.base.Predicates                                               : loaded 2 times (x 67B)
Class com.google.common.base.Equivalence                                              : loaded 2 times (x 78B)
Class com.google.common.cache.LocalCache$2                                            : loaded 2 times (x 138B)
Class dagger.internal.codegen.processingstep.ComponentHjarProcessingStep_Factory      : loaded 2 times (x 75B)
Class dagger.internal.codegen.DaggerDelegateComponentProcessor_Injector$TopLevelImplementationComponentFactory: loaded 2 times (x 71B)
Class dagger.internal.codegen.base.ElementFormatter                                   : loaded 2 times (x 81B)
Class [Ldagger.internal.codegen.compileroption.ProcessingEnvironmentCompilerOptions$KeyOnlyOption;: loaded 2 times (x 65B)
Class com.google.common.collect.ImmutableList$Builder                                 : loaded 2 times (x 73B)
Class com.google.common.collect.Sets$ImprovedAbstractSet                              : loaded 2 times (x 131B)
Class androidx.room.compiler.processing.XProcessingEnv$Platform                       : loaded 2 times (x 75B)
Class org.jetbrains.org.objectweb.asm.TypePath                                        : loaded 2 times (x 68B)
Class org.apache.commons.io.output.AbstractByteArrayOutputStream                      : loaded 2 times (x 98B)
Class com.google.common.cache.CacheBuilder$OneWeigher                                 : loaded 2 times (x 78B)
Class dagger.internal.codegen.base.$AutoValue_ComponentAnnotation                     : loaded 2 times (x 72B)
Class dagger.internal.codegen.compileroption.ProcessingEnvironmentCompilerOptions$Validation: loaded 2 times (x 89B)
Class dagger.internal.codegen.ProcessingEnvironmentModule                             : loaded 2 times (x 66B)
Class dagger.internal.codegen.ServiceLoaders$1                                        : loaded 2 times (x 67B)
Class dagger.hilt.processor.internal.optionvalues.BooleanValue                        : loaded 2 times (x 75B)
Class com.google.common.collect.AbstractSetMultimap                                   : loaded 2 times (x 170B)
Class com.google.common.reflect.Types$ClassOwnership$1LocalClass                      : loaded 2 times (x 67B)
Class com.google.common.collect.Maps$EntryFunction                                    : loaded 2 times (x 87B)
Class com.google.common.collect.ImmutableBiMapFauxverideShim                          : loaded 2 times (x 116B)
Class org.gradle.internal.classloader.ClasspathUtil                                   : loaded 2 times (x 67B)
Class dagger.internal.codegen.model.BindingGraphPlugin                                : loaded 2 times (x 66B)
Class dagger.internal.codegen.validation.MultibindsMethodValidator$Validator          : loaded 2 times (x 76B)
Class dagger.internal.codegen.processingstep.AssistedProcessingStep_Factory           : loaded 2 times (x 75B)
Class dagger.hilt.android.processor.internal.viewmodel.ViewModelValidationPlugin      : loaded 2 times (x 79B)
Class com.google.common.io.ByteSource$ByteArrayByteSource                             : loaded 2 times (x 81B)
Class androidx.room.processor.Context                                                 : loaded 2 times (x 68B)
Class com.google.common.reflect.TypeToken$SimpleTypeToken                             : loaded 2 times (x 69B)
Class com.google.common.base.Charsets                                                 : loaded 2 times (x 67B)
Class com.google.common.util.concurrent.Uninterruptibles                              : loaded 2 times (x 67B)
Class dagger.internal.codegen.componentgenerator.ComponentGeneratorModule_ComponentHjarGeneratorFactory: loaded 2 times (x 75B)
Class dagger.internal.codegen.validation.ComponentDescriptorValidator_Factory         : loaded 2 times (x 75B)
Class dagger.internal.codegen.bindinggraphvalidation.ProvisionDependencyOnProducerBindingValidator: loaded 2 times (x 81B)
Class dagger.internal.codegen.processingstep.TypeCheckingProcessingStep               : loaded 2 times (x 82B)
Class dagger.internal.codegen.binding.SourceFiles_Factory                             : loaded 2 times (x 74B)
Class com.google.common.collect.MapMakerInternalMap$AbstractStrongKeyEntry            : loaded 2 times (x 76B)
Class androidx.room.compiler.processing.javac.JavacProcessingEnv                      : loaded 2 times (x 117B)
Class dagger.hilt.processor.internal.HiltCompilerOptions$EnumOption                   : loaded 2 times (x 68B)
Class dagger.Lazy                                                                     : loaded 2 times (x 66B)
Class dagger.internal.codegen.binding.MethodSignatureFormatter                        : loaded 2 times (x 82B)
Class dagger.internal.codegen.writing.AnnotationCreatorGenerator                      : loaded 2 times (x 76B)
Class org.jetbrains.org.objectweb.asm.ModuleVisitor                                   : loaded 2 times (x 76B)
Class com.google.common.io.CharSource                                                 : loaded 2 times (x 81B)
Class com.google.common.collect.AbstractMapBasedMultimap$WrappedSet                   : loaded 2 times (x 138B)
Class com.google.common.base.CharMatcher$JavaUpperCase                                : loaded 2 times (x 107B)
Class org.gradle.api.specs.Spec                                                       : loaded 2 times (x 66B)
Class dagger.internal.codegen.binding.ProductionBinding                               : loaded 2 times (x 91B)
Class dagger.internal.codegen.validation.ExternalBindingGraphPlugins                  : loaded 2 times (x 68B)
Class dagger.internal.codegen.validation.ProvidesMethodValidator$Validator            : loaded 2 times (x 76B)
Class dagger.internal.codegen.binding.MultibindingDeclaration_Factory_Factory         : loaded 2 times (x 75B)
Class dagger.internal.codegen.binding.ModuleDescriptor                                : loaded 2 times (x 77B)
Class com.google.common.cache.LocalCache$1                                            : loaded 2 times (x 85B)
Class org.apache.commons.io.FileExistsException                                       : loaded 2 times (x 78B)
Class org.apache.commons.io.file.PathFilter                                           : loaded 2 times (x 66B)
Class com.google.common.collect.MapMaker                                              : loaded 2 times (x 68B)
Class com.google.common.reflect.Types$JavaVersion                                     : loaded 2 times (x 79B)
Class dagger.internal.codegen.validation.ProducesMethodValidator_Factory              : loaded 2 times (x 75B)
Class [Lkotlin.Function;                                                              : loaded 2 times (x 65B)
Class kotlin.sequences.TransformingSequence$iterator$1                                : loaded 2 times (x 75B)
Class dagger.spi.internal.shaded.androidx.room.compiler.processing.javac.JavacBasicAnnotationProcessor: loaded 2 times (x 94B)
Class dagger.spi.internal.shaded.androidx.room.compiler.processing.javac.JavacProcessingEnvMessager$Companion: loaded 2 times (x 67B)
Class androidx.room.DatabaseProcessingStep$Companion                                  : loaded 2 times (x 67B)
Class org.jetbrains.org.objectweb.asm.Symbol                                          : loaded 2 times (x 69B)
Class com.google.common.collect.Sets$3$1                                              : loaded 2 times (x 78B)
Class com.google.common.cache.LocalCache$LoadingValueReference                        : loaded 2 times (x 92B)
Class com.google.common.collect.Iterators$SingletonIterator                           : loaded 2 times (x 77B)
Class dagger.internal.codegen.binding.MultibindingDeclaration                         : loaded 2 times (x 74B)
Class dagger.internal.codegen.writing.UnwrappedMapKeyGenerator_Factory                : loaded 2 times (x 75B)
Class dagger.internal.codegen.writing.ModuleProxies$ModuleConstructorProxyGenerator   : loaded 2 times (x 73B)
Class dagger.internal.codegen.compileroption.ProcessingEnvironmentCompilerOptions$CommandLineOption: loaded 2 times (x 66B)
Class dagger.internal.codegen.validation.ComponentValidator_Factory                   : loaded 2 times (x 75B)
Class dagger.internal.codegen.validation.DiagnosticReporterFactory$DiagnosticReporterImpl: loaded 2 times (x 72B)
Class org.gradle.internal.service.ServiceLocator                                      : loaded 2 times (x 66B)
Class [Lorg.objectweb.asm.Type;                                                       : loaded 2 times (x 65B)
Class [Lorg.objectweb.asm.Attribute;                                                  : loaded 2 times (x 65B)
Class org.jetbrains.kotlin.build.report.metrics.GradleBuildTime                       : loaded 2 times (x 82B)
Class com.google.common.collect.MapMakerInternalMap$StrongKeyDummyValueEntry          : loaded 2 times (x 78B)
Class com.google.common.io.LineReader$1                                               : loaded 2 times (x 71B)
Class com.google.common.collect.AbstractMapBasedMultimap$AsMap                        : loaded 2 times (x 124B)
Class com.google.common.reflect.Invokable$MethodInvokable                             : loaded 2 times (x 103B)
Class com.google.common.base.Platform                                                 : loaded 2 times (x 67B)
Class dagger.internal.codegen.validation.ProvidesMethodValidator                      : loaded 2 times (x 74B)
Class dagger.internal.codegen.DelegateComponentProcessor_SourceFileGeneratorsModule_FactoryGeneratorFactory: loaded 2 times (x 75B)
Class dagger.hilt.android.processor.internal.androidentrypoint.AndroidEntryPointProcessingStep: loaded 2 times (x 83B)
Class dagger.internal.codegen.validation.MultibindsMethodValidator_Factory            : loaded 2 times (x 75B)
Class dagger.internal.codegen.binding.BindingGraphConverter                           : loaded 2 times (x 68B)
Class dagger.internal.codegen.validation.DiagnosticMessageGenerator$Factory           : loaded 2 times (x 68B)
Class dagger.internal.codegen.binding.BindingGraph$TopLevelBindingGraph               : loaded 2 times (x 95B)
Class com.google.common.base.MoreObjects                                              : loaded 2 times (x 67B)
Class com.google.common.collect.AbstractMapBasedMultimap$WrappedList                  : loaded 2 times (x 201B)
Class [Lorg.objectweb.asm.AnnotationWriter;                                           : loaded 2 times (x 65B)
Class com.google.common.primitives.Ints$IntConverter                                  : loaded 2 times (x 86B)
Class dagger.internal.codegen.base.SourceFileGenerator                                : loaded 2 times (x 73B)
Class dagger.internal.codegen.binding.SourceFiles                                     : loaded 2 times (x 67B)
Class com.google.common.reflect.TypeResolver$TypeVariableKey                          : loaded 2 times (x 68B)
Class dagger.internal.codegen.DaggerDelegateComponentProcessor_Injector               : loaded 2 times (x 67B)
Class com.google.common.collect.EmptyImmutableListMultimap                            : loaded 2 times (x 172B)
Class org.apache.commons.io.output.ByteArrayOutputStream                              : loaded 2 times (x 98B)
Class dagger.spi.internal.shaded.androidx.room.compiler.processing.XProcessingStep    : loaded 2 times (x 66B)
Class kotlin.collections.ArrayAsCollection                                            : loaded 2 times (x 101B)
Class [Lcom.google.common.collect.Iterators$EmptyModifiableIterator;                  : loaded 2 times (x 65B)
Class com.google.common.base.Predicates$CompositionPredicate                          : loaded 2 times (x 84B)
Class com.google.common.collect.ImmutableRangeSet$Builder                             : loaded 2 times (x 73B)
Class com.google.common.cache.LocalCache$StrongValueReference                         : loaded 2 times (x 86B)
Class com.google.common.util.concurrent.AbstractFuture$SynchronizedHelper             : loaded 2 times (x 74B)
Class com.google.common.base.CharMatcher$Invisible                                    : loaded 2 times (x 108B)
Class dagger.internal.codegen.base.ComponentCreatorKind                               : loaded 2 times (x 75B)
Class dagger.spi.internal.shaded.androidx.room.compiler.processing.compat.XConverters : loaded 2 times (x 67B)
Class dagger.internal.codegen.javapoet.TypeNames                                      : loaded 2 times (x 67B)
Class dagger.internal.codegen.validation.ModuleValidator_Factory                      : loaded 2 times (x 75B)
Class dagger.internal.codegen.validation.BindsOptionalOfMethodValidator_Factory       : loaded 2 times (x 75B)
Class dagger.internal.codegen.bindinggraphvalidation.CompositeBindingGraphPlugin$Factory: loaded 2 times (x 66B)
Class dagger.internal.codegen.binding.MethodSignatureFormatter$1                      : loaded 2 times (x 83B)
Class com.google.common.cache.CacheLoader$FunctionToCacheLoader                       : loaded 2 times (x 71B)
Class org.objectweb.asm.Type                                                          : loaded 2 times (x 68B)
Class org.gradle.internal.classloader.VisitableURLClassLoader$InstrumentingVisitableURLClassLoader: loaded 2 times (x 119B)
Class [Ldagger.internal.codegen.validation.BindingElementValidator$AllowsScoping;     : loaded 2 times (x 65B)
Class dagger.internal.codegen.validation.BindingMethodValidator                       : loaded 2 times (x 74B)
Class dagger.internal.codegen.processingstep.MonitoringModuleProcessingStep_Factory   : loaded 2 times (x 75B)
Class dagger.internal.codegen.base.DaggerSuperficialValidation$ValidationException$UnknownErrorType: loaded 2 times (x 79B)
Class [Ldagger.internal.codegen.compileroption.ProcessingEnvironmentCompilerOptions$EnumOption;: loaded 2 times (x 65B)
Class dagger.internal.codegen.bindinggraphvalidation.InjectBindingValidator_Factory   : loaded 2 times (x 75B)
Class dagger.spi.internal.shaded.androidx.room.compiler.processing.XMessager          : loaded 2 times (x 69B)
Class com.google.common.collect.ImmutableRangeSet$AsSet                               : loaded 2 times (x 295B)
Class com.google.common.collect.Maps$IteratorBasedAbstractMap$1                       : loaded 2 times (x 134B)
Class com.google.common.reflect.Types$ParameterizedTypeImpl                           : loaded 2 times (x 77B)
Class org.apache.commons.io.output.UnsynchronizedByteArrayOutputStream                : loaded 2 times (x 98B)
Class [Lorg.jetbrains.org.objectweb.asm.SymbolTable$Entry;                            : loaded 2 times (x 65B)
Class androidx.room.processor.Context$BooleanProcessorOptions                         : loaded 2 times (x 76B)
Class dagger.spi.internal.shaded.androidx.room.compiler.processing.javac.JavacBasicAnnotationProcessor$steps$2: loaded 2 times (x 75B)
Class dagger.spi.internal.shaded.androidx.room.compiler.processing.XFiler             : loaded 2 times (x 66B)
Class org.apache.commons.io.FileUtils                                                 : loaded 2 times (x 67B)
Class com.google.common.collect.MapMakerInternalMap$StrongKeyDummyValueEntry$Helper   : loaded 2 times (x 75B)
Class com.google.common.io.Files$FileByteSink                                         : loaded 2 times (x 73B)
Class org.objectweb.asm.ByteVector                                                    : loaded 2 times (x 75B)
Class [Lcom.google.common.cache.CacheBuilder$NullListener;                            : loaded 2 times (x 65B)
Class org.gradle.internal.classloader.VisitableURLClassLoader$Spec                    : loaded 2 times (x 70B)
Class org.gradle.internal.classpath.DefaultClassPath                                  : loaded 2 times (x 86B)
Class [Ldagger.internal.codegen.validation.ValidationBindingGraphPlugin;              : loaded 2 times (x 65B)
Class dagger.internal.codegen.binding.ModuleDescriptor$Factory                        : loaded 2 times (x 71B)
Class dagger.internal.codegen.processingstep.BindsInstanceProcessingStep_Factory      : loaded 2 times (x 75B)
Class dagger.internal.codegen.validation.BindingMethodValidator$ExceptionSuperclass$1 : loaded 2 times (x 77B)
Class dagger.internal.codegen.writing.UnwrappedMapKeyGenerator                        : loaded 2 times (x 76B)
Class dagger.spi.internal.shaded.androidx.room.compiler.processing.XExecutableType    : loaded 2 times (x 66B)
Class dagger.internal.codegen.bindinggraphvalidation.SetMultibindingValidator_Factory$InstanceHolder: loaded 2 times (x 67B)
Class dagger.internal.codegen.bindinggraphvalidation.MissingBindingValidator_Factory  : loaded 2 times (x 75B)
Class dagger.internal.codegen.binding.ModuleDescriptor_Factory_Factory                : loaded 2 times (x 75B)
Class dagger.internal.codegen.binding.DelegateDeclaration_Factory_Factory             : loaded 2 times (x 75B)
Class dagger.internal.codegen.binding.KeyFactory                                      : loaded 2 times (x 68B)
Class dagger.spi.internal.shaded.androidx.room.compiler.processing.XTypeElement       : loaded 2 times (x 66B)
Class org.gradle.internal.classloader.InstrumentingClassLoader                        : loaded 2 times (x 66B)
Class org.gradle.internal.classpath.TransformedClassPath                              : loaded 2 times (x 92B)
Class com.google.common.cache.CacheBuilder$NullListener                               : loaded 2 times (x 78B)
Class [Lorg.jetbrains.kotlin.build.report.metrics.GradleBuildTime;                    : loaded 2 times (x 65B)
Class com.google.common.reflect.Types$ClassOwnership                                  : loaded 2 times (x 76B)
Class org.objectweb.asm.Symbol                                                        : loaded 2 times (x 69B)
Class com.google.common.base.AbstractIterator                                         : loaded 2 times (x 76B)
Class dagger.internal.codegen.validation.BindingMethodValidator$ExceptionSuperclass$2 : loaded 2 times (x 77B)
Class dagger.internal.codegen.base.ContributionType$HasContributionType               : loaded 2 times (x 66B)
Class org.objectweb.asm.FieldWriter                                                   : loaded 2 times (x 74B)
Class com.google.common.reflect.Invokable                                             : loaded 2 times (x 99B)
Class dagger.internal.codegen.kotlin.KotlinMetadataUtil                               : loaded 2 times (x 68B)
Class dagger.internal.codegen.binding.BindingDeclarationFormatter_Factory             : loaded 2 times (x 75B)
Class dagger.hilt.android.processor.internal.bindvalue.AutoValue_BindValueMetadata    : loaded 2 times (x 70B)
Class com.google.common.collect.MapMaker$Dummy                                        : loaded 2 times (x 75B)
Class dagger.spi.internal.shaded.androidx.room.compiler.processing.javac.JavacBasicAnnotationProcessor$commonDelegate$2: loaded 2 times (x 75B)
Class dagger.spi.internal.shaded.androidx.room.compiler.processing.XBasicAnnotationProcessor: loaded 2 times (x 66B)
Class androidx.room.compiler.processing.XBasicAnnotationProcessor                     : loaded 2 times (x 66B)
Class com.google.common.io.Java8Compatibility                                         : loaded 2 times (x 67B)
Class com.google.common.collect.Sets$FilteredSet                                      : loaded 2 times (x 133B)
Class com.google.common.io.Closer                                                     : loaded 2 times (x 74B)
Class com.google.common.base.CharMatcher$Ascii                                        : loaded 2 times (x 108B)
Class org.gradle.internal.classloader.ClassLoaderSpec                                 : loaded 2 times (x 67B)
Class dagger.internal.codegen.binding.BindingDeclarationFormatter                     : loaded 2 times (x 82B)
Class dagger.internal.codegen.binding.$AutoValue_ComponentDescriptor                  : loaded 2 times (x 85B)
Class dagger.internal.codegen.binding.AutoValue_MultibindingDeclaration               : loaded 2 times (x 75B)
Class dagger.internal.codegen.validation.BindingMethodValidator$ExceptionSuperclass$3 : loaded 2 times (x 77B)
Class dagger.spi.internal.shaded.androidx.room.compiler.processing.XExecutableElement : loaded 2 times (x 66B)
Class dagger.spi.internal.shaded.androidx.room.compiler.processing.XHasModifiers      : loaded 2 times (x 66B)
Class dagger.internal.codegen.validation.InjectBindingRegistryImpl_Factory            : loaded 2 times (x 75B)
Class dagger.internal.codegen.validation.BindingElementValidator$AllowsMultibindings  : loaded 2 times (x 75B)
Class dagger.hilt.android.processor.internal.bindvalue.BindValueProcessingStep        : loaded 2 times (x 83B)
Class kotlin.jvm.internal.FunctionReferenceImpl                                       : loaded 2 times (x 118B)
Class com.google.common.io.ByteSource$EmptyByteSource                                 : loaded 2 times (x 81B)
Class org.objectweb.asm.AnnotationWriter                                              : loaded 2 times (x 75B)
Class com.google.common.cache.CacheStats                                              : loaded 2 times (x 67B)
Class dagger.MembersInjector                                                          : loaded 2 times (x 66B)
Class dagger.spi.internal.shaded.androidx.room.compiler.processing.XMemberContainer   : loaded 2 times (x 66B)
Class dagger.internal.codegen.processingstep.BindsInstanceProcessingStep              : loaded 2 times (x 82B)
Class dagger.spi.model.DiagnosticReporter                                             : loaded 2 times (x 71B)
Class dagger.internal.codegen.processingstep.SuperficialValidator_Factory             : loaded 2 times (x 75B)
Class com.google.common.base.Splitter$1                                               : loaded 2 times (x 73B)
Class dagger.hilt.android.processor.internal.bindvalue.BindValueProcessor             : loaded 2 times (x 96B)
Class com.google.common.cache.LocalCache$Strength$3                                   : loaded 2 times (x 77B)
Class com.google.common.io.ByteStreams                                                : loaded 2 times (x 67B)
Class com.google.common.collect.Interners                                             : loaded 2 times (x 67B)
Class com.google.common.io.LineProcessor                                              : loaded 2 times (x 66B)
Class com.google.common.io.Closer$Suppressor                                          : loaded 2 times (x 66B)
Class org.objectweb.asm.RecordComponentWriter                                         : loaded 2 times (x 74B)
Class com.google.common.util.concurrent.AbstractFuture$Listener                       : loaded 2 times (x 68B)
Class Settings_gradle$1$1                                                             : loaded 2 times (x 70B)
Class dagger.internal.codegen.validation.ComponentValidator                           : loaded 2 times (x 71B)
Class dagger.internal.codegen.writing.ProducerFactoryGenerator$FutureTransform        : loaded 2 times (x 74B)
Class dagger.internal.codegen.validation.BindsInstanceMethodValidator_Factory         : loaded 2 times (x 75B)
Class dagger.internal.codegen.validation.DiagnosticMessageGenerator_Factory_Factory   : loaded 2 times (x 75B)
Class com.google.common.collect.TransformedIterator                                   : loaded 2 times (x 76B)
Class dagger.spi.internal.shaded.androidx.room.compiler.processing.XElement           : loaded 2 times (x 66B)
Class [Lcom.google.common.collect.Maps$EntryFunction;                                 : loaded 2 times (x 65B)
Class com.google.common.collect.Interner                                              : loaded 2 times (x 66B)
Class [Lorg.objectweb.asm.Label;                                                      : loaded 2 times (x 65B)
Class org.objectweb.asm.Attribute                                                     : loaded 2 times (x 73B)
Class org.gradle.internal.classloader.VisitableURLClassLoader                         : loaded 2 times (x 113B)
Class dagger.internal.codegen.bindinggraphvalidation.DependencyCycleValidator         : loaded 2 times (x 81B)
Class dagger.internal.codegen.bindinggraphvalidation.SubcomponentFactoryMethodValidator_Factory: loaded 2 times (x 74B)
Class [Lnet.ltgt.gradle.incap.IncrementalAnnotationProcessorType;                     : loaded 2 times (x 65B)
Class com.google.common.collect.Interners$InternerImpl                                : loaded 2 times (x 71B)
Class dagger.internal.Provider                                                        : loaded 2 times (x 66B)
Class androidx.room.compiler.processing.javac.JavacBasicAnnotationProcessor$commonDelegate$2: loaded 2 times (x 75B)
Class dagger.internal.codegen.bindinggraphvalidation.IncompatiblyScopedBindingsValidator_Factory: loaded 2 times (x 75B)
Class com.google.common.collect.ImmutableList$SerializedForm                          : loaded 2 times (x 69B)
Class com.google.common.util.concurrent.AbstractFuture$Waiter                         : loaded 2 times (x 68B)
Class Settings_gradle                                                                 : loaded 2 times (x 124B)
Class org.gradle.internal.Cast                                                        : loaded 2 times (x 67B)
Class org.gradle.api.Action                                                           : loaded 2 times (x 66B)
Class dagger.internal.codegen.validation.BindingElementValidator$ElementValidator     : loaded 2 times (x 73B)
Class dagger.internal.codegen.bindinggraphvalidation.BindingGraphValidationModule_ProvidePluginsFactory: loaded 2 times (x 75B)
Class dagger.internal.codegen.validation.BindingMethodValidatorsModule                : loaded 2 times (x 66B)
Class dagger.hilt.processor.internal.root.RootType                                    : loaded 2 times (x 75B)
Class dagger.spi.internal.shaded.androidx.room.compiler.processing.javac.JavacProcessingEnv$Companion: loaded 2 times (x 67B)
Class dagger.internal.codegen.binding.SubcomponentDeclaration$Factory                 : loaded 2 times (x 69B)
Class com.google.common.collect.MapMakerInternalMap                                   : loaded 2 times (x 157B)
Class com.google.common.base.Strings                                                  : loaded 2 times (x 67B)
Class org.objectweb.asm.Handler                                                       : loaded 2 times (x 68B)
Class com.google.common.base.Ticker                                                   : loaded 2 times (x 68B)
Class dagger.internal.codegen.processingstep.MapKeyProcessingStep                     : loaded 2 times (x 82B)
Class com.google.common.cache.LocalCache$Strength$2                                   : loaded 2 times (x 77B)
Class com.google.common.util.concurrent.SettableFuture                                : loaded 2 times (x 110B)
Class com.google.common.collect.Collections2$FilteredCollection                       : loaded 2 times (x 115B)
Class com.google.common.reflect.Types$ClassOwnership$3                                : loaded 2 times (x 67B)
Class org.apache.commons.io.output.QueueOutputStream                                  : loaded 2 times (x 83B)
Class androidx.room.Database                                                          : loaded 2 times (x 66B)
Class dagger.spi.internal.shaded.androidx.room.compiler.processing.javac.JavacBasicAnnotationProcessor$2: loaded 2 times (x 75B)
Class com.google.common.cache.RemovalCause$1                                          : loaded 2 times (x 76B)
Class [Lcom.google.common.cache.LocalCache$Segment;                                   : loaded 2 times (x 65B)
Class [Lcom.google.common.cache.LocalCache$Strength;                                  : loaded 2 times (x 65B)
Class com.google.common.cache.CacheBuilder$1                                          : loaded 2 times (x 81B)
Class org.gradle.internal.classpath.DefaultClassPath$ImmutableUniqueList$Builder      : loaded 2 times (x 71B)
Class dagger.internal.codegen.model.BindingGraph                                      : loaded 2 times (x 89B)
Class dagger.internal.codegen.binding.MembersInjectionBinding                         : loaded 2 times (x 81B)
Class com.google.common.collect.EmptyImmutableSetMultimap                             : loaded 2 times (x 176B)
Class dagger.internal.codegen.validation.ProducesMethodValidator                      : loaded 2 times (x 74B)
Class dagger.internal.codegen.componentgenerator.ComponentGenerator_Factory           : loaded 2 times (x 75B)
Class com.google.common.cache.LocalCache$Strength$1                                   : loaded 2 times (x 77B)
Class org.objectweb.asm.ModuleVisitor                                                 : loaded 2 times (x 77B)
Class dagger.internal.codegen.DelegateComponentProcessor                              : loaded 2 times (x 68B)
Class dagger.hilt.processor.internal.root.ComponentTreeDepsProcessingStep             : loaded 2 times (x 83B)
Class com.google.common.io.ByteArrayDataInput                                         : loaded 2 times (x 66B)
Class com.google.common.cache.RemovalCause$2                                          : loaded 2 times (x 76B)
Class com.google.common.collect.MapMakerInternalMap$WeakValueReference                : loaded 2 times (x 66B)
Class com.google.common.collect.AbstractRangeSet                                      : loaded 2 times (x 110B)
Class com.google.common.cache.LocalCache                                              : loaded 2 times (x 183B)
Class com.google.common.cache.CacheBuilder$2                                          : loaded 2 times (x 68B)
Class dagger.internal.codegen.binding.ComponentDescriptor                             : loaded 2 times (x 83B)
Class dagger.internal.codegen.processingstep.MultibindingAnnotationsProcessingStep_Factory: loaded 2 times (x 75B)
Class com.google.common.reflect.TypeResolver                                          : loaded 2 times (x 68B)
Class dagger.internal.codegen.writing.AnnotationCreatorGenerator_Factory              : loaded 2 times (x 75B)
Class [Ldagger.internal.codegen.compileroption.ValidationType;                        : loaded 2 times (x 65B)
Class com.google.common.reflect.Types$ClassOwnership$2                                : loaded 2 times (x 76B)
Class dagger.internal.codegen.base.ElementFormatter_Factory$InstanceHolder            : loaded 2 times (x 67B)
Class com.google.common.collect.MapMakerInternalMap$StrongValueEntry                  : loaded 2 times (x 66B)
Class [Lorg.jetbrains.org.objectweb.asm.Attribute;                                    : loaded 2 times (x 65B)
Class dagger.spi.internal.shaded.androidx.room.compiler.processing.XProcessingEnv$Companion: loaded 2 times (x 67B)
Class dagger.spi.internal.shaded.androidx.room.compiler.processing.javac.XTypeElementStore: loaded 2 times (x 68B)
Class dagger.internal.codegen.binding.InjectionSiteFactory_Factory                    : loaded 2 times (x 75B)
Class [Landroidx.room.processor.Context$BooleanProcessorOptions;                      : loaded 2 times (x 65B)
Class dagger.internal.codegen.validation.ModuleValidator$ModuleMethodKind             : loaded 2 times (x 75B)
Class kotlin.annotation.Target                                                        : loaded 2 times (x 66B)
Class dagger.internal.codegen.processingstep.ComponentProcessingStep_Factory          : loaded 2 times (x 75B)
Class com.google.common.cache.RemovalCause$3                                          : loaded 2 times (x 76B)
Class com.google.common.base.AbstractIterator$1                                       : loaded 2 times (x 67B)
Class com.google.common.base.CharMatcher$Digit                                        : loaded 2 times (x 108B)
Class org.gradle.api.GradleException                                                  : loaded 2 times (x 78B)
Class dagger.internal.codegen.binding.Binding                                         : loaded 2 times (x 79B)
Class dagger.internal.codegen.binding.OptionalBindingDeclaration_Factory_Factory      : loaded 2 times (x 75B)
Class org.gradle.internal.service.UnknownServiceException                             : loaded 2 times (x 79B)
Class com.google.common.base.AbstractIterator$State                                   : loaded 2 times (x 75B)
Class com.google.common.cache.LocalCache$LocalLoadingCache                            : loaded 2 times (x 130B)
Class com.google.common.util.concurrent.AbstractFuture$SafeAtomicHelper               : loaded 2 times (x 75B)
Class [Lorg.objectweb.asm.AnnotationVisitor;                                          : loaded 2 times (x 65B)
Class dagger.hilt.processor.internal.originatingelement.OriginatingElementProcessor   : loaded 2 times (x 96B)
Class kotlin.annotation.Retention                                                     : loaded 2 times (x 66B)
Class org.jetbrains.org.objectweb.asm.SymbolTable$Entry                               : loaded 2 times (x 70B)
Class com.google.common.cache.RemovalCause$4                                          : loaded 2 times (x 76B)
Class org.apache.commons.io.StandardLineSeparator                                     : loaded 2 times (x 75B)
Class com.google.common.base.CharMatcher$JavaIsoControl                               : loaded 2 times (x 108B)
Class dagger.internal.codegen.validation.DiagnosticReporterFactory                    : loaded 2 times (x 68B)
Class dagger.internal.codegen.compileroption.ProcessingEnvironmentCompilerOptions     : loaded 2 times (x 91B)
Class com.google.common.reflect.Types$ClassOwnership$1                                : loaded 2 times (x 76B)
Class com.google.common.collect.MapMakerInternalMap$Strength$2                        : loaded 2 times (x 76B)
Class net.ltgt.gradle.incap.IncrementalAnnotationProcessorType                        : loaded 2 times (x 75B)
Class org.gradle.api.internal.ClassPathProvider                                       : loaded 2 times (x 66B)
Class [Landroidx.room.compiler.processing.XProcessingEnv$Platform;                    : loaded 2 times (x 65B)
Class [Lorg.gradle.api.internal.ClassPathProvider;                                    : loaded 2 times (x 65B)
Class com.google.common.collect.Maps$ViewCachingAbstractMap                           : loaded 2 times (x 121B)
Class dagger.hilt.processor.internal.generatesrootinput.GeneratesRootInputProcessingStep: loaded 2 times (x 83B)
Class [Lcom.google.common.base.Function;                                              : loaded 2 times (x 65B)
Class com.google.common.cache.RemovalCause$5                                          : loaded 2 times (x 76B)
Class [Lcom.google.common.collect.MapMakerInternalMap$Strength;                       : loaded 2 times (x 65B)
Class [Lcom.google.common.io.FileWriteMode;                                           : loaded 2 times (x 65B)
Class com.google.common.collect.Maps$AbstractFilteredMap                              : loaded 2 times (x 123B)
Class com.google.common.base.CharMatcher$JavaLowerCase                                : loaded 2 times (x 107B)
Class dagger.internal.codegen.writing.ProducerFactoryGenerator$SingleArgFutureTransform: loaded 2 times (x 74B)
Class dagger.internal.codegen.validation.BindsMethodValidator$Validator               : loaded 2 times (x 76B)
Class [Ldagger.internal.codegen.model.RequestKind;                                    : loaded 2 times (x 65B)
Class dagger.internal.codegen.bindinggraphvalidation.CompositeBindingGraphPlugin_Factory: loaded 2 times (x 68B)
Class dagger.internal.codegen.validation.MembersInjectionValidator_Factory            : loaded 2 times (x 75B)
Class dagger.internal.Preconditions                                                   : loaded 2 times (x 67B)
Class com.google.common.collect.MapMakerInternalMap$Strength$1                        : loaded 2 times (x 76B)
Class [Ldagger.hilt.processor.internal.root.RootType;                                 : loaded 2 times (x 65B)
Class dagger.internal.codegen.processingstep.SuperficialValidator                     : loaded 2 times (x 71B)
Class dagger.internal.codegen.processingstep.AssistedFactoryProcessingStep            : loaded 2 times (x 82B)
Class dagger.hilt.processor.internal.earlyentrypoint.EarlyEntryPointProcessor         : loaded 2 times (x 96B)
Class [Lorg.jetbrains.org.objectweb.asm.Symbol;                                       : loaded 2 times (x 65B)
Class com.google.common.collect.MapMakerInternalMap$StrongKeyDummyValueSegment        : loaded 2 times (x 138B)
Class com.google.common.collect.Iterables$4                                           : loaded 2 times (x 77B)
Class com.google.common.cache.LocalCache$WriteThroughEntry                            : loaded 2 times (x 75B)
Class com.google.common.cache.LocalCache$HashIterator                                 : loaded 2 times (x 82B)
Class com.google.common.io.Files                                                      : loaded 2 times (x 67B)
Class com.google.common.cache.LocalCache$EntryFactory                                 : loaded 2 times (x 79B)
Class dagger.internal.codegen.validation.MembersInjectionValidator                    : loaded 2 times (x 68B)
Class dagger.internal.codegen.binding.KeyFactory_Factory                              : loaded 2 times (x 75B)
Class dagger.internal.codegen.componentgenerator.ComponentGeneratorModule             : loaded 2 times (x 66B)
Class org.gradle.api.internal.DefaultClassPathProvider                                : loaded 2 times (x 72B)
Class com.google.common.base.Splitter                                                 : loaded 2 times (x 68B)
Class androidx.room.processor.Context$ProcessorOptions                                : loaded 2 times (x 75B)
Class org.objectweb.asm.AnnotationVisitor                                             : loaded 2 times (x 74B)
Class com.google.common.collect.ImmutableSet$SerializedForm                           : loaded 2 times (x 69B)
Class com.google.common.collect.Iterators$EmptyModifiableIterator                     : loaded 2 times (x 82B)
Class [Lcom.google.common.collect.MapMaker$Dummy;                                     : loaded 2 times (x 65B)
Class com.google.common.reflect.Types$NativeTypeVariableEquals                        : loaded 2 times (x 67B)
Class com.google.common.reflect.TypeParameter                                         : loaded 2 times (x 68B)
Class com.google.common.collect.Iterables$5                                           : loaded 2 times (x 77B)
Class com.google.common.cache.LocalCache$AbstractReferenceEntry                       : loaded 2 times (x 103B)
Class com.google.common.base.Splitter$1$1                                             : loaded 2 times (x 82B)
Class com.google.common.base.CharMatcher$Whitespace                                   : loaded 2 times (x 108B)
Class org.gradle.internal.IoActions                                                   : loaded 2 times (x 67B)
Class dagger.internal.codegen.writing.InaccessibleMapKeyProxyGenerator_Factory        : loaded 2 times (x 75B)
Class dagger.internal.codegen.model.BindingGraph$Node                                 : loaded 2 times (x 66B)
Class androidx.room.compiler.processing.javac.JavacProcessingEnv$messager$2           : loaded 2 times (x 75B)
Class dagger.internal.codegen.DelegateComponentProcessor$Injector$Factory             : loaded 2 times (x 66B)
Class dagger.hilt.processor.internal.ProcessorErrorHandler                            : loaded 2 times (x 68B)
Class com.google.common.collect.ImmutableMap$MapViewOfValuesAsSingletonSets$1$1       : loaded 2 times (x 79B)
Class [Ldagger.spi.internal.shaded.androidx.room.compiler.processing.XProcessingEnv$Backend;: loaded 2 times (x 65B)
Class dagger.internal.codegen.binding.ComponentDescriptor$Factory                     : loaded 2 times (x 71B)
Class dagger.spi.model.BindingGraph$Edge                                              : loaded 2 times (x 66B)
Class com.google.common.collect.ImmutableRangeSet                                     : loaded 2 times (x 111B)
Class com.google.common.collect.AbstractIterator$1                                    : loaded 2 times (x 67B)
Class org.apache.commons.io.output.StringBuilderWriter                                : loaded 2 times (x 96B)
Class [Lorg.apache.commons.io.StandardLineSeparator;                                  : loaded 2 times (x 65B)
Class dagger.internal.codegen.validation.InjectBindingRegistryImpl$BindingsCollection : loaded 2 times (x 68B)
Class org.jetbrains.org.objectweb.asm.Attribute                                       : loaded 2 times (x 71B)
Class org.jetbrains.org.objectweb.asm.Label                                           : loaded 2 times (x 68B)
Class com.google.common.collect.ImmutableRangeSet$ComplementRanges                    : loaded 2 times (x 203B)
Class org.objectweb.asm.SymbolTable                                                   : loaded 2 times (x 68B)
Class com.google.common.cache.CacheLoader$InvalidCacheLoadException                   : loaded 2 times (x 78B)
Class com.google.common.base.CharMatcher$SingleWidth                                  : loaded 2 times (x 108B)
Class org.gradle.internal.classloader.SystemClassLoaderSpec                           : loaded 2 times (x 67B)
Class dagger.spi.model.DaggerProcessingEnv                                            : loaded 2 times (x 71B)
Class dagger.spi.internal.shaded.androidx.room.compiler.processing.XType              : loaded 2 times (x 66B)
Class [Ldagger.internal.codegen.compileroption.ProcessingEnvironmentCompilerOptions$Feature;: loaded 2 times (x 65B)
Class dagger.internal.codegen.bindinggraphvalidation.ProvisionDependencyOnProducerBindingValidator_Factory: loaded 2 times (x 74B)
Class dagger.internal.codegen.DaggerDelegateComponentProcessor_Injector$InjectorImpl  : loaded 2 times (x 71B)
Class dagger.spi.internal.shaded.androidx.room.compiler.processing.javac.JavacProcessingEnv$messager$2: loaded 2 times (x 75B)
Class [Ldagger.internal.codegen.base.ClearableCache;                                  : loaded 2 times (x 65B)
Class org.gradle.api.internal.classpath.EffectiveClassPath                            : loaded 2 times (x 86B)
Class org.jetbrains.org.objectweb.asm.ClassReader                                     : loaded 2 times (x 87B)
Class dagger.hilt.android.processor.internal.customtestapplication.CustomTestApplicationProcessor: loaded 2 times (x 96B)
Class kotlin.collections.EmptyMap                                                     : loaded 2 times (x 105B)
Class org.jetbrains.org.objectweb.asm.Frame                                           : loaded 2 times (x 69B)
Class com.google.common.collect.FluentIterable                                        : loaded 2 times (x 77B)
Class com.google.common.cache.LocalCache$StrongEntry                                  : loaded 2 times (x 104B)
Class com.google.common.util.concurrent.AbstractFuture$TrustedFuture                  : loaded 2 times (x 110B)
Class com.google.common.cache.LoadingCache                                            : loaded 2 times (x 66B)
Class dagger.internal.codegen.binding.AutoValue_ComponentDescriptor                   : loaded 2 times (x 86B)
Class dagger.internal.codegen.validation.MapKeyValidator                              : loaded 2 times (x 68B)
Class dagger.internal.codegen.processingstep.AssistedInjectProcessingStep             : loaded 2 times (x 82B)
Class dagger.internal.codegen.base.ElementFormatter_Factory                           : loaded 2 times (x 74B)
Class dagger.internal.DoubleCheck                                                     : loaded 2 times (x 76B)
Class dagger.internal.codegen.bindinggraphvalidation.IncompatiblyScopedBindingsValidator: loaded 2 times (x 81B)
Class dagger.hilt.processor.internal.HiltCompilerOptions                              : loaded 2 times (x 67B)
Class dagger.internal.codegen.bindinggraphvalidation.MissingBindingValidator          : loaded 2 times (x 81B)
Class androidx.room.util.SimpleJavaVersion$Companion                                  : loaded 2 times (x 67B)
Class androidx.room.compiler.processing.XProcessingEnvConfig$Companion                : loaded 2 times (x 67B)
Class dagger.internal.codegen.validation.ComponentDescriptorValidator                 : loaded 2 times (x 68B)
Class dagger.internal.codegen.base.ComponentCreatorAnnotation                         : loaded 2 times (x 75B)
Class androidx.room.compiler.processing.XProcessingEnvConfig                          : loaded 2 times (x 67B)
Class org.gradle.internal.classloader.ClassLoaderVisitor                              : loaded 2 times (x 72B)
Class com.google.common.io.ByteStreams$LimitedInputStream                             : loaded 2 times (x 88B)
Class org.objectweb.asm.MethodWriter                                                  : loaded 2 times (x 102B)
Class [Lcom.google.common.cache.Weigher;                                              : loaded 2 times (x 65B)
Class dagger.internal.codegen.model.BindingGraph$Edge                                 : loaded 2 times (x 66B)
Class com.google.common.graph.Network                                                 : loaded 2 times (x 66B)
Class dagger.internal.codegen.validation.BindsInstanceParameterValidator              : loaded 2 times (x 74B)
Class [Ldagger.internal.codegen.validation.BindingElementValidator$AllowsMultibindings;: loaded 2 times (x 65B)
Class com.google.common.base.CharMatcher$None                                         : loaded 2 times (x 108B)
Class dagger.spi.internal.shaded.androidx.room.compiler.processing.javac.JavacProcessingEnvMessager: loaded 2 times (x 69B)
Class [Lcom.google.common.collect.AbstractIterator$State;                             : loaded 2 times (x 65B)
Class com.google.common.io.ByteSource$ConcatenatedByteSource                          : loaded 2 times (x 81B)
Class kotlin.text.Charsets                                                            : loaded 2 times (x 67B)
Class com.google.common.collect.AbstractMapBasedMultimap$RandomAccessWrappedList      : loaded 2 times (x 201B)
Class dagger.internal.codegen.model.Binding                                           : loaded 2 times (x 66B)
Class dagger.internal.codegen.binding.InjectBindingRegistry                           : loaded 2 times (x 66B)
Class org.apache.commons.io.file.PathUtils                                            : loaded 2 times (x 67B)
Class org.jetbrains.org.objectweb.asm.ClassVisitor                                    : loaded 2 times (x 83B)
Class dagger.spi.model.BindingGraph$Node                                              : loaded 2 times (x 66B)
Class org.gradle.internal.classloader.DefaultClassLoaderFactory                       : loaded 2 times (x 78B)
Class [Ldagger.internal.codegen.compileroption.FeatureStatus;                         : loaded 2 times (x 65B)
Class dagger.internal.codegen.validation.BindingMethodValidatorsModule_IndexValidatorsFactory: loaded 2 times (x 75B)
Class [Lcom.google.common.cache.CacheBuilder$OneWeigher;                              : loaded 2 times (x 65B)
Class androidx.room.compiler.processing.javac.JavacProcessingEnv$typeElementStore$1   : loaded 2 times (x 75B)
Class androidx.room.DatabaseProcessingStep                                            : loaded 2 times (x 75B)
Class org.objectweb.asm.MethodTooLargeException                                       : loaded 2 times (x 79B)
Class androidx.room.compiler.processing.XProcessingEnv$Companion                      : loaded 2 times (x 67B)
Class dagger.hilt.processor.internal.definecomponent.DefineComponentProcessor         : loaded 2 times (x 96B)
Class com.google.common.reflect.Types$JavaVersion$1                                   : loaded 2 times (x 79B)
Class com.google.common.collect.AbstractIterator$State                                : loaded 2 times (x 75B)
Class com.google.common.cache.LocalCache$ValueReference                               : loaded 2 times (x 66B)
Class dagger.internal.codegen.validation.MapKeyValidator_Factory                      : loaded 2 times (x 75B)
Class dagger.internal.codegen.binding.ComponentDescriptor_Factory_Factory             : loaded 2 times (x 75B)
Class com.google.common.base.Platform$JdkPatternCompiler                              : loaded 2 times (x 71B)
Class com.google.common.collect.MapMakerInternalMap$Strength                          : loaded 2 times (x 76B)
Class com.google.common.collect.MapMakerInternalMap$StrongKeyDummyValueEntry$LinkedStrongKeyDummyValueEntry: loaded 2 times (x 78B)
Class kotlin.io.LinesSequence                                                         : loaded 2 times (x 71B)
Class androidx.room.compiler.processing.javac.JavacProcessingEnv$typeElementStore$2   : loaded 2 times (x 74B)
Class androidx.room.util.SimpleJavaVersion$compareTo$$inlined$thenBy$2                : loaded 2 times (x 86B)
Class org.jetbrains.org.objectweb.asm.Opcodes                                         : loaded 2 times (x 66B)
Class [Lorg.jetbrains.org.objectweb.asm.AnnotationVisitor;                            : loaded 2 times (x 65B)
Class com.google.common.reflect.Types$JavaVersion$2                                   : loaded 2 times (x 79B)
Class com.google.common.reflect.Types                                                 : loaded 2 times (x 67B)
Class com.google.common.hash.PrimitiveSink                                            : loaded 2 times (x 66B)
Class com.google.common.base.PatternCompiler                                          : loaded 2 times (x 66B)
Class com.google.common.util.concurrent.AbstractFuture$Failure                        : loaded 2 times (x 68B)
Class com.google.common.base.Equivalence$Equals                                       : loaded 2 times (x 78B)
Class dagger.internal.codegen.binding.DelegateDeclaration$Factory                     : loaded 2 times (x 68B)
Class dagger.internal.codegen.binding.MonitoringModules                               : loaded 2 times (x 71B)
Class dagger.internal.codegen.compileroption.CompilerOptions                          : loaded 2 times (x 90B)
Class dagger.spi.internal.shaded.androidx.room.compiler.processing.XVariableElement   : loaded 2 times (x 66B)
Class [Ldagger.internal.codegen.compileroption.ProcessingEnvironmentCompilerOptions$Validation;: loaded 2 times (x 65B)
Class com.google.common.graph.PredecessorsFunction                                    : loaded 2 times (x 66B)
Class dagger.internal.codegen.processingstep.ModuleProcessingStep_Factory             : loaded 2 times (x 75B)
Class dagger.internal.codegen.binding.DependencyRequestFactory_Factory                : loaded 2 times (x 75B)
Class dagger.internal.codegen.ProcessingEnvironmentModule_ProcessingOptionsFactory    : loaded 2 times (x 75B)
Class dagger.internal.codegen.kotlin.KotlinMetadataUtil_Factory                       : loaded 2 times (x 75B)
Class org.objectweb.asm.ClassVisitor                                                  : loaded 2 times (x 84B)
Class [Lorg.objectweb.asm.Symbol;                                                     : loaded 2 times (x 65B)
Class com.google.common.reflect.TypeCapture                                           : loaded 2 times (x 67B)
Class androidx.room.compiler.processing.javac.JavacProcessingEnv$typeElementStore$3   : loaded 2 times (x 75B)
Class com.google.common.collect.TransformedListIterator                               : loaded 2 times (x 89B)
Class com.google.common.cache.LocalCache$Values                                       : loaded 2 times (x 114B)
Class [Lorg.apache.commons.io.file.DeleteOption;                                      : loaded 2 times (x 65B)
Class com.google.common.reflect.Types$JavaVersion$3                                   : loaded 2 times (x 79B)
Class com.google.common.io.CharSink                                                   : loaded 2 times (x 75B)
Class org.objectweb.asm.Label                                                         : loaded 2 times (x 69B)
Class org.objectweb.asm.CurrentFrame                                                  : loaded 2 times (x 69B)
Class org.objectweb.asm.ClassTooLargeException                                        : loaded 2 times (x 79B)
Class kotlin.sequences.TransformingSequence                                           : loaded 2 times (x 71B)
Class dagger.internal.codegen.base.DaggerSuperficialValidation$ValidationException    : loaded 2 times (x 79B)
Class androidx.room.compiler.processing.XProcessingEnv$Backend                        : loaded 2 times (x 75B)
Class androidx.room.compiler.processing.javac.XTypeElementStore                       : loaded 2 times (x 68B)
Class dagger.internal.codegen.compileroption.ProcessingEnvironmentCompilerOptions$Feature: loaded 2 times (x 86B)
Class androidx.room.util.SimpleJavaVersion$compareTo$$inlined$thenBy$1                : loaded 2 times (x 86B)
Class com.google.common.collect.CompactHashing                                        : loaded 2 times (x 67B)
Class org.jetbrains.org.objectweb.asm.RecordComponentWriter                           : loaded 2 times (x 74B)
Class com.google.common.collect.MapMakerInternalMap$InternalEntryHelper               : loaded 2 times (x 66B)
Class com.google.common.collect.Table                                                 : loaded 2 times (x 66B)
Class com.google.common.reflect.Types$JavaVersion$4                                   : loaded 2 times (x 79B)
Class com.google.common.io.ByteSource$AsCharSource                                    : loaded 2 times (x 82B)
Class com.google.common.collect.Maps$IteratorBasedAbstractMap                         : loaded 2 times (x 121B)
Class com.google.common.collect.RangeGwtSerializationDependencies                     : loaded 2 times (x 67B)
Class org.objectweb.asm.Frame                                                         : loaded 2 times (x 69B)
Class org.objectweb.asm.MethodVisitor                                                 : loaded 2 times (x 101B)
Class com.google.common.cache.LocalCache$EntryFactory$1                               : loaded 2 times (x 79B)
Class [Lcom.google.common.cache.RemovalListener;                                      : loaded 2 times (x 65B)
Class dagger.internal.codegen.base.DaggerSuperficialValidation$ValidationException$KnownErrorType: loaded 2 times (x 79B)
Class com.google.common.io.ByteArrayDataOutput                                        : loaded 2 times (x 66B)
Class dagger.internal.codegen.writing.MembersInjectorGenerator_Factory                : loaded 2 times (x 75B)
Class dagger.internal.codegen.validation.AnyBindingMethodValidator                    : loaded 2 times (x 71B)
Class org.gradle.api.internal.classpath.ManifestUtil                                  : loaded 2 times (x 67B)
Class androidx.room.compiler.processing.javac.JavacBasicAnnotationProcessor$xEnv$2    : loaded 2 times (x 75B)
Class org.jetbrains.org.objectweb.asm.MethodWriter                                    : loaded 2 times (x 101B)
Class com.google.common.reflect.Types$JavaVersion$5                                   : loaded 2 times (x 67B)
Class [Lcom.google.common.reflect.Types$ClassOwnership;                               : loaded 2 times (x 65B)
Class com.google.common.collect.RangeSet                                              : loaded 2 times (x 66B)
Class com.google.common.cache.LocalCache$EntryFactory$2                               : loaded 2 times (x 79B)
Class org.gradle.api.internal.classpath.GlobalCacheRootsProvider                      : loaded 2 times (x 66B)
Class dagger.internal.codegen.processingstep.ProcessingStepsModule                    : loaded 2 times (x 66B)
Class dagger.internal.codegen.validation.ValidationBindingGraphPlugins                : loaded 2 times (x 68B)
Class dagger.internal.codegen.DelegateComponentProcessor_SourceFileGeneratorsModule_MembersInjectorGeneratorFactory: loaded 2 times (x 75B)
Class dagger.internal.codegen.base.DaggerSuperficialValidation                        : loaded 2 times (x 68B)
Class com.google.common.util.concurrent.ExecutionError                                : loaded 2 times (x 78B)
Class dagger.internal.codegen.binding.BindingFactory_Factory                          : loaded 2 times (x 75B)
Class com.google.common.collect.AbstractMapBasedMultimap$WrappedCollection            : loaded 2 times (x 120B)
Class com.google.common.collect.ImmutableBiMap$SerializedForm                         : loaded 2 times (x 71B)
Class [Lcom.google.common.cache.RemovalCause;                                         : loaded 2 times (x 65B)
Class androidx.room.compiler.processing.XProcessingStep                               : loaded 2 times (x 66B)
Class dagger.hilt.android.processor.internal.customtestapplication.CustomTestApplicationProcessingStep: loaded 2 times (x 83B)
Class dagger.spi.internal.shaded.androidx.room.compiler.processing.XAnnotated         : loaded 2 times (x 66B)
Class com.google.common.collect.Multimaps                                             : loaded 2 times (x 67B)
Class com.google.common.collect.CollectCollectors                                     : loaded 2 times (x 67B)
Class org.objectweb.asm.ModuleWriter                                                  : loaded 2 times (x 78B)
Class com.google.common.cache.LocalCache$EntryFactory$3                               : loaded 2 times (x 79B)
Class com.google.common.base.Ticker$1                                                 : loaded 2 times (x 68B)
Class dagger.internal.codegen.validation.ComponentCreatorValidator                    : loaded 2 times (x 71B)
Class dagger.internal.codegen.binding.OptionalBindingDeclaration                      : loaded 2 times (x 70B)
Class dagger.internal.codegen.binding.$AutoValue_MultibindingDeclaration              : loaded 2 times (x 75B)
Class dagger.internal.codegen.binding.BindsTypeChecker                                : loaded 2 times (x 68B)
Class dagger.internal.codegen.validation.BindingElementValidator                      : loaded 2 times (x 74B)
Class dagger.internal.codegen.binding.SubcomponentDeclaration_Factory_Factory         : loaded 2 times (x 75B)
Class dagger.internal.codegen.bindinggraphvalidation.DependencyCycleValidator_Factory : loaded 2 times (x 75B)
Class dagger.internal.codegen.model.AutoValue_DaggerProcessingEnv                     : loaded 2 times (x 71B)
Class [Lkotlin.jvm.functions.Function1;                                               : loaded 2 times (x 65B)
Class org.jetbrains.org.objectweb.asm.RecordComponentVisitor                          : loaded 2 times (x 73B)
Class com.google.common.collect.CollectSpliterators$1                                 : loaded 2 times (x 86B)
Class com.google.common.cache.LocalCache$EntryFactory$4                               : loaded 2 times (x 79B)
Class dagger.internal.codegen.validation.SpiModelBindingGraphConverter$DiagnosticReporterImpl: loaded 2 times (x 72B)
Class org.gradle.internal.classloader.ClassLoaderHierarchy                            : loaded 2 times (x 66B)
Class [Lcom.google.common.base.AbstractIterator$State;                                : loaded 2 times (x 65B)
Class org.jetbrains.org.objectweb.asm.MethodTooLargeException                         : loaded 2 times (x 79B)
Class org.jetbrains.org.objectweb.asm.Context                                         : loaded 2 times (x 68B)
Class com.google.common.io.ByteStreams$1                                              : loaded 2 times (x 81B)
Class com.google.common.cache.LocalCache$EntryFactory$5                               : loaded 2 times (x 79B)
Class dagger.internal.codegen.kotlin.KotlinMetadataFactory_Factory                    : loaded 2 times (x 74B)
Class dagger.internal.InstanceFactory                                                 : loaded 2 times (x 78B)
Class dagger.hilt.processor.internal.ClassNames                                       : loaded 2 times (x 67B)
Class dagger.spi.internal.shaded.androidx.room.compiler.processing.XProcessingEnv$Backend: loaded 2 times (x 75B)
Class com.google.common.collect.SortedSetMultimap                                     : loaded 2 times (x 66B)
Class com.google.common.io.FileWriteMode                                              : loaded 2 times (x 75B)
Class [Lcom.google.common.collect.MapMakerInternalMap$Segment;                        : loaded 2 times (x 65B)
Class com.google.common.cache.LocalCache$ValueIterator                                : loaded 2 times (x 82B)
Class androidx.room.compiler.processing.javac.JavacProcessingEnv$Companion            : loaded 2 times (x 67B)
Class androidx.room.compiler.processing.XProcessingEnv                                : loaded 2 times (x 66B)
Class org.jetbrains.org.objectweb.asm.CurrentFrame                                    : loaded 2 times (x 69B)
Class kotlin.jvm.internal.CollectionToArray                                           : loaded 2 times (x 67B)
Class org.apache.commons.io.output.AppendableWriter                                   : loaded 2 times (x 96B)
Class com.google.common.cache.LocalCache$EntryFactory$6                               : loaded 2 times (x 79B)
Class org.gradle.internal.installation.CurrentGradleInstallationLocator               : loaded 2 times (x 67B)
Class dagger.internal.codegen.validation.ComponentHierarchyValidator                  : loaded 2 times (x 68B)
Class dagger.internal.codegen.writing.ProducerFactoryGenerator$MultiArgFutureTransform: loaded 2 times (x 74B)
Class dagger.internal.codegen.validation.BindsInstanceMethodValidator$Validator       : loaded 2 times (x 73B)
Class org.jetbrains.org.objectweb.asm.TypeReference                                   : loaded 2 times (x 76B)
Class dagger.internal.codegen.binding.BindingGraphConverter_Factory                   : loaded 2 times (x 75B)
Class dagger.internal.codegen.bindinggraphvalidation.NullableBindingValidator_Factory : loaded 2 times (x 75B)
Class dagger.internal.codegen.compileroption.ProcessingEnvironmentCompilerOptions$EnumOption: loaded 2 times (x 66B)
Class dagger.hilt.processor.internal.aggregateddeps.AggregatedDepsProcessingStep      : loaded 2 times (x 83B)
Class dagger.spi.internal.shaded.androidx.room.compiler.processing.XProcessingEnvConfig$Builder: loaded 2 times (x 68B)
Class dagger.internal.codegen.compileroption.ProcessingEnvironmentCompilerOptions$Validation$1: loaded 2 times (x 89B)
Class org.objectweb.asm.ClassReader                                                   : loaded 2 times (x 89B)
Class org.apache.commons.io.output.ThresholdingOutputStream                           : loaded 2 times (x 90B)
Class com.google.common.io.ByteSource$SlicedByteSource                                : loaded 2 times (x 81B)
Class com.google.common.collect.Maps$KeySet                                           : loaded 2 times (x 133B)
Class com.google.common.cache.LocalCache$EntryFactory$7                               : loaded 2 times (x 79B)
Class org.gradle.internal.service.DefaultServiceLocator                               : loaded 2 times (x 79B)
Class dagger.internal.codegen.processingstep.ModuleProcessingStep                     : loaded 2 times (x 82B)
Class dagger.internal.codegen.bindinggraphvalidation.InjectBindingValidator           : loaded 2 times (x 81B)
Class dagger.internal.codegen.processingstep.AssistedProcessingStep                   : loaded 2 times (x 82B)
Class dagger.internal.codegen.validation.BindingMethodValidator$ExceptionSuperclass   : loaded 2 times (x 77B)
Class dagger.internal.codegen.componentgenerator.TopLevelImplementationComponent$Factory: loaded 2 times (x 66B)
Class dagger.internal.codegen.validation.BindsInstanceParameterValidator$Validator    : loaded 2 times (x 73B)
Class dagger.internal.codegen.binding.$AutoValue_OptionalBindingDeclaration           : loaded 2 times (x 71B)
Class dagger.internal.codegen.bindinggraphvalidation.DuplicateBindingsValidator       : loaded 2 times (x 81B)
Class dagger.internal.codegen.processingstep.ComponentProcessingStep                  : loaded 2 times (x 82B)
Class org.jetbrains.org.objectweb.asm.SymbolTable                                     : loaded 2 times (x 68B)
Class com.google.common.collect.Maps$EntrySet                                         : loaded 2 times (x 132B)
Class com.google.common.cache.LocalCache$EntryFactory$8                               : loaded 2 times (x 79B)
Class org.gradle.internal.installation.CurrentGradleInstallation                      : loaded 2 times (x 69B)
Class dagger.internal.codegen.base.ComponentAnnotation                                : loaded 2 times (x 72B)
Class dagger.internal.codegen.componentgenerator.ComponentHjarGenerator               : loaded 2 times (x 73B)
Class org.gradle.internal.classloader.FilteringClassLoader                            : loaded 2 times (x 101B)
Class com.google.common.base.Equivalence$Identity                                     : loaded 2 times (x 78B)
Class org.jetbrains.org.objectweb.asm.ModuleWriter                                    : loaded 2 times (x 77B)
Class com.google.common.cache.CacheLoader$1                                           : loaded 2 times (x 71B)
Class com.google.common.collect.ForwardingObject                                      : loaded 2 times (x 68B)
Class org.gradle.util.internal.GUtil                                                  : loaded 2 times (x 67B)
Class dagger.internal.codegen.bindinggraphvalidation.SetMultibindingValidator         : loaded 2 times (x 81B)
Class dagger.internal.codegen.processingstep.MonitoringModuleGenerator                : loaded 2 times (x 73B)
Class dagger.internal.codegen.binding.ContributionBinding                             : loaded 2 times (x 86B)
Class com.google.common.collect.CompactHashSet                                        : loaded 2 times (x 146B)
Class dagger.spi.internal.shaded.androidx.room.compiler.processing.javac.JavacFiler   : loaded 2 times (x 74B)
Class com.google.common.base.PairwiseEquivalence                                      : loaded 2 times (x 79B)
Class androidx.room.compiler.processing.javac.JavacFiler                              : loaded 2 times (x 74B)
Class com.google.common.io.LineReader                                                 : loaded 2 times (x 68B)
Class kotlin.io.TextStreamsKt                                                         : loaded 2 times (x 67B)
Class [Lorg.jetbrains.org.objectweb.asm.Label;                                        : loaded 2 times (x 65B)
Class com.google.common.io.ByteSource                                                 : loaded 2 times (x 80B)
Class com.google.common.util.concurrent.AbstractFuture$SetFuture                      : loaded 2 times (x 71B)
Class com.google.common.cache.AbstractCache$StatsCounter                              : loaded 2 times (x 66B)
Class dagger.internal.codegen.validation.ModuleValidator                              : loaded 2 times (x 68B)
Class dagger.internal.codegen.kotlin.KotlinMetadataFactory                            : loaded 2 times (x 71B)
Class dagger.hilt.processor.internal.uninstallmodules.UninstallModulesProcessor       : loaded 2 times (x 96B)
Class dagger.internal.codegen.validation.ValidationBindingGraphPlugins_Factory        : loaded 2 times (x 75B)
Class dagger.internal.codegen.validation.InjectValidator                              : loaded 2 times (x 71B)
Class org.objectweb.asm.Context                                                       : loaded 2 times (x 68B)
Class com.google.common.collect.MapMakerInternalMap$1                                 : loaded 2 times (x 79B)
Class com.google.common.io.LineBuffer                                                 : loaded 2 times (x 71B)
Class com.google.common.reflect.Types$TypeVariableImpl                                : loaded 2 times (x 68B)
Class org.gradle.internal.installation.GradleInstallation                             : loaded 2 times (x 71B)
Class dagger.internal.codegen.binding.ProductionBinding$Builder                       : loaded 2 times (x 86B)
Class dagger.internal.codegen.compileroption.FeatureStatus                            : loaded 2 times (x 75B)
Class dagger.internal.codegen.DelegateComponentProcessor$Injector                     : loaded 2 times (x 66B)
Class dagger.internal.codegen.validation.InjectBindingRegistryImpl                    : loaded 2 times (x 77B)
Class kotlin.collections.CollectionsKt__IteratorsJVMKt$iterator$1                     : loaded 2 times (x 75B)
Class com.google.common.collect.Iterables                                             : loaded 2 times (x 67B)
Class com.google.common.base.Splitter$Strategy                                        : loaded 2 times (x 66B)
Class [Ldagger.internal.codegen.validation.BindingMethodValidator$ExceptionSuperclass;: loaded 2 times (x 65B)
Class dagger.internal.codegen.validation.BindsMethodValidator_Factory                 : loaded 2 times (x 75B)
Class dagger.internal.codegen.binding.AutoValue_ModuleDescriptor                      : loaded 2 times (x 82B)
Class dagger.hilt.processor.internal.root.ComponentTreeDepsProcessor                  : loaded 2 times (x 96B)
Class dagger.internal.codegen.writing.ProducerFactoryGenerator_Factory                : loaded 2 times (x 75B)

---------------  S Y S T E M  ---------------

OS:
 Windows 10 , 64 bit Build 19041 (10.0.19041.1889)
OS uptime: 14 days 15:07 hours

CPU: total 8 (initial active 8) (4 cores per cpu, 2 threads per core) family 6 model 60 stepping 3 microcode 0x27, cx8, cmov, fxsr, ht, mmx, sse, sse2, sse3, ssse3, sse4.1, sse4.2, popcnt, lzcnt, tsc, tscinvbit, avx, avx2, aes, erms, clmul, bmi1, bmi2, fma, vzeroupper, clflush, rdtscp, f16c
Processor Information for all 8 processors :
  Max Mhz: 2701, Current Mhz: 2701, Mhz Limit: 2701

Memory: 4k page, system-wide physical 8089M (489M free)
TotalPageFile size 22649M (AvailPageFile size 240M)
current process WorkingSet (physical memory assigned to process): 434M, peak: 1595M
current process commit charge ("private bytes"): 1294M, peak: 1890M

vm_info: OpenJDK 64-Bit Server VM (21.0.4+-12508038-b607.1) for windows-amd64 JRE (21.0.4+-12508038-b607.1), built on 2024-10-16T17:23:34Z by "builder" with MS VC++ 16.10 / 16.11 (VS2019)

END.
